2025-12-16 18:30:23.008 +03:00 [DBG] Registered model binder providers, in the following order: ["Microsoft.AspNetCore.Mvc.ModelBinding.Binders.BinderTypeModelBinderProvider","Microsoft.AspNetCore.Mvc.ModelBinding.Binders.ServicesModelBinderProvider","Microsoft.AspNetCore.Mvc.ModelBinding.Binders.BodyModelBinderProvider","Microsoft.AspNetCore.Mvc.ModelBinding.Binders.HeaderModelBinderProvider","Microsoft.AspNetCore.Mvc.ModelBinding.Binders.FloatingPointTypeModelBinderProvider","Microsoft.AspNetCore.Mvc.ModelBinding.Binders.EnumTypeModelBinderProvider","Microsoft.AspNetCore.Mvc.ModelBinding.Binders.DateTimeModelBinderProvider","Microsoft.AspNetCore.Mvc.ModelBinding.Binders.SimpleTypeModelBinderProvider","Microsoft.AspNetCore.Mvc.ModelBinding.Binders.TryParseModelBinderProvider","Microsoft.AspNetCore.Mvc.ModelBinding.Binders.CancellationTokenModelBinderProvider","Microsoft.AspNetCore.Mvc.ModelBinding.Binders.ByteArrayModelBinderProvider","Microsoft.AspNetCore.Mvc.ModelBinding.Binders.FormFileModelBinderProvider","Microsoft.AspNetCore.Mvc.ModelBinding.Binders.FormCollectionModelBinderProvider","Microsoft.AspNetCore.Mvc.ModelBinding.Binders.KeyValuePairModelBinderProvider","Microsoft.AspNetCore.Mvc.ModelBinding.Binders.DictionaryModelBinderProvider","Microsoft.AspNetCore.Mvc.ModelBinding.Binders.ArrayModelBinderProvider","Microsoft.AspNetCore.Mvc.ModelBinding.Binders.CollectionModelBinderProvider","Microsoft.AspNetCore.Mvc.ModelBinding.Binders.ComplexObjectModelBinderProvider"]
2025-12-16 18:30:23.342 +03:00 [DBG] An 'IServiceProvider' was created for internal use by Entity Framework.
2025-12-16 18:30:23.746 +03:00 [DBG] The index {'UserId'} was not created on entity type 'UserOperationClaim' as the properties are already covered by the index {'UserId', 'OperationClaimId'}.
2025-12-16 18:30:23.964 +03:00 [DBG] Entity Framework Core 8.0.17 initialized 'AuthDbContext' using provider 'Npgsql.EntityFrameworkCore.PostgreSQL:8.0.10+18d07c54eacaffa5bf8128d47eecdb5255d86376' with options: None
2025-12-16 18:30:23.976 +03:00 [DBG] Creating DbConnection.
2025-12-16 18:30:24.012 +03:00 [DBG] Created DbConnection. (35ms).
2025-12-16 18:30:24.020 +03:00 [DBG] Opening connection to database 'AuthServiceDb_Dev' on server 'tcp://localhost:5432'.
2025-12-16 18:30:24.188 +03:00 [DBG] Opened connection to database 'AuthServiceDb_Dev' on server 'tcp://localhost:5432'.
2025-12-16 18:30:24.190 +03:00 [DBG] Closing connection to database 'AuthServiceDb_Dev' on server 'tcp://localhost:5432'.
2025-12-16 18:30:24.198 +03:00 [DBG] Closed connection to database 'AuthServiceDb_Dev' on server 'tcp://localhost:5432' (4ms).
2025-12-16 18:30:24.203 +03:00 [DBG] Creating DbCommand for 'ExecuteScalar'.
2025-12-16 18:30:24.209 +03:00 [DBG] Created DbCommand for 'ExecuteScalar' (4ms).
2025-12-16 18:30:24.211 +03:00 [DBG] Initialized DbCommand for 'ExecuteScalar' (8ms).
2025-12-16 18:30:24.212 +03:00 [DBG] Opening connection to database 'AuthServiceDb_Dev' on server 'tcp://localhost:5432'.
2025-12-16 18:30:24.268 +03:00 [DBG] Opened connection to database 'AuthServiceDb_Dev' on server 'tcp://localhost:5432'.
2025-12-16 18:30:24.276 +03:00 [DBG] Executing DbCommand [Parameters=[], CommandType='"Text"', CommandTimeout='30']
SELECT EXISTS (
    SELECT 1 FROM pg_catalog.pg_class c
    JOIN pg_catalog.pg_namespace n ON n.oid=c.relnamespace
    WHERE n.nspname='public' AND
          c.relname='__EFMigrationsHistory'
)
2025-12-16 18:30:24.324 +03:00 [INF] Executed DbCommand (47ms) [Parameters=[], CommandType='"Text"', CommandTimeout='30']
SELECT EXISTS (
    SELECT 1 FROM pg_catalog.pg_class c
    JOIN pg_catalog.pg_namespace n ON n.oid=c.relnamespace
    WHERE n.nspname='public' AND
          c.relname='__EFMigrationsHistory'
)
2025-12-16 18:30:24.326 +03:00 [DBG] Closing connection to database 'AuthServiceDb_Dev' on server 'tcp://localhost:5432'.
2025-12-16 18:30:24.328 +03:00 [DBG] Closed connection to database 'AuthServiceDb_Dev' on server 'tcp://localhost:5432' (1ms).
2025-12-16 18:30:24.337 +03:00 [DBG] Opening connection to database 'AuthServiceDb_Dev' on server 'tcp://localhost:5432'.
2025-12-16 18:30:24.339 +03:00 [DBG] Opened connection to database 'AuthServiceDb_Dev' on server 'tcp://localhost:5432'.
2025-12-16 18:30:24.340 +03:00 [DBG] Creating DbCommand for 'ExecuteReader'.
2025-12-16 18:30:24.340 +03:00 [DBG] Created DbCommand for 'ExecuteReader' (0ms).
2025-12-16 18:30:24.341 +03:00 [DBG] Initialized DbCommand for 'ExecuteReader' (1ms).
2025-12-16 18:30:24.342 +03:00 [DBG] Executing DbCommand [Parameters=[], CommandType='"Text"', CommandTimeout='30']
SELECT "MigrationId", "ProductVersion"
FROM "__EFMigrationsHistory"
ORDER BY "MigrationId";
2025-12-16 18:30:24.347 +03:00 [INF] Executed DbCommand (5ms) [Parameters=[], CommandType='"Text"', CommandTimeout='30']
SELECT "MigrationId", "ProductVersion"
FROM "__EFMigrationsHistory"
ORDER BY "MigrationId";
2025-12-16 18:30:24.354 +03:00 [DBG] Closing data reader to 'AuthServiceDb_Dev' on server 'tcp://localhost:5432'.
2025-12-16 18:30:24.356 +03:00 [DBG] A data reader for 'AuthServiceDb_Dev' on server 'tcp://localhost:5432' is being disposed after spending 6ms reading results.
2025-12-16 18:30:24.357 +03:00 [DBG] Closing connection to database 'AuthServiceDb_Dev' on server 'tcp://localhost:5432'.
2025-12-16 18:30:24.358 +03:00 [DBG] Closed connection to database 'AuthServiceDb_Dev' on server 'tcp://localhost:5432' (0ms).
2025-12-16 18:30:24.360 +03:00 [DBG] Migrating using database 'AuthServiceDb_Dev' on server 'tcp://localhost:5432'.
2025-12-16 18:30:24.361 +03:00 [DBG] Opening connection to database 'AuthServiceDb_Dev' on server 'tcp://localhost:5432'.
2025-12-16 18:30:24.401 +03:00 [DBG] Opened connection to database 'AuthServiceDb_Dev' on server 'tcp://localhost:5432'.
2025-12-16 18:30:24.402 +03:00 [DBG] Closing connection to database 'AuthServiceDb_Dev' on server 'tcp://localhost:5432'.
2025-12-16 18:30:24.403 +03:00 [DBG] Closed connection to database 'AuthServiceDb_Dev' on server 'tcp://localhost:5432' (0ms).
2025-12-16 18:30:24.404 +03:00 [DBG] Creating DbCommand for 'ExecuteScalar'.
2025-12-16 18:30:24.405 +03:00 [DBG] Created DbCommand for 'ExecuteScalar' (0ms).
2025-12-16 18:30:24.406 +03:00 [DBG] Initialized DbCommand for 'ExecuteScalar' (1ms).
2025-12-16 18:30:24.407 +03:00 [DBG] Opening connection to database 'AuthServiceDb_Dev' on server 'tcp://localhost:5432'.
2025-12-16 18:30:24.407 +03:00 [DBG] Opened connection to database 'AuthServiceDb_Dev' on server 'tcp://localhost:5432'.
2025-12-16 18:30:24.408 +03:00 [DBG] Executing DbCommand [Parameters=[], CommandType='"Text"', CommandTimeout='30']
SELECT EXISTS (
    SELECT 1 FROM pg_catalog.pg_class c
    JOIN pg_catalog.pg_namespace n ON n.oid=c.relnamespace
    WHERE n.nspname='public' AND
          c.relname='__EFMigrationsHistory'
)
2025-12-16 18:30:24.410 +03:00 [INF] Executed DbCommand (2ms) [Parameters=[], CommandType='"Text"', CommandTimeout='30']
SELECT EXISTS (
    SELECT 1 FROM pg_catalog.pg_class c
    JOIN pg_catalog.pg_namespace n ON n.oid=c.relnamespace
    WHERE n.nspname='public' AND
          c.relname='__EFMigrationsHistory'
)
2025-12-16 18:30:24.412 +03:00 [DBG] Closing connection to database 'AuthServiceDb_Dev' on server 'tcp://localhost:5432'.
2025-12-16 18:30:24.412 +03:00 [DBG] Closed connection to database 'AuthServiceDb_Dev' on server 'tcp://localhost:5432' (0ms).
2025-12-16 18:30:24.414 +03:00 [DBG] Opening connection to database 'AuthServiceDb_Dev' on server 'tcp://localhost:5432'.
2025-12-16 18:30:24.452 +03:00 [DBG] Opened connection to database 'AuthServiceDb_Dev' on server 'tcp://localhost:5432'.
2025-12-16 18:30:24.453 +03:00 [DBG] Closing connection to database 'AuthServiceDb_Dev' on server 'tcp://localhost:5432'.
2025-12-16 18:30:24.454 +03:00 [DBG] Closed connection to database 'AuthServiceDb_Dev' on server 'tcp://localhost:5432' (0ms).
2025-12-16 18:30:24.455 +03:00 [DBG] Creating DbCommand for 'ExecuteScalar'.
2025-12-16 18:30:24.456 +03:00 [DBG] Created DbCommand for 'ExecuteScalar' (0ms).
2025-12-16 18:30:24.456 +03:00 [DBG] Initialized DbCommand for 'ExecuteScalar' (1ms).
2025-12-16 18:30:24.457 +03:00 [DBG] Opening connection to database 'AuthServiceDb_Dev' on server 'tcp://localhost:5432'.
2025-12-16 18:30:24.458 +03:00 [DBG] Opened connection to database 'AuthServiceDb_Dev' on server 'tcp://localhost:5432'.
2025-12-16 18:30:24.459 +03:00 [DBG] Executing DbCommand [Parameters=[], CommandType='"Text"', CommandTimeout='30']
SELECT EXISTS (
    SELECT 1 FROM pg_catalog.pg_class c
    JOIN pg_catalog.pg_namespace n ON n.oid=c.relnamespace
    WHERE n.nspname='public' AND
          c.relname='__EFMigrationsHistory'
)
2025-12-16 18:30:24.461 +03:00 [INF] Executed DbCommand (2ms) [Parameters=[], CommandType='"Text"', CommandTimeout='30']
SELECT EXISTS (
    SELECT 1 FROM pg_catalog.pg_class c
    JOIN pg_catalog.pg_namespace n ON n.oid=c.relnamespace
    WHERE n.nspname='public' AND
          c.relname='__EFMigrationsHistory'
)
2025-12-16 18:30:24.462 +03:00 [DBG] Closing connection to database 'AuthServiceDb_Dev' on server 'tcp://localhost:5432'.
2025-12-16 18:30:24.463 +03:00 [DBG] Closed connection to database 'AuthServiceDb_Dev' on server 'tcp://localhost:5432' (0ms).
2025-12-16 18:30:24.464 +03:00 [DBG] Opening connection to database 'AuthServiceDb_Dev' on server 'tcp://localhost:5432'.
2025-12-16 18:30:24.465 +03:00 [DBG] Opened connection to database 'AuthServiceDb_Dev' on server 'tcp://localhost:5432'.
2025-12-16 18:30:24.466 +03:00 [DBG] Creating DbCommand for 'ExecuteReader'.
2025-12-16 18:30:24.467 +03:00 [DBG] Created DbCommand for 'ExecuteReader' (0ms).
2025-12-16 18:30:24.468 +03:00 [DBG] Initialized DbCommand for 'ExecuteReader' (1ms).
2025-12-16 18:30:24.469 +03:00 [DBG] Executing DbCommand [Parameters=[], CommandType='"Text"', CommandTimeout='30']
SELECT "MigrationId", "ProductVersion"
FROM "__EFMigrationsHistory"
ORDER BY "MigrationId";
2025-12-16 18:30:24.470 +03:00 [INF] Executed DbCommand (1ms) [Parameters=[], CommandType='"Text"', CommandTimeout='30']
SELECT "MigrationId", "ProductVersion"
FROM "__EFMigrationsHistory"
ORDER BY "MigrationId";
2025-12-16 18:30:24.471 +03:00 [DBG] Closing data reader to 'AuthServiceDb_Dev' on server 'tcp://localhost:5432'.
2025-12-16 18:30:24.472 +03:00 [DBG] A data reader for 'AuthServiceDb_Dev' on server 'tcp://localhost:5432' is being disposed after spending 0ms reading results.
2025-12-16 18:30:24.474 +03:00 [DBG] Closing connection to database 'AuthServiceDb_Dev' on server 'tcp://localhost:5432'.
2025-12-16 18:30:24.475 +03:00 [DBG] Closed connection to database 'AuthServiceDb_Dev' on server 'tcp://localhost:5432' (1ms).
2025-12-16 18:30:24.490 +03:00 [INF] No migrations were applied. The database is already up to date.
2025-12-16 18:30:24.493 +03:00 [INF] Database migrations applied successfully.
2025-12-16 18:30:24.494 +03:00 [DBG] 'AuthDbContext' disposed.
2025-12-16 18:30:24.496 +03:00 [DBG] Disposing connection to database 'AuthServiceDb_Dev' on server 'tcp://localhost:5432'.
2025-12-16 18:30:24.497 +03:00 [DBG] Disposed connection to database 'AuthServiceDb_Dev' on server 'tcp://localhost:5432' (1ms).
2025-12-16 18:30:24.500 +03:00 [DBG] Hosting starting
2025-12-16 18:30:24.535 +03:00 [INF] User profile is available. Using 'C:\Users\atura\AppData\Local\ASP.NET\DataProtection-Keys' as key repository and Windows DPAPI to encrypt keys at rest.
2025-12-16 18:30:24.556 +03:00 [DBG] Reading data from file 'C:\Users\atura\AppData\Local\ASP.NET\DataProtection-Keys\key-2b41731a-ff2b-4c58-8083-9dd2e8e06c02.xml'.
2025-12-16 18:30:24.604 +03:00 [DBG] Reading data from file 'C:\Users\atura\AppData\Local\ASP.NET\DataProtection-Keys\key-b1bfbf17-5e54-4bcd-856c-81e8ff116985.xml'.
2025-12-16 18:30:24.620 +03:00 [DBG] Reading data from file 'C:\Users\atura\AppData\Local\ASP.NET\DataProtection-Keys\key-d4db8ae3-c3b6-4a1e-a8e6-5ce936ab3dc1.xml'.
2025-12-16 18:30:24.636 +03:00 [DBG] Reading data from file 'C:\Users\atura\AppData\Local\ASP.NET\DataProtection-Keys\key-d528c6a9-5739-4b20-b71f-eef16136c0e0.xml'.
2025-12-16 18:30:24.651 +03:00 [DBG] Reading data from file 'C:\Users\atura\AppData\Local\ASP.NET\DataProtection-Keys\key-f197c843-1f03-4bc8-9e1b-7ef1bcdd878d.xml'.
2025-12-16 18:30:24.673 +03:00 [DBG] Found key {2b41731a-ff2b-4c58-8083-9dd2e8e06c02}.
2025-12-16 18:30:24.680 +03:00 [DBG] Found key {b1bfbf17-5e54-4bcd-856c-81e8ff116985}.
2025-12-16 18:30:24.681 +03:00 [DBG] Found key {d4db8ae3-c3b6-4a1e-a8e6-5ce936ab3dc1}.
2025-12-16 18:30:24.682 +03:00 [DBG] Found key {d528c6a9-5739-4b20-b71f-eef16136c0e0}.
2025-12-16 18:30:24.682 +03:00 [DBG] Found key {f197c843-1f03-4bc8-9e1b-7ef1bcdd878d}.
2025-12-16 18:30:24.687 +03:00 [DBG] Considering key {d528c6a9-5739-4b20-b71f-eef16136c0e0} with expiration date 2026-01-16 09:53:55Z as default key.
2025-12-16 18:30:24.690 +03:00 [DBG] Forwarded activator type request from Microsoft.AspNetCore.DataProtection.XmlEncryption.DpapiXmlDecryptor, Microsoft.AspNetCore.DataProtection, Version=8.0.0.0, Culture=neutral, PublicKeyToken=adb9793829ddae60 to Microsoft.AspNetCore.DataProtection.XmlEncryption.DpapiXmlDecryptor, Microsoft.AspNetCore.DataProtection, Culture=neutral, PublicKeyToken=adb9793829ddae60
2025-12-16 18:30:24.691 +03:00 [DBG] Decrypting secret element using Windows DPAPI.
2025-12-16 18:30:24.692 +03:00 [DBG] Forwarded activator type request from Microsoft.AspNetCore.DataProtection.AuthenticatedEncryption.ConfigurationModel.AuthenticatedEncryptorDescriptorDeserializer, Microsoft.AspNetCore.DataProtection, Version=8.0.0.0, Culture=neutral, PublicKeyToken=adb9793829ddae60 to Microsoft.AspNetCore.DataProtection.AuthenticatedEncryption.ConfigurationModel.AuthenticatedEncryptorDescriptorDeserializer, Microsoft.AspNetCore.DataProtection, Culture=neutral, PublicKeyToken=adb9793829ddae60
2025-12-16 18:30:24.695 +03:00 [DBG] Opening CNG algorithm 'AES' from provider 'null' with chaining mode CBC.
2025-12-16 18:30:24.697 +03:00 [DBG] Opening CNG algorithm 'SHA256' from provider 'null' with HMAC.
2025-12-16 18:30:24.699 +03:00 [DBG] Using key {d528c6a9-5739-4b20-b71f-eef16136c0e0} as the default key.
2025-12-16 18:30:24.700 +03:00 [DBG] Key ring with default key {d528c6a9-5739-4b20-b71f-eef16136c0e0} was loaded during application startup.
2025-12-16 18:30:24.836 +03:00 [INF] Now listening on: https://localhost:7001
2025-12-16 18:30:24.837 +03:00 [INF] Now listening on: http://localhost:5001
2025-12-16 18:30:24.838 +03:00 [DBG] Loaded hosting startup assembly AuthService.API
2025-12-16 18:30:24.838 +03:00 [DBG] Loaded hosting startup assembly Microsoft.WebTools.ApiEndpointDiscovery
2025-12-16 18:30:24.839 +03:00 [DBG] Loaded hosting startup assembly Microsoft.AspNetCore.Watch.BrowserRefresh
2025-12-16 18:30:24.839 +03:00 [DBG] Loaded hosting startup assembly Microsoft.WebTools.BrowserLink.Net
2025-12-16 18:30:24.916 +03:00 [INF] Application started. Press Ctrl+C to shut down.
2025-12-16 18:30:24.917 +03:00 [INF] Hosting environment: Development
2025-12-16 18:30:24.918 +03:00 [INF] Content root path: C:\Users\atura\OneDrive\Masaüstü\Yarışma\appointment-reservation\backend\Services\AuthService\AuthService.API
2025-12-16 18:30:24.919 +03:00 [DBG] Hosting started
2025-12-16 18:30:25.155 +03:00 [DBG] Connection id "0HNHSN04BSNJV" accepted.
2025-12-16 18:30:25.155 +03:00 [DBG] Connection id "0HNHSN04BSNJU" accepted.
2025-12-16 18:30:25.156 +03:00 [DBG] Connection id "0HNHSN04BSNJV" received FIN.
2025-12-16 18:30:25.158 +03:00 [DBG] Connection id "0HNHSN04BSNJU" started.
2025-12-16 18:30:25.156 +03:00 [DBG] Connection id "0HNHSN04BSNJU" received FIN.
2025-12-16 18:30:25.157 +03:00 [DBG] Connection id "0HNHSN04BSNJV" started.
2025-12-16 18:30:25.180 +03:00 [DBG] Failed to authenticate HTTPS connection.
System.IO.IOException: Received an unexpected EOF or 0 bytes from the transport stream.
   at System.Net.Security.SslStream.ReceiveHandshakeFrameAsync[TIOAdapter](CancellationToken cancellationToken)
   at System.Net.Security.SslStream.ForceAuthenticationAsync[TIOAdapter](Boolean receiveFirst, Byte[] reAuthenticationData, CancellationToken cancellationToken)
   at System.Net.Security.SslStream.ProcessAuthenticationWithTelemetryAsync(Boolean isAsync, CancellationToken cancellationToken)
   at Microsoft.AspNetCore.Server.Kestrel.Https.Internal.HttpsConnectionMiddleware.OnConnectionAsync(ConnectionContext context)
2025-12-16 18:30:25.180 +03:00 [DBG] Failed to authenticate HTTPS connection.
System.IO.IOException: Received an unexpected EOF or 0 bytes from the transport stream.
   at System.Net.Security.SslStream.ReceiveHandshakeFrameAsync[TIOAdapter](CancellationToken cancellationToken)
   at System.Net.Security.SslStream.ForceAuthenticationAsync[TIOAdapter](Boolean receiveFirst, Byte[] reAuthenticationData, CancellationToken cancellationToken)
   at System.Net.Security.SslStream.ProcessAuthenticationWithTelemetryAsync(Boolean isAsync, CancellationToken cancellationToken)
   at Microsoft.AspNetCore.Server.Kestrel.Https.Internal.HttpsConnectionMiddleware.OnConnectionAsync(ConnectionContext context)
2025-12-16 18:30:25.219 +03:00 [DBG] Connection id "0HNHSN04BSNJU" stopped.
2025-12-16 18:30:25.219 +03:00 [DBG] Connection id "0HNHSN04BSNJV" stopped.
2025-12-16 18:30:25.224 +03:00 [DBG] Connection id "0HNHSN04BSNJU" sending FIN because: "The Socket transport's send loop completed gracefully."
2025-12-16 18:30:25.224 +03:00 [DBG] Connection id "0HNHSN04BSNJV" sending FIN because: "The Socket transport's send loop completed gracefully."
2025-12-16 18:30:26.776 +03:00 [DBG] Connection id "0HNHSN04BSNK0" accepted.
2025-12-16 18:30:26.778 +03:00 [DBG] Connection id "0HNHSN04BSNK0" started.
2025-12-16 18:30:26.782 +03:00 [DBG] Connection id "0HNHSN04BSNK1" accepted.
2025-12-16 18:30:26.783 +03:00 [DBG] Connection id "0HNHSN04BSNK1" started.
2025-12-16 18:30:26.804 +03:00 [DBG] Connection id "0HNHSN04BSNK0" received FIN.
2025-12-16 18:30:26.816 +03:00 [DBG] Connection 0HNHSN04BSNK0 established using the following protocol: "Tls13"
2025-12-16 18:30:26.816 +03:00 [DBG] Connection 0HNHSN04BSNK1 established using the following protocol: "Tls13"
2025-12-16 18:30:26.828 +03:00 [DBG] Connection id "0HNHSN04BSNK0" is closed. The last processed stream ID was 0.
2025-12-16 18:30:26.830 +03:00 [DBG] Connection id "0HNHSN04BSNK0" sending FIN because: "The Socket transport's send loop completed gracefully."
2025-12-16 18:30:26.833 +03:00 [DBG] The connection queue processing loop for 0HNHSN04BSNK0 completed.
2025-12-16 18:30:26.836 +03:00 [DBG] Connection id "0HNHSN04BSNK0" stopped.
2025-12-16 18:30:26.862 +03:00 [INF] Request starting HTTP/2 GET https://localhost:7001/swagger - null null
2025-12-16 18:30:26.933 +03:00 [DBG] Wildcard detected, all requests with hosts will be allowed.
2025-12-16 18:30:26.950 +03:00 [DBG] No candidates found for the request path '/swagger'
2025-12-16 18:30:26.951 +03:00 [DBG] Request did not match any endpoints
2025-12-16 18:30:26.960 +03:00 [INF] Request finished HTTP/2 GET https://localhost:7001/swagger - 301 0 null 104.3955ms
2025-12-16 18:30:26.962 +03:00 [INF] Request starting HTTP/2 GET https://localhost:7001/swagger/index.html - null null
2025-12-16 18:30:26.968 +03:00 [DBG] No candidates found for the request path '/swagger/index.html'
2025-12-16 18:30:26.969 +03:00 [DBG] Request did not match any endpoints
2025-12-16 18:30:27.012 +03:00 [DBG] Response markup is scheduled to include Browser Link script injection.
2025-12-16 18:30:27.014 +03:00 [DBG] Response markup is scheduled to include browser refresh script injection.
2025-12-16 18:30:27.018 +03:00 [DBG] Response markup was updated to include Browser Link script injection.
2025-12-16 18:30:27.019 +03:00 [DBG] Response markup was updated to include browser refresh script injection.
2025-12-16 18:30:27.020 +03:00 [INF] Request finished HTTP/2 GET https://localhost:7001/swagger/index.html - 200 null text/html;charset=utf-8 57.4034ms
2025-12-16 18:30:27.033 +03:00 [INF] Request starting HTTP/2 GET https://localhost:7001/swagger/swagger-ui.css - null null
2025-12-16 18:30:27.034 +03:00 [INF] Request starting HTTP/2 GET https://localhost:7001/swagger/swagger-ui-standalone-preset.js - null null
2025-12-16 18:30:27.034 +03:00 [INF] Request starting HTTP/2 GET https://localhost:7001/swagger/index.js - null null
2025-12-16 18:30:27.034 +03:00 [INF] Request starting HTTP/2 GET https://localhost:7001/swagger/index.css - null null
2025-12-16 18:30:27.034 +03:00 [INF] Request starting HTTP/2 GET https://localhost:7001/_framework/aspnetcore-browser-refresh.js - null null
2025-12-16 18:30:27.034 +03:00 [INF] Request starting HTTP/2 GET https://localhost:7001/swagger/swagger-ui-bundle.js - null null
2025-12-16 18:30:27.048 +03:00 [INF] Request starting HTTP/2 GET https://localhost:7001/_vs/browserLink - null null
2025-12-16 18:30:27.051 +03:00 [DBG] No candidates found for the request path '/swagger/swagger-ui-standalone-preset.js'
2025-12-16 18:30:27.053 +03:00 [DBG] No candidates found for the request path '/swagger/index.js'
2025-12-16 18:30:27.060 +03:00 [DBG] Request did not match any endpoints
2025-12-16 18:30:27.062 +03:00 [DBG] Request did not match any endpoints
2025-12-16 18:30:27.055 +03:00 [DBG] No candidates found for the request path '/swagger/index.css'
2025-12-16 18:30:27.050 +03:00 [DBG] No candidates found for the request path '/swagger/swagger-ui.css'
2025-12-16 18:30:27.076 +03:00 [INF] Request finished HTTP/2 GET https://localhost:7001/swagger/index.js - 200 null application/javascript;charset=utf-8 41.8007ms
2025-12-16 18:30:27.076 +03:00 [DBG] Request did not match any endpoints
2025-12-16 18:30:27.077 +03:00 [DBG] Request did not match any endpoints
2025-12-16 18:30:27.058 +03:00 [DBG] No candidates found for the request path '/swagger/swagger-ui-bundle.js'
2025-12-16 18:30:27.075 +03:00 [INF] Request finished HTTP/2 GET https://localhost:7001/_framework/aspnetcore-browser-refresh.js - 200 13782 application/javascript; charset=utf-8 41.19ms
2025-12-16 18:30:27.088 +03:00 [DBG] Request did not match any endpoints
2025-12-16 18:30:27.090 +03:00 [INF] Sending file. Request path: '/index.css'. Physical path: 'N/A'
2025-12-16 18:30:27.093 +03:00 [INF] Request finished HTTP/2 GET https://localhost:7001/swagger/index.css - 200 202 text/css 59.0843ms
2025-12-16 18:30:27.108 +03:00 [INF] Sending file. Request path: '/swagger-ui-standalone-preset.js'. Physical path: 'N/A'
2025-12-16 18:30:27.108 +03:00 [INF] Sending file. Request path: '/swagger-ui.css'. Physical path: 'N/A'
2025-12-16 18:30:27.110 +03:00 [INF] Request finished HTTP/2 GET https://localhost:7001/swagger/swagger-ui-standalone-preset.js - 200 230293 text/javascript 76.0315ms
2025-12-16 18:30:27.110 +03:00 [INF] Request finished HTTP/2 GET https://localhost:7001/swagger/swagger-ui.css - 200 152034 text/css 76.9319ms
2025-12-16 18:30:27.126 +03:00 [INF] Request finished HTTP/2 GET https://localhost:7001/_vs/browserLink - 200 null text/javascript; charset=UTF-8 78.0606ms
2025-12-16 18:30:27.143 +03:00 [INF] Sending file. Request path: '/swagger-ui-bundle.js'. Physical path: 'N/A'
2025-12-16 18:30:27.144 +03:00 [INF] Request finished HTTP/2 GET https://localhost:7001/swagger/swagger-ui-bundle.js - 200 1452753 text/javascript 110.4664ms
2025-12-16 18:30:27.304 +03:00 [INF] Request starting HTTP/2 GET https://localhost:7001/swagger/v1/swagger.json - null null
2025-12-16 18:30:27.306 +03:00 [DBG] No candidates found for the request path '/swagger/v1/swagger.json'
2025-12-16 18:30:27.307 +03:00 [DBG] Request did not match any endpoints
2025-12-16 18:30:27.334 +03:00 [INF] Request finished HTTP/2 GET https://localhost:7001/swagger/v1/swagger.json - 200 null application/json;charset=utf-8 30.6534ms
2025-12-16 18:33:15.374 +03:00 [DBG] Registered model binder providers, in the following order: ["Microsoft.AspNetCore.Mvc.ModelBinding.Binders.BinderTypeModelBinderProvider","Microsoft.AspNetCore.Mvc.ModelBinding.Binders.ServicesModelBinderProvider","Microsoft.AspNetCore.Mvc.ModelBinding.Binders.BodyModelBinderProvider","Microsoft.AspNetCore.Mvc.ModelBinding.Binders.HeaderModelBinderProvider","Microsoft.AspNetCore.Mvc.ModelBinding.Binders.FloatingPointTypeModelBinderProvider","Microsoft.AspNetCore.Mvc.ModelBinding.Binders.EnumTypeModelBinderProvider","Microsoft.AspNetCore.Mvc.ModelBinding.Binders.DateTimeModelBinderProvider","Microsoft.AspNetCore.Mvc.ModelBinding.Binders.SimpleTypeModelBinderProvider","Microsoft.AspNetCore.Mvc.ModelBinding.Binders.TryParseModelBinderProvider","Microsoft.AspNetCore.Mvc.ModelBinding.Binders.CancellationTokenModelBinderProvider","Microsoft.AspNetCore.Mvc.ModelBinding.Binders.ByteArrayModelBinderProvider","Microsoft.AspNetCore.Mvc.ModelBinding.Binders.FormFileModelBinderProvider","Microsoft.AspNetCore.Mvc.ModelBinding.Binders.FormCollectionModelBinderProvider","Microsoft.AspNetCore.Mvc.ModelBinding.Binders.KeyValuePairModelBinderProvider","Microsoft.AspNetCore.Mvc.ModelBinding.Binders.DictionaryModelBinderProvider","Microsoft.AspNetCore.Mvc.ModelBinding.Binders.ArrayModelBinderProvider","Microsoft.AspNetCore.Mvc.ModelBinding.Binders.CollectionModelBinderProvider","Microsoft.AspNetCore.Mvc.ModelBinding.Binders.ComplexObjectModelBinderProvider"]
2025-12-16 18:33:15.564 +03:00 [DBG] An 'IServiceProvider' was created for internal use by Entity Framework.
2025-12-16 18:33:15.873 +03:00 [DBG] The index {'UserId'} was not created on entity type 'UserOperationClaim' as the properties are already covered by the index {'UserId', 'OperationClaimId'}.
2025-12-16 18:33:16.150 +03:00 [DBG] Entity Framework Core 8.0.17 initialized 'AuthDbContext' using provider 'Npgsql.EntityFrameworkCore.PostgreSQL:8.0.10+18d07c54eacaffa5bf8128d47eecdb5255d86376' with options: None
2025-12-16 18:33:16.166 +03:00 [DBG] Creating DbConnection.
2025-12-16 18:33:16.211 +03:00 [DBG] Created DbConnection. (43ms).
2025-12-16 18:33:16.219 +03:00 [DBG] Opening connection to database 'AuthServiceDb_Dev' on server 'tcp://localhost:5432'.
2025-12-16 18:33:16.351 +03:00 [DBG] Opened connection to database 'AuthServiceDb_Dev' on server 'tcp://localhost:5432'.
2025-12-16 18:33:16.354 +03:00 [DBG] Closing connection to database 'AuthServiceDb_Dev' on server 'tcp://localhost:5432'.
2025-12-16 18:33:16.362 +03:00 [DBG] Closed connection to database 'AuthServiceDb_Dev' on server 'tcp://localhost:5432' (5ms).
2025-12-16 18:33:16.368 +03:00 [DBG] Creating DbCommand for 'ExecuteScalar'.
2025-12-16 18:33:16.376 +03:00 [DBG] Created DbCommand for 'ExecuteScalar' (5ms).
2025-12-16 18:33:16.378 +03:00 [DBG] Initialized DbCommand for 'ExecuteScalar' (10ms).
2025-12-16 18:33:16.380 +03:00 [DBG] Opening connection to database 'AuthServiceDb_Dev' on server 'tcp://localhost:5432'.
2025-12-16 18:33:16.445 +03:00 [DBG] Opened connection to database 'AuthServiceDb_Dev' on server 'tcp://localhost:5432'.
2025-12-16 18:33:16.455 +03:00 [DBG] Executing DbCommand [Parameters=[], CommandType='"Text"', CommandTimeout='30']
SELECT EXISTS (
    SELECT 1 FROM pg_catalog.pg_class c
    JOIN pg_catalog.pg_namespace n ON n.oid=c.relnamespace
    WHERE n.nspname='public' AND
          c.relname='__EFMigrationsHistory'
)
2025-12-16 18:33:16.508 +03:00 [INF] Executed DbCommand (53ms) [Parameters=[], CommandType='"Text"', CommandTimeout='30']
SELECT EXISTS (
    SELECT 1 FROM pg_catalog.pg_class c
    JOIN pg_catalog.pg_namespace n ON n.oid=c.relnamespace
    WHERE n.nspname='public' AND
          c.relname='__EFMigrationsHistory'
)
2025-12-16 18:33:16.511 +03:00 [DBG] Closing connection to database 'AuthServiceDb_Dev' on server 'tcp://localhost:5432'.
2025-12-16 18:33:16.513 +03:00 [DBG] Closed connection to database 'AuthServiceDb_Dev' on server 'tcp://localhost:5432' (1ms).
2025-12-16 18:33:16.522 +03:00 [DBG] Opening connection to database 'AuthServiceDb_Dev' on server 'tcp://localhost:5432'.
2025-12-16 18:33:16.523 +03:00 [DBG] Opened connection to database 'AuthServiceDb_Dev' on server 'tcp://localhost:5432'.
2025-12-16 18:33:16.524 +03:00 [DBG] Creating DbCommand for 'ExecuteReader'.
2025-12-16 18:33:16.525 +03:00 [DBG] Created DbCommand for 'ExecuteReader' (0ms).
2025-12-16 18:33:16.526 +03:00 [DBG] Initialized DbCommand for 'ExecuteReader' (1ms).
2025-12-16 18:33:16.527 +03:00 [DBG] Executing DbCommand [Parameters=[], CommandType='"Text"', CommandTimeout='30']
SELECT "MigrationId", "ProductVersion"
FROM "__EFMigrationsHistory"
ORDER BY "MigrationId";
2025-12-16 18:33:16.531 +03:00 [INF] Executed DbCommand (4ms) [Parameters=[], CommandType='"Text"', CommandTimeout='30']
SELECT "MigrationId", "ProductVersion"
FROM "__EFMigrationsHistory"
ORDER BY "MigrationId";
2025-12-16 18:33:16.537 +03:00 [DBG] Closing data reader to 'AuthServiceDb_Dev' on server 'tcp://localhost:5432'.
2025-12-16 18:33:16.539 +03:00 [DBG] A data reader for 'AuthServiceDb_Dev' on server 'tcp://localhost:5432' is being disposed after spending 5ms reading results.
2025-12-16 18:33:16.540 +03:00 [DBG] Closing connection to database 'AuthServiceDb_Dev' on server 'tcp://localhost:5432'.
2025-12-16 18:33:16.541 +03:00 [DBG] Closed connection to database 'AuthServiceDb_Dev' on server 'tcp://localhost:5432' (0ms).
2025-12-16 18:33:16.543 +03:00 [DBG] Migrating using database 'AuthServiceDb_Dev' on server 'tcp://localhost:5432'.
2025-12-16 18:33:16.545 +03:00 [DBG] Opening connection to database 'AuthServiceDb_Dev' on server 'tcp://localhost:5432'.
2025-12-16 18:33:16.586 +03:00 [DBG] Opened connection to database 'AuthServiceDb_Dev' on server 'tcp://localhost:5432'.
2025-12-16 18:33:16.587 +03:00 [DBG] Closing connection to database 'AuthServiceDb_Dev' on server 'tcp://localhost:5432'.
2025-12-16 18:33:16.588 +03:00 [DBG] Closed connection to database 'AuthServiceDb_Dev' on server 'tcp://localhost:5432' (1ms).
2025-12-16 18:33:16.589 +03:00 [DBG] Creating DbCommand for 'ExecuteScalar'.
2025-12-16 18:33:16.589 +03:00 [DBG] Created DbCommand for 'ExecuteScalar' (0ms).
2025-12-16 18:33:16.590 +03:00 [DBG] Initialized DbCommand for 'ExecuteScalar' (1ms).
2025-12-16 18:33:16.591 +03:00 [DBG] Opening connection to database 'AuthServiceDb_Dev' on server 'tcp://localhost:5432'.
2025-12-16 18:33:16.592 +03:00 [DBG] Opened connection to database 'AuthServiceDb_Dev' on server 'tcp://localhost:5432'.
2025-12-16 18:33:16.593 +03:00 [DBG] Executing DbCommand [Parameters=[], CommandType='"Text"', CommandTimeout='30']
SELECT EXISTS (
    SELECT 1 FROM pg_catalog.pg_class c
    JOIN pg_catalog.pg_namespace n ON n.oid=c.relnamespace
    WHERE n.nspname='public' AND
          c.relname='__EFMigrationsHistory'
)
2025-12-16 18:33:16.594 +03:00 [INF] Executed DbCommand (2ms) [Parameters=[], CommandType='"Text"', CommandTimeout='30']
SELECT EXISTS (
    SELECT 1 FROM pg_catalog.pg_class c
    JOIN pg_catalog.pg_namespace n ON n.oid=c.relnamespace
    WHERE n.nspname='public' AND
          c.relname='__EFMigrationsHistory'
)
2025-12-16 18:33:16.596 +03:00 [DBG] Closing connection to database 'AuthServiceDb_Dev' on server 'tcp://localhost:5432'.
2025-12-16 18:33:16.596 +03:00 [DBG] Closed connection to database 'AuthServiceDb_Dev' on server 'tcp://localhost:5432' (0ms).
2025-12-16 18:33:16.597 +03:00 [DBG] Opening connection to database 'AuthServiceDb_Dev' on server 'tcp://localhost:5432'.
2025-12-16 18:33:16.641 +03:00 [DBG] Opened connection to database 'AuthServiceDb_Dev' on server 'tcp://localhost:5432'.
2025-12-16 18:33:16.642 +03:00 [DBG] Closing connection to database 'AuthServiceDb_Dev' on server 'tcp://localhost:5432'.
2025-12-16 18:33:16.642 +03:00 [DBG] Closed connection to database 'AuthServiceDb_Dev' on server 'tcp://localhost:5432' (0ms).
2025-12-16 18:33:16.644 +03:00 [DBG] Creating DbCommand for 'ExecuteScalar'.
2025-12-16 18:33:16.644 +03:00 [DBG] Created DbCommand for 'ExecuteScalar' (0ms).
2025-12-16 18:33:16.645 +03:00 [DBG] Initialized DbCommand for 'ExecuteScalar' (1ms).
2025-12-16 18:33:16.646 +03:00 [DBG] Opening connection to database 'AuthServiceDb_Dev' on server 'tcp://localhost:5432'.
2025-12-16 18:33:16.647 +03:00 [DBG] Opened connection to database 'AuthServiceDb_Dev' on server 'tcp://localhost:5432'.
2025-12-16 18:33:16.648 +03:00 [DBG] Executing DbCommand [Parameters=[], CommandType='"Text"', CommandTimeout='30']
SELECT EXISTS (
    SELECT 1 FROM pg_catalog.pg_class c
    JOIN pg_catalog.pg_namespace n ON n.oid=c.relnamespace
    WHERE n.nspname='public' AND
          c.relname='__EFMigrationsHistory'
)
2025-12-16 18:33:16.649 +03:00 [INF] Executed DbCommand (2ms) [Parameters=[], CommandType='"Text"', CommandTimeout='30']
SELECT EXISTS (
    SELECT 1 FROM pg_catalog.pg_class c
    JOIN pg_catalog.pg_namespace n ON n.oid=c.relnamespace
    WHERE n.nspname='public' AND
          c.relname='__EFMigrationsHistory'
)
2025-12-16 18:33:16.650 +03:00 [DBG] Closing connection to database 'AuthServiceDb_Dev' on server 'tcp://localhost:5432'.
2025-12-16 18:33:16.651 +03:00 [DBG] Closed connection to database 'AuthServiceDb_Dev' on server 'tcp://localhost:5432' (0ms).
2025-12-16 18:33:16.652 +03:00 [DBG] Opening connection to database 'AuthServiceDb_Dev' on server 'tcp://localhost:5432'.
2025-12-16 18:33:16.653 +03:00 [DBG] Opened connection to database 'AuthServiceDb_Dev' on server 'tcp://localhost:5432'.
2025-12-16 18:33:16.654 +03:00 [DBG] Creating DbCommand for 'ExecuteReader'.
2025-12-16 18:33:16.655 +03:00 [DBG] Created DbCommand for 'ExecuteReader' (0ms).
2025-12-16 18:33:16.656 +03:00 [DBG] Initialized DbCommand for 'ExecuteReader' (1ms).
2025-12-16 18:33:16.657 +03:00 [DBG] Executing DbCommand [Parameters=[], CommandType='"Text"', CommandTimeout='30']
SELECT "MigrationId", "ProductVersion"
FROM "__EFMigrationsHistory"
ORDER BY "MigrationId";
2025-12-16 18:33:16.658 +03:00 [INF] Executed DbCommand (1ms) [Parameters=[], CommandType='"Text"', CommandTimeout='30']
SELECT "MigrationId", "ProductVersion"
FROM "__EFMigrationsHistory"
ORDER BY "MigrationId";
2025-12-16 18:33:16.660 +03:00 [DBG] Closing data reader to 'AuthServiceDb_Dev' on server 'tcp://localhost:5432'.
2025-12-16 18:33:16.660 +03:00 [DBG] A data reader for 'AuthServiceDb_Dev' on server 'tcp://localhost:5432' is being disposed after spending 0ms reading results.
2025-12-16 18:33:16.662 +03:00 [DBG] Closing connection to database 'AuthServiceDb_Dev' on server 'tcp://localhost:5432'.
2025-12-16 18:33:16.663 +03:00 [DBG] Closed connection to database 'AuthServiceDb_Dev' on server 'tcp://localhost:5432' (0ms).
2025-12-16 18:33:16.670 +03:00 [INF] No migrations were applied. The database is already up to date.
2025-12-16 18:33:16.673 +03:00 [INF] Database migrations applied successfully.
2025-12-16 18:33:16.674 +03:00 [DBG] 'AuthDbContext' disposed.
2025-12-16 18:33:16.676 +03:00 [DBG] Disposing connection to database 'AuthServiceDb_Dev' on server 'tcp://localhost:5432'.
2025-12-16 18:33:16.677 +03:00 [DBG] Disposed connection to database 'AuthServiceDb_Dev' on server 'tcp://localhost:5432' (1ms).
2025-12-16 18:33:16.680 +03:00 [DBG] Hosting starting
2025-12-16 18:33:16.704 +03:00 [INF] User profile is available. Using 'C:\Users\atura\AppData\Local\ASP.NET\DataProtection-Keys' as key repository and Windows DPAPI to encrypt keys at rest.
2025-12-16 18:33:16.723 +03:00 [DBG] Reading data from file 'C:\Users\atura\AppData\Local\ASP.NET\DataProtection-Keys\key-2b41731a-ff2b-4c58-8083-9dd2e8e06c02.xml'.
2025-12-16 18:33:16.730 +03:00 [DBG] Reading data from file 'C:\Users\atura\AppData\Local\ASP.NET\DataProtection-Keys\key-b1bfbf17-5e54-4bcd-856c-81e8ff116985.xml'.
2025-12-16 18:33:16.731 +03:00 [DBG] Reading data from file 'C:\Users\atura\AppData\Local\ASP.NET\DataProtection-Keys\key-d4db8ae3-c3b6-4a1e-a8e6-5ce936ab3dc1.xml'.
2025-12-16 18:33:16.732 +03:00 [DBG] Reading data from file 'C:\Users\atura\AppData\Local\ASP.NET\DataProtection-Keys\key-d528c6a9-5739-4b20-b71f-eef16136c0e0.xml'.
2025-12-16 18:33:16.733 +03:00 [DBG] Reading data from file 'C:\Users\atura\AppData\Local\ASP.NET\DataProtection-Keys\key-f197c843-1f03-4bc8-9e1b-7ef1bcdd878d.xml'.
2025-12-16 18:33:16.738 +03:00 [DBG] Found key {2b41731a-ff2b-4c58-8083-9dd2e8e06c02}.
2025-12-16 18:33:16.741 +03:00 [DBG] Found key {b1bfbf17-5e54-4bcd-856c-81e8ff116985}.
2025-12-16 18:33:16.742 +03:00 [DBG] Found key {d4db8ae3-c3b6-4a1e-a8e6-5ce936ab3dc1}.
2025-12-16 18:33:16.743 +03:00 [DBG] Found key {d528c6a9-5739-4b20-b71f-eef16136c0e0}.
2025-12-16 18:33:16.744 +03:00 [DBG] Found key {f197c843-1f03-4bc8-9e1b-7ef1bcdd878d}.
2025-12-16 18:33:16.749 +03:00 [DBG] Considering key {d528c6a9-5739-4b20-b71f-eef16136c0e0} with expiration date 2026-01-16 09:53:55Z as default key.
2025-12-16 18:33:16.753 +03:00 [DBG] Forwarded activator type request from Microsoft.AspNetCore.DataProtection.XmlEncryption.DpapiXmlDecryptor, Microsoft.AspNetCore.DataProtection, Version=8.0.0.0, Culture=neutral, PublicKeyToken=adb9793829ddae60 to Microsoft.AspNetCore.DataProtection.XmlEncryption.DpapiXmlDecryptor, Microsoft.AspNetCore.DataProtection, Culture=neutral, PublicKeyToken=adb9793829ddae60
2025-12-16 18:33:16.755 +03:00 [DBG] Decrypting secret element using Windows DPAPI.
2025-12-16 18:33:16.756 +03:00 [DBG] Forwarded activator type request from Microsoft.AspNetCore.DataProtection.AuthenticatedEncryption.ConfigurationModel.AuthenticatedEncryptorDescriptorDeserializer, Microsoft.AspNetCore.DataProtection, Version=8.0.0.0, Culture=neutral, PublicKeyToken=adb9793829ddae60 to Microsoft.AspNetCore.DataProtection.AuthenticatedEncryption.ConfigurationModel.AuthenticatedEncryptorDescriptorDeserializer, Microsoft.AspNetCore.DataProtection, Culture=neutral, PublicKeyToken=adb9793829ddae60
2025-12-16 18:33:16.760 +03:00 [DBG] Opening CNG algorithm 'AES' from provider 'null' with chaining mode CBC.
2025-12-16 18:33:16.762 +03:00 [DBG] Opening CNG algorithm 'SHA256' from provider 'null' with HMAC.
2025-12-16 18:33:16.765 +03:00 [DBG] Using key {d528c6a9-5739-4b20-b71f-eef16136c0e0} as the default key.
2025-12-16 18:33:16.767 +03:00 [DBG] Key ring with default key {d528c6a9-5739-4b20-b71f-eef16136c0e0} was loaded during application startup.
2025-12-16 18:33:16.936 +03:00 [INF] Now listening on: https://localhost:7001
2025-12-16 18:33:16.937 +03:00 [INF] Now listening on: http://localhost:5001
2025-12-16 18:33:16.938 +03:00 [DBG] Loaded hosting startup assembly AuthService.API
2025-12-16 18:33:16.940 +03:00 [DBG] Loaded hosting startup assembly Microsoft.WebTools.ApiEndpointDiscovery
2025-12-16 18:33:16.941 +03:00 [DBG] Loaded hosting startup assembly Microsoft.AspNetCore.Watch.BrowserRefresh
2025-12-16 18:33:16.942 +03:00 [DBG] Loaded hosting startup assembly Microsoft.WebTools.BrowserLink.Net
2025-12-16 18:33:17.081 +03:00 [INF] Application started. Press Ctrl+C to shut down.
2025-12-16 18:33:17.083 +03:00 [INF] Hosting environment: Development
2025-12-16 18:33:17.085 +03:00 [INF] Content root path: C:\Users\atura\OneDrive\Masaüstü\Yarışma\appointment-reservation\backend\Services\AuthService\AuthService.API
2025-12-16 18:33:17.086 +03:00 [DBG] Hosting started
2025-12-16 18:33:17.121 +03:00 [DBG] Connection id "0HNHSN1NJT7E4" reset.
2025-12-16 18:33:17.122 +03:00 [DBG] Connection id "0HNHSN1NJT7E5" received FIN.
2025-12-16 18:33:17.141 +03:00 [DBG] Connection id "0HNHSN1NJT7E5" accepted.
2025-12-16 18:33:17.141 +03:00 [DBG] Connection id "0HNHSN1NJT7E4" accepted.
2025-12-16 18:33:17.143 +03:00 [DBG] Connection id "0HNHSN1NJT7E5" started.
2025-12-16 18:33:17.143 +03:00 [DBG] Connection id "0HNHSN1NJT7E4" started.
2025-12-16 18:33:17.162 +03:00 [DBG] Failed to authenticate HTTPS connection.
Microsoft.AspNetCore.Connections.ConnectionResetException: Varolan bir bağlantı uzaktaki bir ana bilgisayar tarafından zorla kapatıldı.
 ---> System.Net.Sockets.SocketException (10054): Varolan bir bağlantı uzaktaki bir ana bilgisayar tarafından zorla kapatıldı.
   --- End of inner exception stack trace ---
   at System.IO.Pipelines.Pipe.GetReadResult(ReadResult& result)
   at System.IO.Pipelines.Pipe.ReadAsync(CancellationToken token)
   at System.IO.Pipelines.Pipe.DefaultPipeReader.ReadAsync(CancellationToken cancellationToken)
   at Microsoft.AspNetCore.Server.Kestrel.Core.Internal.DuplexPipeStream.ReadAsyncInternal(Memory`1 destination, CancellationToken cancellationToken)
   at System.Runtime.CompilerServices.PoolingAsyncValueTaskMethodBuilder`1.StateMachineBox`1.System.Threading.Tasks.Sources.IValueTaskSource<TResult>.GetResult(Int16 token)
   at System.Net.Security.SslStream.EnsureFullTlsFrameAsync[TIOAdapter](CancellationToken cancellationToken, Int32 estimatedSize)
   at System.Runtime.CompilerServices.PoolingAsyncValueTaskMethodBuilder`1.StateMachineBox`1.System.Threading.Tasks.Sources.IValueTaskSource<TResult>.GetResult(Int16 token)
   at System.Net.Security.SslStream.ReceiveHandshakeFrameAsync[TIOAdapter](CancellationToken cancellationToken)
   at System.Net.Security.SslStream.ForceAuthenticationAsync[TIOAdapter](Boolean receiveFirst, Byte[] reAuthenticationData, CancellationToken cancellationToken)
   at System.Net.Security.SslStream.ProcessAuthenticationWithTelemetryAsync(Boolean isAsync, CancellationToken cancellationToken)
   at Microsoft.AspNetCore.Server.Kestrel.Https.Internal.HttpsConnectionMiddleware.OnConnectionAsync(ConnectionContext context)
2025-12-16 18:33:17.162 +03:00 [DBG] Failed to authenticate HTTPS connection.
System.IO.IOException: Received an unexpected EOF or 0 bytes from the transport stream.
   at System.Net.Security.SslStream.ReceiveHandshakeFrameAsync[TIOAdapter](CancellationToken cancellationToken)
   at System.Net.Security.SslStream.ForceAuthenticationAsync[TIOAdapter](Boolean receiveFirst, Byte[] reAuthenticationData, CancellationToken cancellationToken)
   at System.Net.Security.SslStream.ProcessAuthenticationWithTelemetryAsync(Boolean isAsync, CancellationToken cancellationToken)
   at Microsoft.AspNetCore.Server.Kestrel.Https.Internal.HttpsConnectionMiddleware.OnConnectionAsync(ConnectionContext context)
2025-12-16 18:33:17.203 +03:00 [DBG] Connection id "0HNHSN1NJT7E5" stopped.
2025-12-16 18:33:17.203 +03:00 [DBG] Connection id "0HNHSN1NJT7E4" stopped.
2025-12-16 18:33:17.206 +03:00 [DBG] Connection id "0HNHSN1NJT7E5" sending FIN because: "The Socket transport's send loop completed gracefully."
2025-12-16 18:33:17.207 +03:00 [DBG] Connection id "0HNHSN1NJT7E4" sending FIN because: "The Socket transport's send loop completed gracefully."
2025-12-16 18:33:18.945 +03:00 [DBG] Connection id "0HNHSN1NJT7E6" accepted.
2025-12-16 18:33:18.946 +03:00 [DBG] Connection id "0HNHSN1NJT7E6" started.
2025-12-16 18:33:18.981 +03:00 [DBG] Connection 0HNHSN1NJT7E6 established using the following protocol: "Tls13"
2025-12-16 18:33:19.029 +03:00 [INF] Request starting HTTP/2 GET https://localhost:7001/swagger/index.html - null null
2025-12-16 18:33:19.101 +03:00 [DBG] Wildcard detected, all requests with hosts will be allowed.
2025-12-16 18:33:19.117 +03:00 [DBG] No candidates found for the request path '/swagger/index.html'
2025-12-16 18:33:19.118 +03:00 [DBG] Request did not match any endpoints
2025-12-16 18:33:19.165 +03:00 [DBG] Response markup is scheduled to include Browser Link script injection.
2025-12-16 18:33:19.167 +03:00 [DBG] Response markup is scheduled to include browser refresh script injection.
2025-12-16 18:33:19.172 +03:00 [DBG] Response markup was updated to include Browser Link script injection.
2025-12-16 18:33:19.173 +03:00 [DBG] Response markup was updated to include browser refresh script injection.
2025-12-16 18:33:19.178 +03:00 [INF] Request finished HTTP/2 GET https://localhost:7001/swagger/index.html - 200 null text/html;charset=utf-8 155.8624ms
2025-12-16 18:33:19.188 +03:00 [INF] Request starting HTTP/2 GET https://localhost:7001/swagger/index.js - null null
2025-12-16 18:33:19.188 +03:00 [INF] Request starting HTTP/2 GET https://localhost:7001/_framework/aspnetcore-browser-refresh.js - null null
2025-12-16 18:33:19.191 +03:00 [DBG] No candidates found for the request path '/swagger/index.js'
2025-12-16 18:33:19.194 +03:00 [DBG] Request did not match any endpoints
2025-12-16 18:33:19.196 +03:00 [INF] Request finished HTTP/2 GET https://localhost:7001/swagger/index.js - 200 null application/javascript;charset=utf-8 8.4038ms
2025-12-16 18:33:19.210 +03:00 [INF] Request starting HTTP/2 GET https://localhost:7001/_vs/browserLink - null null
2025-12-16 18:33:19.221 +03:00 [INF] Request finished HTTP/2 GET https://localhost:7001/_framework/aspnetcore-browser-refresh.js - 200 13782 application/javascript; charset=utf-8 33.3479ms
2025-12-16 18:33:19.257 +03:00 [INF] Request finished HTTP/2 GET https://localhost:7001/_vs/browserLink - 200 null text/javascript; charset=UTF-8 46.5311ms
2025-12-16 18:33:19.401 +03:00 [INF] Request starting HTTP/2 GET https://localhost:7001/swagger/v1/swagger.json - null null
2025-12-16 18:33:19.403 +03:00 [DBG] No candidates found for the request path '/swagger/v1/swagger.json'
2025-12-16 18:33:19.405 +03:00 [DBG] Request did not match any endpoints
2025-12-16 18:33:19.433 +03:00 [INF] Request finished HTTP/2 GET https://localhost:7001/swagger/v1/swagger.json - 200 null application/json;charset=utf-8 32.4146ms
2025-12-16 18:34:25.307 +03:00 [INF] Request starting HTTP/2 POST https://localhost:7001/api/Auth/register - application/json 173
2025-12-16 18:34:25.321 +03:00 [DBG] 1 candidate(s) found for the request path '/api/Auth/register'
2025-12-16 18:34:25.323 +03:00 [DBG] Endpoint 'AuthService.API.Controllers.AuthController.Register (AuthService.API)' with route pattern 'api/Auth/register' is valid for the request path '/api/Auth/register'
2025-12-16 18:34:25.325 +03:00 [DBG] Request matched endpoint 'AuthService.API.Controllers.AuthController.Register (AuthService.API)'
2025-12-16 18:34:25.327 +03:00 [DBG] Static files was skipped as the request already matched an endpoint.
2025-12-16 18:34:25.329 +03:00 [DBG] The request has an origin header: 'https://localhost:7001'.
2025-12-16 18:34:25.330 +03:00 [INF] CORS policy execution successful.
2025-12-16 18:34:25.401 +03:00 [DBG] AuthenticationScheme: Bearer was not authenticated.
2025-12-16 18:34:25.405 +03:00 [INF] Executing endpoint 'AuthService.API.Controllers.AuthController.Register (AuthService.API)'
2025-12-16 18:34:25.426 +03:00 [INF] Route matched with {action = "Register", controller = "Auth"}. Executing controller action with signature Microsoft.AspNetCore.Mvc.IActionResult Register(AuthService.Entities.DTOs.UserForRegisterDto) on controller AuthService.API.Controllers.AuthController (AuthService.API).
2025-12-16 18:34:25.429 +03:00 [DBG] Execution plan of authorization filters (in the following order): ["None"]
2025-12-16 18:34:25.430 +03:00 [DBG] Execution plan of resource filters (in the following order): ["None"]
2025-12-16 18:34:25.431 +03:00 [DBG] Execution plan of action filters (in the following order): ["Microsoft.AspNetCore.Mvc.ModelBinding.UnsupportedContentTypeFilter (Order: -3000)","Microsoft.AspNetCore.Mvc.Infrastructure.ModelStateInvalidFilter (Order: -2000)"]
2025-12-16 18:34:25.433 +03:00 [DBG] Execution plan of exception filters (in the following order): ["None"]
2025-12-16 18:34:25.434 +03:00 [DBG] Execution plan of result filters (in the following order): ["Microsoft.AspNetCore.Mvc.Infrastructure.ClientErrorResultFilter (Order: -2000)","Microsoft.AspNetCore.Mvc.ProducesAttribute (Order: 0)"]
2025-12-16 18:34:25.437 +03:00 [DBG] Executing controller factory for controller AuthService.API.Controllers.AuthController (AuthService.API)
2025-12-16 18:34:25.508 +03:00 [DBG] Executed controller factory for controller AuthService.API.Controllers.AuthController (AuthService.API)
2025-12-16 18:34:25.519 +03:00 [DBG] Attempting to bind parameter 'userForRegisterDto' of type 'AuthService.Entities.DTOs.UserForRegisterDto' ...
2025-12-16 18:34:25.522 +03:00 [DBG] Attempting to bind parameter 'userForRegisterDto' of type 'AuthService.Entities.DTOs.UserForRegisterDto' using the name '' in request data ...
2025-12-16 18:34:25.525 +03:00 [DBG] Selected input formatter 'Microsoft.AspNetCore.Mvc.Formatters.SystemTextJsonInputFormatter' for content type 'application/json'.
2025-12-16 18:34:25.533 +03:00 [DBG] Connection id "0HNHSN1NJT7E6", Request id "0HNHSN1NJT7E6:0000000B": started reading request body.
2025-12-16 18:34:25.535 +03:00 [DBG] Connection id "0HNHSN1NJT7E6", Request id "0HNHSN1NJT7E6:0000000B": done reading request body.
2025-12-16 18:34:25.546 +03:00 [DBG] JSON input formatter succeeded, deserializing to type 'AuthService.Entities.DTOs.UserForRegisterDto'
2025-12-16 18:34:25.548 +03:00 [DBG] Done attempting to bind parameter 'userForRegisterDto' of type 'AuthService.Entities.DTOs.UserForRegisterDto'.
2025-12-16 18:34:25.549 +03:00 [DBG] Done attempting to bind parameter 'userForRegisterDto' of type 'AuthService.Entities.DTOs.UserForRegisterDto'.
2025-12-16 18:34:25.550 +03:00 [DBG] Attempting to validate the bound parameter 'userForRegisterDto' of type 'AuthService.Entities.DTOs.UserForRegisterDto' ...
2025-12-16 18:34:25.601 +03:00 [DBG] Done attempting to validate the bound parameter 'userForRegisterDto' of type 'AuthService.Entities.DTOs.UserForRegisterDto'.
2025-12-16 18:34:25.603 +03:00 [DBG] The request has model state errors, returning an error response.
2025-12-16 18:34:25.606 +03:00 [DBG] Request was short circuited at action filter 'Microsoft.AspNetCore.Mvc.Infrastructure.ModelStateInvalidFilter'.
2025-12-16 18:34:25.609 +03:00 [DBG] List of registered output formatters, in the following order: ["Microsoft.AspNetCore.Mvc.Formatters.HttpNoContentOutputFormatter","Microsoft.AspNetCore.Mvc.Formatters.StringOutputFormatter","Microsoft.AspNetCore.Mvc.Formatters.StreamOutputFormatter","Microsoft.AspNetCore.Mvc.Formatters.SystemTextJsonOutputFormatter"]
2025-12-16 18:34:25.612 +03:00 [DBG] Attempting to select an output formatter based on Accept header '["application/json"]' and explicitly specified content types '["application/json"]'. The content types in the accept header must be a subset of the explicitly set content types.
2025-12-16 18:34:25.615 +03:00 [DBG] Selected output formatter 'Microsoft.AspNetCore.Mvc.Formatters.SystemTextJsonOutputFormatter' and content type 'application/json' to write the response.
2025-12-16 18:34:25.616 +03:00 [INF] Executing BadRequestObjectResult, writing value of type 'Core.Extensions.ApiResponse'.
2025-12-16 18:34:25.632 +03:00 [INF] Executed action AuthService.API.Controllers.AuthController.Register (AuthService.API) in 194.7623ms
2025-12-16 18:34:25.634 +03:00 [INF] Executed endpoint 'AuthService.API.Controllers.AuthController.Register (AuthService.API)'
2025-12-16 18:34:25.638 +03:00 [INF] [User: Anonymous] [IP: ::1] POST /api/Auth/register -> 400
2025-12-16 18:34:25.641 +03:00 [INF] Request finished HTTP/2 POST https://localhost:7001/api/Auth/register - 400 null application/json; charset=utf-8 334.3845ms
2025-12-16 18:34:43.431 +03:00 [INF] Request starting HTTP/2 POST https://localhost:7001/api/Auth/register - application/json 173
2025-12-16 18:34:43.436 +03:00 [DBG] 1 candidate(s) found for the request path '/api/Auth/register'
2025-12-16 18:34:43.437 +03:00 [DBG] Endpoint 'AuthService.API.Controllers.AuthController.Register (AuthService.API)' with route pattern 'api/Auth/register' is valid for the request path '/api/Auth/register'
2025-12-16 18:34:43.439 +03:00 [DBG] Request matched endpoint 'AuthService.API.Controllers.AuthController.Register (AuthService.API)'
2025-12-16 18:34:43.440 +03:00 [DBG] Static files was skipped as the request already matched an endpoint.
2025-12-16 18:34:43.442 +03:00 [DBG] The request has an origin header: 'https://localhost:7001'.
2025-12-16 18:34:43.443 +03:00 [INF] CORS policy execution successful.
2025-12-16 18:34:43.444 +03:00 [DBG] AuthenticationScheme: Bearer was not authenticated.
2025-12-16 18:34:43.445 +03:00 [INF] Executing endpoint 'AuthService.API.Controllers.AuthController.Register (AuthService.API)'
2025-12-16 18:34:43.446 +03:00 [INF] Route matched with {action = "Register", controller = "Auth"}. Executing controller action with signature Microsoft.AspNetCore.Mvc.IActionResult Register(AuthService.Entities.DTOs.UserForRegisterDto) on controller AuthService.API.Controllers.AuthController (AuthService.API).
2025-12-16 18:34:43.448 +03:00 [DBG] Execution plan of authorization filters (in the following order): ["None"]
2025-12-16 18:34:43.449 +03:00 [DBG] Execution plan of resource filters (in the following order): ["None"]
2025-12-16 18:34:43.449 +03:00 [DBG] Execution plan of action filters (in the following order): ["Microsoft.AspNetCore.Mvc.ModelBinding.UnsupportedContentTypeFilter (Order: -3000)","Microsoft.AspNetCore.Mvc.Infrastructure.ModelStateInvalidFilter (Order: -2000)"]
2025-12-16 18:34:43.451 +03:00 [DBG] Execution plan of exception filters (in the following order): ["None"]
2025-12-16 18:34:43.451 +03:00 [DBG] Execution plan of result filters (in the following order): ["Microsoft.AspNetCore.Mvc.Infrastructure.ClientErrorResultFilter (Order: -2000)","Microsoft.AspNetCore.Mvc.ProducesAttribute (Order: 0)"]
2025-12-16 18:34:43.453 +03:00 [DBG] Executing controller factory for controller AuthService.API.Controllers.AuthController (AuthService.API)
2025-12-16 18:34:43.455 +03:00 [DBG] Executed controller factory for controller AuthService.API.Controllers.AuthController (AuthService.API)
2025-12-16 18:34:43.456 +03:00 [DBG] Attempting to bind parameter 'userForRegisterDto' of type 'AuthService.Entities.DTOs.UserForRegisterDto' ...
2025-12-16 18:34:43.457 +03:00 [DBG] Attempting to bind parameter 'userForRegisterDto' of type 'AuthService.Entities.DTOs.UserForRegisterDto' using the name '' in request data ...
2025-12-16 18:34:43.458 +03:00 [DBG] Selected input formatter 'Microsoft.AspNetCore.Mvc.Formatters.SystemTextJsonInputFormatter' for content type 'application/json'.
2025-12-16 18:34:43.459 +03:00 [DBG] Connection id "0HNHSN1NJT7E6", Request id "0HNHSN1NJT7E6:0000000D": started reading request body.
2025-12-16 18:34:43.460 +03:00 [DBG] Connection id "0HNHSN1NJT7E6", Request id "0HNHSN1NJT7E6:0000000D": done reading request body.
2025-12-16 18:34:43.461 +03:00 [DBG] JSON input formatter succeeded, deserializing to type 'AuthService.Entities.DTOs.UserForRegisterDto'
2025-12-16 18:34:43.462 +03:00 [DBG] Done attempting to bind parameter 'userForRegisterDto' of type 'AuthService.Entities.DTOs.UserForRegisterDto'.
2025-12-16 18:34:43.463 +03:00 [DBG] Done attempting to bind parameter 'userForRegisterDto' of type 'AuthService.Entities.DTOs.UserForRegisterDto'.
2025-12-16 18:34:43.463 +03:00 [DBG] Attempting to validate the bound parameter 'userForRegisterDto' of type 'AuthService.Entities.DTOs.UserForRegisterDto' ...
2025-12-16 18:34:43.465 +03:00 [DBG] Done attempting to validate the bound parameter 'userForRegisterDto' of type 'AuthService.Entities.DTOs.UserForRegisterDto'.
2025-12-16 18:34:43.466 +03:00 [DBG] The request has model state errors, returning an error response.
2025-12-16 18:34:43.467 +03:00 [DBG] Request was short circuited at action filter 'Microsoft.AspNetCore.Mvc.Infrastructure.ModelStateInvalidFilter'.
2025-12-16 18:34:43.468 +03:00 [DBG] List of registered output formatters, in the following order: ["Microsoft.AspNetCore.Mvc.Formatters.HttpNoContentOutputFormatter","Microsoft.AspNetCore.Mvc.Formatters.StringOutputFormatter","Microsoft.AspNetCore.Mvc.Formatters.StreamOutputFormatter","Microsoft.AspNetCore.Mvc.Formatters.SystemTextJsonOutputFormatter"]
2025-12-16 18:34:43.469 +03:00 [DBG] Attempting to select an output formatter based on Accept header '["application/json"]' and explicitly specified content types '["application/json"]'. The content types in the accept header must be a subset of the explicitly set content types.
2025-12-16 18:34:43.470 +03:00 [DBG] Selected output formatter 'Microsoft.AspNetCore.Mvc.Formatters.SystemTextJsonOutputFormatter' and content type 'application/json' to write the response.
2025-12-16 18:34:43.471 +03:00 [INF] Executing BadRequestObjectResult, writing value of type 'Core.Extensions.ApiResponse'.
2025-12-16 18:34:43.472 +03:00 [INF] Executed action AuthService.API.Controllers.AuthController.Register (AuthService.API) in 19.5907ms
2025-12-16 18:34:43.473 +03:00 [INF] Executed endpoint 'AuthService.API.Controllers.AuthController.Register (AuthService.API)'
2025-12-16 18:34:43.474 +03:00 [INF] [User: Anonymous] [IP: ::1] POST /api/Auth/register -> 400
2025-12-16 18:34:43.475 +03:00 [INF] Request finished HTTP/2 POST https://localhost:7001/api/Auth/register - 400 null application/json; charset=utf-8 44.113ms
2025-12-16 18:36:25.457 +03:00 [DBG] HttpMessageHandler expired after 120000ms for client 'IPatientService'
2025-12-16 18:36:35.473 +03:00 [DBG] Starting HttpMessageHandler cleanup cycle with 1 items
2025-12-16 18:36:35.477 +03:00 [DBG] Ending HttpMessageHandler cleanup cycle after 0.0732ms - processed: 0 items - remaining: 1 items
2025-12-16 18:36:45.478 +03:00 [DBG] Starting HttpMessageHandler cleanup cycle with 1 items
2025-12-16 18:36:45.480 +03:00 [DBG] Ending HttpMessageHandler cleanup cycle after 0.0879ms - processed: 0 items - remaining: 1 items
2025-12-16 18:36:55.495 +03:00 [DBG] Starting HttpMessageHandler cleanup cycle with 1 items
2025-12-16 18:36:55.496 +03:00 [DBG] Ending HttpMessageHandler cleanup cycle after 0.0025ms - processed: 0 items - remaining: 1 items
2025-12-16 18:37:05.497 +03:00 [DBG] Starting HttpMessageHandler cleanup cycle with 1 items
2025-12-16 18:37:05.498 +03:00 [DBG] Ending HttpMessageHandler cleanup cycle after 0.0026ms - processed: 0 items - remaining: 1 items
2025-12-16 18:37:09.187 +03:00 [INF] Request starting HTTP/2 POST https://localhost:7001/api/Auth/register - application/json 172
2025-12-16 18:37:09.196 +03:00 [DBG] 1 candidate(s) found for the request path '/api/Auth/register'
2025-12-16 18:37:09.197 +03:00 [DBG] Endpoint 'AuthService.API.Controllers.AuthController.Register (AuthService.API)' with route pattern 'api/Auth/register' is valid for the request path '/api/Auth/register'
2025-12-16 18:37:09.198 +03:00 [DBG] Request matched endpoint 'AuthService.API.Controllers.AuthController.Register (AuthService.API)'
2025-12-16 18:37:09.200 +03:00 [DBG] Static files was skipped as the request already matched an endpoint.
2025-12-16 18:37:09.201 +03:00 [DBG] The request has an origin header: 'https://localhost:7001'.
2025-12-16 18:37:09.202 +03:00 [INF] CORS policy execution successful.
2025-12-16 18:37:09.203 +03:00 [DBG] AuthenticationScheme: Bearer was not authenticated.
2025-12-16 18:37:09.204 +03:00 [INF] Executing endpoint 'AuthService.API.Controllers.AuthController.Register (AuthService.API)'
2025-12-16 18:37:09.205 +03:00 [INF] Route matched with {action = "Register", controller = "Auth"}. Executing controller action with signature Microsoft.AspNetCore.Mvc.IActionResult Register(AuthService.Entities.DTOs.UserForRegisterDto) on controller AuthService.API.Controllers.AuthController (AuthService.API).
2025-12-16 18:37:09.207 +03:00 [DBG] Execution plan of authorization filters (in the following order): ["None"]
2025-12-16 18:37:09.207 +03:00 [DBG] Execution plan of resource filters (in the following order): ["None"]
2025-12-16 18:37:09.208 +03:00 [DBG] Execution plan of action filters (in the following order): ["Microsoft.AspNetCore.Mvc.ModelBinding.UnsupportedContentTypeFilter (Order: -3000)","Microsoft.AspNetCore.Mvc.Infrastructure.ModelStateInvalidFilter (Order: -2000)"]
2025-12-16 18:37:09.210 +03:00 [DBG] Execution plan of exception filters (in the following order): ["None"]
2025-12-16 18:37:09.211 +03:00 [DBG] Execution plan of result filters (in the following order): ["Microsoft.AspNetCore.Mvc.Infrastructure.ClientErrorResultFilter (Order: -2000)","Microsoft.AspNetCore.Mvc.ProducesAttribute (Order: 0)"]
2025-12-16 18:37:09.213 +03:00 [DBG] Executing controller factory for controller AuthService.API.Controllers.AuthController (AuthService.API)
2025-12-16 18:37:09.215 +03:00 [DBG] Executed controller factory for controller AuthService.API.Controllers.AuthController (AuthService.API)
2025-12-16 18:37:09.215 +03:00 [DBG] Attempting to bind parameter 'userForRegisterDto' of type 'AuthService.Entities.DTOs.UserForRegisterDto' ...
2025-12-16 18:37:09.217 +03:00 [DBG] Attempting to bind parameter 'userForRegisterDto' of type 'AuthService.Entities.DTOs.UserForRegisterDto' using the name '' in request data ...
2025-12-16 18:37:09.218 +03:00 [DBG] Selected input formatter 'Microsoft.AspNetCore.Mvc.Formatters.SystemTextJsonInputFormatter' for content type 'application/json'.
2025-12-16 18:37:09.219 +03:00 [DBG] Connection id "0HNHSN1NJT7E6", Request id "0HNHSN1NJT7E6:0000000F": started reading request body.
2025-12-16 18:37:09.220 +03:00 [DBG] Connection id "0HNHSN1NJT7E6", Request id "0HNHSN1NJT7E6:0000000F": done reading request body.
2025-12-16 18:37:09.221 +03:00 [DBG] JSON input formatter succeeded, deserializing to type 'AuthService.Entities.DTOs.UserForRegisterDto'
2025-12-16 18:37:09.222 +03:00 [DBG] Done attempting to bind parameter 'userForRegisterDto' of type 'AuthService.Entities.DTOs.UserForRegisterDto'.
2025-12-16 18:37:09.222 +03:00 [DBG] Done attempting to bind parameter 'userForRegisterDto' of type 'AuthService.Entities.DTOs.UserForRegisterDto'.
2025-12-16 18:37:09.223 +03:00 [DBG] Attempting to validate the bound parameter 'userForRegisterDto' of type 'AuthService.Entities.DTOs.UserForRegisterDto' ...
2025-12-16 18:37:09.225 +03:00 [DBG] Done attempting to validate the bound parameter 'userForRegisterDto' of type 'AuthService.Entities.DTOs.UserForRegisterDto'.
2025-12-16 18:37:09.226 +03:00 [DBG] The request has model state errors, returning an error response.
2025-12-16 18:37:09.227 +03:00 [DBG] Request was short circuited at action filter 'Microsoft.AspNetCore.Mvc.Infrastructure.ModelStateInvalidFilter'.
2025-12-16 18:37:09.227 +03:00 [DBG] List of registered output formatters, in the following order: ["Microsoft.AspNetCore.Mvc.Formatters.HttpNoContentOutputFormatter","Microsoft.AspNetCore.Mvc.Formatters.StringOutputFormatter","Microsoft.AspNetCore.Mvc.Formatters.StreamOutputFormatter","Microsoft.AspNetCore.Mvc.Formatters.SystemTextJsonOutputFormatter"]
2025-12-16 18:37:09.229 +03:00 [DBG] Attempting to select an output formatter based on Accept header '["application/json"]' and explicitly specified content types '["application/json"]'. The content types in the accept header must be a subset of the explicitly set content types.
2025-12-16 18:37:09.230 +03:00 [DBG] Selected output formatter 'Microsoft.AspNetCore.Mvc.Formatters.SystemTextJsonOutputFormatter' and content type 'application/json' to write the response.
2025-12-16 18:37:09.231 +03:00 [INF] Executing BadRequestObjectResult, writing value of type 'Core.Extensions.ApiResponse'.
2025-12-16 18:37:09.232 +03:00 [INF] Executed action AuthService.API.Controllers.AuthController.Register (AuthService.API) in 19.8159ms
2025-12-16 18:37:09.237 +03:00 [INF] Executed endpoint 'AuthService.API.Controllers.AuthController.Register (AuthService.API)'
2025-12-16 18:37:09.239 +03:00 [INF] [User: Anonymous] [IP: ::1] POST /api/Auth/register -> 400
2025-12-16 18:37:09.240 +03:00 [INF] Request finished HTTP/2 POST https://localhost:7001/api/Auth/register - 400 null application/json; charset=utf-8 53.7549ms
2025-12-16 18:37:15.509 +03:00 [DBG] Starting HttpMessageHandler cleanup cycle with 1 items
2025-12-16 18:37:15.510 +03:00 [DBG] Ending HttpMessageHandler cleanup cycle after 0.0019ms - processed: 0 items - remaining: 1 items
2025-12-16 18:37:25.526 +03:00 [DBG] Starting HttpMessageHandler cleanup cycle with 1 items
2025-12-16 18:37:25.527 +03:00 [DBG] Ending HttpMessageHandler cleanup cycle after 0.0021ms - processed: 0 items - remaining: 1 items
2025-12-16 18:37:27.226 +03:00 [INF] Request starting HTTP/2 POST https://localhost:7001/api/Auth/register - application/json 174
2025-12-16 18:37:27.228 +03:00 [DBG] 1 candidate(s) found for the request path '/api/Auth/register'
2025-12-16 18:37:27.229 +03:00 [DBG] Endpoint 'AuthService.API.Controllers.AuthController.Register (AuthService.API)' with route pattern 'api/Auth/register' is valid for the request path '/api/Auth/register'
2025-12-16 18:37:27.230 +03:00 [DBG] Request matched endpoint 'AuthService.API.Controllers.AuthController.Register (AuthService.API)'
2025-12-16 18:37:27.231 +03:00 [DBG] Static files was skipped as the request already matched an endpoint.
2025-12-16 18:37:27.232 +03:00 [DBG] The request has an origin header: 'https://localhost:7001'.
2025-12-16 18:37:27.232 +03:00 [INF] CORS policy execution successful.
2025-12-16 18:37:27.233 +03:00 [DBG] AuthenticationScheme: Bearer was not authenticated.
2025-12-16 18:37:27.234 +03:00 [INF] Executing endpoint 'AuthService.API.Controllers.AuthController.Register (AuthService.API)'
2025-12-16 18:37:27.235 +03:00 [INF] Route matched with {action = "Register", controller = "Auth"}. Executing controller action with signature Microsoft.AspNetCore.Mvc.IActionResult Register(AuthService.Entities.DTOs.UserForRegisterDto) on controller AuthService.API.Controllers.AuthController (AuthService.API).
2025-12-16 18:37:27.236 +03:00 [DBG] Execution plan of authorization filters (in the following order): ["None"]
2025-12-16 18:37:27.237 +03:00 [DBG] Execution plan of resource filters (in the following order): ["None"]
2025-12-16 18:37:27.238 +03:00 [DBG] Execution plan of action filters (in the following order): ["Microsoft.AspNetCore.Mvc.ModelBinding.UnsupportedContentTypeFilter (Order: -3000)","Microsoft.AspNetCore.Mvc.Infrastructure.ModelStateInvalidFilter (Order: -2000)"]
2025-12-16 18:37:27.240 +03:00 [DBG] Execution plan of exception filters (in the following order): ["None"]
2025-12-16 18:37:27.241 +03:00 [DBG] Execution plan of result filters (in the following order): ["Microsoft.AspNetCore.Mvc.Infrastructure.ClientErrorResultFilter (Order: -2000)","Microsoft.AspNetCore.Mvc.ProducesAttribute (Order: 0)"]
2025-12-16 18:37:27.242 +03:00 [DBG] Executing controller factory for controller AuthService.API.Controllers.AuthController (AuthService.API)
2025-12-16 18:37:27.243 +03:00 [DBG] Executed controller factory for controller AuthService.API.Controllers.AuthController (AuthService.API)
2025-12-16 18:37:27.244 +03:00 [DBG] Attempting to bind parameter 'userForRegisterDto' of type 'AuthService.Entities.DTOs.UserForRegisterDto' ...
2025-12-16 18:37:27.245 +03:00 [DBG] Attempting to bind parameter 'userForRegisterDto' of type 'AuthService.Entities.DTOs.UserForRegisterDto' using the name '' in request data ...
2025-12-16 18:37:27.246 +03:00 [DBG] Selected input formatter 'Microsoft.AspNetCore.Mvc.Formatters.SystemTextJsonInputFormatter' for content type 'application/json'.
2025-12-16 18:37:27.247 +03:00 [DBG] Connection id "0HNHSN1NJT7E6", Request id "0HNHSN1NJT7E6:00000011": started reading request body.
2025-12-16 18:37:27.248 +03:00 [DBG] Connection id "0HNHSN1NJT7E6", Request id "0HNHSN1NJT7E6:00000011": done reading request body.
2025-12-16 18:37:27.249 +03:00 [DBG] JSON input formatter succeeded, deserializing to type 'AuthService.Entities.DTOs.UserForRegisterDto'
2025-12-16 18:37:27.249 +03:00 [DBG] Done attempting to bind parameter 'userForRegisterDto' of type 'AuthService.Entities.DTOs.UserForRegisterDto'.
2025-12-16 18:37:27.250 +03:00 [DBG] Done attempting to bind parameter 'userForRegisterDto' of type 'AuthService.Entities.DTOs.UserForRegisterDto'.
2025-12-16 18:37:27.251 +03:00 [DBG] Attempting to validate the bound parameter 'userForRegisterDto' of type 'AuthService.Entities.DTOs.UserForRegisterDto' ...
2025-12-16 18:37:27.253 +03:00 [DBG] Done attempting to validate the bound parameter 'userForRegisterDto' of type 'AuthService.Entities.DTOs.UserForRegisterDto'.
2025-12-16 18:37:32.266 +03:00 [DBG] Entity Framework Core 8.0.17 initialized 'AuthDbContext' using provider 'Npgsql.EntityFrameworkCore.PostgreSQL:8.0.10+18d07c54eacaffa5bf8128d47eecdb5255d86376' with options: None
2025-12-16 18:37:32.288 +03:00 [DBG] Compiling query expression: 
'DbSet<User>()
    .FirstOrDefault(u => u.Email == __email_0)'
2025-12-16 18:37:32.421 +03:00 [DBG] Generated query execution expression: 
'queryContext => new SingleQueryingEnumerable<User>(
    (RelationalQueryContext)queryContext, 
    RelationalCommandCache.QueryExpression(
        Projection Mapping:
            EmptyProjectionMember -> Dictionary<IProperty, int> { [Property: User.Id (int) Required PK AfterSave:Throw ValueGenerated.OnAdd, 0], [Property: User.CreatedDate (DateTime) Required, 1], [Property: User.Email (string) Required Index MaxLength(100), 2], [Property: User.FailedLoginAttempts (int) Required, 3], [Property: User.FirstName (string) Required MaxLength(50), 4], [Property: User.IdentityNumber (string) Required, 5], [Property: User.IsEmailVerified (bool) Required, 6], [Property: User.LastName (string) MaxLength(50), 7], [Property: User.LockoutEndTime (DateTime?), 8], [Property: User.PasswordHash (byte[]) Required, 9], [Property: User.PasswordSalt (byte[]) Required, 10], [Property: User.PhoneNumber (string) MaxLength(20), 11], [Property: User.RefreshToken (string), 12], [Property: User.RefreshTokenExpiration (DateTime?), 13], [Property: User.Status (bool) Required, 14], [Property: User.UpdatedDate (DateTime?), 15] }
        SELECT TOP(1) u.Id, u.CreatedDate, u.Email, u.FailedLoginAttempts, u.FirstName, u.IdentityNumber, u.IsEmailVerified, u.LastName, u.LockoutEndTime, u.PasswordHash, u.PasswordSalt, u.PhoneNumber, u.RefreshToken, u.RefreshTokenExpiration, u.Status, u.UpdatedDate
        FROM Users AS u
        WHERE u.Email == @__email_0), 
    null, 
    Func<QueryContext, DbDataReader, ResultContext, SingleQueryResultCoordinator, User>, 
    AuthService.DataAccess.Concrete.EntityFramework.AuthDbContext, 
    False, 
    False, 
    True
)
    .SingleOrDefault()'
2025-12-16 18:37:32.441 +03:00 [DBG] Creating DbConnection.
2025-12-16 18:37:32.442 +03:00 [DBG] Created DbConnection. (0ms).
2025-12-16 18:37:32.442 +03:00 [DBG] Opening connection to database 'AuthServiceDb_Dev' on server 'tcp://localhost:5432'.
2025-12-16 18:37:32.443 +03:00 [DBG] Opened connection to database 'AuthServiceDb_Dev' on server 'tcp://localhost:5432'.
2025-12-16 18:37:32.444 +03:00 [DBG] Creating DbCommand for 'ExecuteReader'.
2025-12-16 18:37:32.445 +03:00 [DBG] Created DbCommand for 'ExecuteReader' (0ms).
2025-12-16 18:37:32.448 +03:00 [DBG] Initialized DbCommand for 'ExecuteReader' (4ms).
2025-12-16 18:37:32.451 +03:00 [DBG] Executing DbCommand [Parameters=[@__email_0='?'], CommandType='"Text"', CommandTimeout='30']
SELECT u."Id", u."CreatedDate", u."Email", u."FailedLoginAttempts", u."FirstName", u."IdentityNumber", u."IsEmailVerified", u."LastName", u."LockoutEndTime", u."PasswordHash", u."PasswordSalt", u."PhoneNumber", u."RefreshToken", u."RefreshTokenExpiration", u."Status", u."UpdatedDate"
FROM "Users" AS u
WHERE u."Email" = @__email_0
LIMIT 1
2025-12-16 18:37:32.474 +03:00 [ERR] Failed executing DbCommand (24ms) [Parameters=[@__email_0='?'], CommandType='"Text"', CommandTimeout='30']
SELECT u."Id", u."CreatedDate", u."Email", u."FailedLoginAttempts", u."FirstName", u."IdentityNumber", u."IsEmailVerified", u."LastName", u."LockoutEndTime", u."PasswordHash", u."PasswordSalt", u."PhoneNumber", u."RefreshToken", u."RefreshTokenExpiration", u."Status", u."UpdatedDate"
FROM "Users" AS u
WHERE u."Email" = @__email_0
LIMIT 1
2025-12-16 18:37:32.476 +03:00 [DBG] Closing connection to database 'AuthServiceDb_Dev' on server 'tcp://localhost:5432'.
2025-12-16 18:37:32.477 +03:00 [DBG] Closed connection to database 'AuthServiceDb_Dev' on server 'tcp://localhost:5432' (0ms).
2025-12-16 18:37:32.483 +03:00 [ERR] An exception occurred while iterating over the results of a query for context type 'AuthService.DataAccess.Concrete.EntityFramework.AuthDbContext'.
Npgsql.PostgresException (0x80004005): 42703: u.IdentityNumber sütunu mevcut değil

POSITION: 84
   at Npgsql.Internal.NpgsqlConnector.ReadMessageLong(Boolean async, DataRowLoadingMode dataRowLoadingMode, Boolean readingNotifications, Boolean isReadingPrependedMessage)
   at System.Runtime.CompilerServices.PoolingAsyncValueTaskMethodBuilder`1.StateMachineBox`1.System.Threading.Tasks.Sources.IValueTaskSource<TResult>.GetResult(Int16 token)
   at Npgsql.NpgsqlDataReader.NextResult(Boolean async, Boolean isConsuming, CancellationToken cancellationToken)
   at Npgsql.NpgsqlDataReader.NextResult(Boolean async, Boolean isConsuming, CancellationToken cancellationToken)
   at Npgsql.NpgsqlDataReader.NextResult()
   at Npgsql.NpgsqlCommand.ExecuteReader(Boolean async, CommandBehavior behavior, CancellationToken cancellationToken)
   at Npgsql.NpgsqlCommand.ExecuteReader(Boolean async, CommandBehavior behavior, CancellationToken cancellationToken)
   at Npgsql.NpgsqlCommand.ExecuteReader(CommandBehavior behavior)
   at Npgsql.NpgsqlCommand.ExecuteDbDataReader(CommandBehavior behavior)
   at Microsoft.EntityFrameworkCore.Storage.RelationalCommand.ExecuteReader(RelationalCommandParameterObject parameterObject)
   at Microsoft.EntityFrameworkCore.Query.Internal.SingleQueryingEnumerable`1.Enumerator.InitializeReader(Enumerator enumerator)
   at Microsoft.EntityFrameworkCore.Query.Internal.SingleQueryingEnumerable`1.Enumerator.<>c.<MoveNext>b__21_0(DbContext _, Enumerator enumerator)
   at Npgsql.EntityFrameworkCore.PostgreSQL.Storage.Internal.NpgsqlExecutionStrategy.Execute[TState,TResult](TState state, Func`3 operation, Func`3 verifySucceeded)
   at Microsoft.EntityFrameworkCore.Query.Internal.SingleQueryingEnumerable`1.Enumerator.MoveNext()
  Exception data:
    Severity: HATA
    SqlState: 42703
    MessageText: u.IdentityNumber sütunu mevcut değil
    Position: 84
    File: parse_relation.c
    Line: 3721
    Routine: errorMissingColumn
Npgsql.PostgresException (0x80004005): 42703: u.IdentityNumber sütunu mevcut değil

POSITION: 84
   at Npgsql.Internal.NpgsqlConnector.ReadMessageLong(Boolean async, DataRowLoadingMode dataRowLoadingMode, Boolean readingNotifications, Boolean isReadingPrependedMessage)
   at System.Runtime.CompilerServices.PoolingAsyncValueTaskMethodBuilder`1.StateMachineBox`1.System.Threading.Tasks.Sources.IValueTaskSource<TResult>.GetResult(Int16 token)
   at Npgsql.NpgsqlDataReader.NextResult(Boolean async, Boolean isConsuming, CancellationToken cancellationToken)
   at Npgsql.NpgsqlDataReader.NextResult(Boolean async, Boolean isConsuming, CancellationToken cancellationToken)
   at Npgsql.NpgsqlDataReader.NextResult()
   at Npgsql.NpgsqlCommand.ExecuteReader(Boolean async, CommandBehavior behavior, CancellationToken cancellationToken)
   at Npgsql.NpgsqlCommand.ExecuteReader(Boolean async, CommandBehavior behavior, CancellationToken cancellationToken)
   at Npgsql.NpgsqlCommand.ExecuteReader(CommandBehavior behavior)
   at Npgsql.NpgsqlCommand.ExecuteDbDataReader(CommandBehavior behavior)
   at Microsoft.EntityFrameworkCore.Storage.RelationalCommand.ExecuteReader(RelationalCommandParameterObject parameterObject)
   at Microsoft.EntityFrameworkCore.Query.Internal.SingleQueryingEnumerable`1.Enumerator.InitializeReader(Enumerator enumerator)
   at Microsoft.EntityFrameworkCore.Query.Internal.SingleQueryingEnumerable`1.Enumerator.<>c.<MoveNext>b__21_0(DbContext _, Enumerator enumerator)
   at Npgsql.EntityFrameworkCore.PostgreSQL.Storage.Internal.NpgsqlExecutionStrategy.Execute[TState,TResult](TState state, Func`3 operation, Func`3 verifySucceeded)
   at Microsoft.EntityFrameworkCore.Query.Internal.SingleQueryingEnumerable`1.Enumerator.MoveNext()
  Exception data:
    Severity: HATA
    SqlState: 42703
    MessageText: u.IdentityNumber sütunu mevcut değil
    Position: 84
    File: parse_relation.c
    Line: 3721
    Routine: errorMissingColumn
2025-12-16 18:37:54.367 +03:00 [DBG] Registered model binder providers, in the following order: ["Microsoft.AspNetCore.Mvc.ModelBinding.Binders.BinderTypeModelBinderProvider","Microsoft.AspNetCore.Mvc.ModelBinding.Binders.ServicesModelBinderProvider","Microsoft.AspNetCore.Mvc.ModelBinding.Binders.BodyModelBinderProvider","Microsoft.AspNetCore.Mvc.ModelBinding.Binders.HeaderModelBinderProvider","Microsoft.AspNetCore.Mvc.ModelBinding.Binders.FloatingPointTypeModelBinderProvider","Microsoft.AspNetCore.Mvc.ModelBinding.Binders.EnumTypeModelBinderProvider","Microsoft.AspNetCore.Mvc.ModelBinding.Binders.DateTimeModelBinderProvider","Microsoft.AspNetCore.Mvc.ModelBinding.Binders.SimpleTypeModelBinderProvider","Microsoft.AspNetCore.Mvc.ModelBinding.Binders.TryParseModelBinderProvider","Microsoft.AspNetCore.Mvc.ModelBinding.Binders.CancellationTokenModelBinderProvider","Microsoft.AspNetCore.Mvc.ModelBinding.Binders.ByteArrayModelBinderProvider","Microsoft.AspNetCore.Mvc.ModelBinding.Binders.FormFileModelBinderProvider","Microsoft.AspNetCore.Mvc.ModelBinding.Binders.FormCollectionModelBinderProvider","Microsoft.AspNetCore.Mvc.ModelBinding.Binders.KeyValuePairModelBinderProvider","Microsoft.AspNetCore.Mvc.ModelBinding.Binders.DictionaryModelBinderProvider","Microsoft.AspNetCore.Mvc.ModelBinding.Binders.ArrayModelBinderProvider","Microsoft.AspNetCore.Mvc.ModelBinding.Binders.CollectionModelBinderProvider","Microsoft.AspNetCore.Mvc.ModelBinding.Binders.ComplexObjectModelBinderProvider"]
2025-12-16 18:37:54.569 +03:00 [DBG] An 'IServiceProvider' was created for internal use by Entity Framework.
2025-12-16 18:37:54.919 +03:00 [DBG] The index {'UserId'} was not created on entity type 'UserOperationClaim' as the properties are already covered by the index {'UserId', 'OperationClaimId'}.
2025-12-16 18:37:55.173 +03:00 [DBG] Entity Framework Core 8.0.17 initialized 'AuthDbContext' using provider 'Npgsql.EntityFrameworkCore.PostgreSQL:8.0.10+18d07c54eacaffa5bf8128d47eecdb5255d86376' with options: None
2025-12-16 18:37:55.184 +03:00 [DBG] Creating DbConnection.
2025-12-16 18:37:55.217 +03:00 [DBG] Created DbConnection. (31ms).
2025-12-16 18:37:55.225 +03:00 [DBG] Opening connection to database 'AuthServiceDb_Dev' on server 'tcp://localhost:5432'.
2025-12-16 18:37:55.340 +03:00 [DBG] Opened connection to database 'AuthServiceDb_Dev' on server 'tcp://localhost:5432'.
2025-12-16 18:37:55.343 +03:00 [DBG] Closing connection to database 'AuthServiceDb_Dev' on server 'tcp://localhost:5432'.
2025-12-16 18:37:55.350 +03:00 [DBG] Closed connection to database 'AuthServiceDb_Dev' on server 'tcp://localhost:5432' (4ms).
2025-12-16 18:37:55.355 +03:00 [DBG] Creating DbCommand for 'ExecuteScalar'.
2025-12-16 18:37:55.360 +03:00 [DBG] Created DbCommand for 'ExecuteScalar' (3ms).
2025-12-16 18:37:55.362 +03:00 [DBG] Initialized DbCommand for 'ExecuteScalar' (7ms).
2025-12-16 18:37:55.364 +03:00 [DBG] Opening connection to database 'AuthServiceDb_Dev' on server 'tcp://localhost:5432'.
2025-12-16 18:37:55.424 +03:00 [DBG] Opened connection to database 'AuthServiceDb_Dev' on server 'tcp://localhost:5432'.
2025-12-16 18:37:55.432 +03:00 [DBG] Executing DbCommand [Parameters=[], CommandType='"Text"', CommandTimeout='30']
SELECT EXISTS (
    SELECT 1 FROM pg_catalog.pg_class c
    JOIN pg_catalog.pg_namespace n ON n.oid=c.relnamespace
    WHERE n.nspname='public' AND
          c.relname='__EFMigrationsHistory'
)
2025-12-16 18:37:55.483 +03:00 [INF] Executed DbCommand (50ms) [Parameters=[], CommandType='"Text"', CommandTimeout='30']
SELECT EXISTS (
    SELECT 1 FROM pg_catalog.pg_class c
    JOIN pg_catalog.pg_namespace n ON n.oid=c.relnamespace
    WHERE n.nspname='public' AND
          c.relname='__EFMigrationsHistory'
)
2025-12-16 18:37:55.485 +03:00 [DBG] Closing connection to database 'AuthServiceDb_Dev' on server 'tcp://localhost:5432'.
2025-12-16 18:37:55.487 +03:00 [DBG] Closed connection to database 'AuthServiceDb_Dev' on server 'tcp://localhost:5432' (2ms).
2025-12-16 18:37:55.497 +03:00 [DBG] Opening connection to database 'AuthServiceDb_Dev' on server 'tcp://localhost:5432'.
2025-12-16 18:37:55.498 +03:00 [DBG] Opened connection to database 'AuthServiceDb_Dev' on server 'tcp://localhost:5432'.
2025-12-16 18:37:55.499 +03:00 [DBG] Creating DbCommand for 'ExecuteReader'.
2025-12-16 18:37:55.500 +03:00 [DBG] Created DbCommand for 'ExecuteReader' (0ms).
2025-12-16 18:37:55.501 +03:00 [DBG] Initialized DbCommand for 'ExecuteReader' (1ms).
2025-12-16 18:37:55.502 +03:00 [DBG] Executing DbCommand [Parameters=[], CommandType='"Text"', CommandTimeout='30']
SELECT "MigrationId", "ProductVersion"
FROM "__EFMigrationsHistory"
ORDER BY "MigrationId";
2025-12-16 18:37:55.506 +03:00 [INF] Executed DbCommand (4ms) [Parameters=[], CommandType='"Text"', CommandTimeout='30']
SELECT "MigrationId", "ProductVersion"
FROM "__EFMigrationsHistory"
ORDER BY "MigrationId";
2025-12-16 18:37:55.512 +03:00 [DBG] Closing data reader to 'AuthServiceDb_Dev' on server 'tcp://localhost:5432'.
2025-12-16 18:37:55.515 +03:00 [DBG] A data reader for 'AuthServiceDb_Dev' on server 'tcp://localhost:5432' is being disposed after spending 6ms reading results.
2025-12-16 18:37:55.517 +03:00 [DBG] Closing connection to database 'AuthServiceDb_Dev' on server 'tcp://localhost:5432'.
2025-12-16 18:37:55.518 +03:00 [DBG] Closed connection to database 'AuthServiceDb_Dev' on server 'tcp://localhost:5432' (1ms).
2025-12-16 18:37:55.521 +03:00 [DBG] Migrating using database 'AuthServiceDb_Dev' on server 'tcp://localhost:5432'.
2025-12-16 18:37:55.523 +03:00 [DBG] Opening connection to database 'AuthServiceDb_Dev' on server 'tcp://localhost:5432'.
2025-12-16 18:37:55.568 +03:00 [DBG] Opened connection to database 'AuthServiceDb_Dev' on server 'tcp://localhost:5432'.
2025-12-16 18:37:55.569 +03:00 [DBG] Closing connection to database 'AuthServiceDb_Dev' on server 'tcp://localhost:5432'.
2025-12-16 18:37:55.570 +03:00 [DBG] Closed connection to database 'AuthServiceDb_Dev' on server 'tcp://localhost:5432' (1ms).
2025-12-16 18:37:55.572 +03:00 [DBG] Creating DbCommand for 'ExecuteScalar'.
2025-12-16 18:37:55.573 +03:00 [DBG] Created DbCommand for 'ExecuteScalar' (0ms).
2025-12-16 18:37:55.574 +03:00 [DBG] Initialized DbCommand for 'ExecuteScalar' (1ms).
2025-12-16 18:37:55.574 +03:00 [DBG] Opening connection to database 'AuthServiceDb_Dev' on server 'tcp://localhost:5432'.
2025-12-16 18:37:55.575 +03:00 [DBG] Opened connection to database 'AuthServiceDb_Dev' on server 'tcp://localhost:5432'.
2025-12-16 18:37:55.576 +03:00 [DBG] Executing DbCommand [Parameters=[], CommandType='"Text"', CommandTimeout='30']
SELECT EXISTS (
    SELECT 1 FROM pg_catalog.pg_class c
    JOIN pg_catalog.pg_namespace n ON n.oid=c.relnamespace
    WHERE n.nspname='public' AND
          c.relname='__EFMigrationsHistory'
)
2025-12-16 18:37:55.579 +03:00 [INF] Executed DbCommand (2ms) [Parameters=[], CommandType='"Text"', CommandTimeout='30']
SELECT EXISTS (
    SELECT 1 FROM pg_catalog.pg_class c
    JOIN pg_catalog.pg_namespace n ON n.oid=c.relnamespace
    WHERE n.nspname='public' AND
          c.relname='__EFMigrationsHistory'
)
2025-12-16 18:37:55.580 +03:00 [DBG] Closing connection to database 'AuthServiceDb_Dev' on server 'tcp://localhost:5432'.
2025-12-16 18:37:55.581 +03:00 [DBG] Closed connection to database 'AuthServiceDb_Dev' on server 'tcp://localhost:5432' (0ms).
2025-12-16 18:37:55.583 +03:00 [DBG] Opening connection to database 'AuthServiceDb_Dev' on server 'tcp://localhost:5432'.
2025-12-16 18:37:55.632 +03:00 [DBG] Opened connection to database 'AuthServiceDb_Dev' on server 'tcp://localhost:5432'.
2025-12-16 18:37:55.633 +03:00 [DBG] Closing connection to database 'AuthServiceDb_Dev' on server 'tcp://localhost:5432'.
2025-12-16 18:37:55.635 +03:00 [DBG] Closed connection to database 'AuthServiceDb_Dev' on server 'tcp://localhost:5432' (1ms).
2025-12-16 18:37:55.637 +03:00 [DBG] Creating DbCommand for 'ExecuteScalar'.
2025-12-16 18:37:55.638 +03:00 [DBG] Created DbCommand for 'ExecuteScalar' (1ms).
2025-12-16 18:37:55.640 +03:00 [DBG] Initialized DbCommand for 'ExecuteScalar' (3ms).
2025-12-16 18:37:55.641 +03:00 [DBG] Opening connection to database 'AuthServiceDb_Dev' on server 'tcp://localhost:5432'.
2025-12-16 18:37:55.643 +03:00 [DBG] Opened connection to database 'AuthServiceDb_Dev' on server 'tcp://localhost:5432'.
2025-12-16 18:37:55.644 +03:00 [DBG] Executing DbCommand [Parameters=[], CommandType='"Text"', CommandTimeout='30']
SELECT EXISTS (
    SELECT 1 FROM pg_catalog.pg_class c
    JOIN pg_catalog.pg_namespace n ON n.oid=c.relnamespace
    WHERE n.nspname='public' AND
          c.relname='__EFMigrationsHistory'
)
2025-12-16 18:37:55.646 +03:00 [INF] Executed DbCommand (2ms) [Parameters=[], CommandType='"Text"', CommandTimeout='30']
SELECT EXISTS (
    SELECT 1 FROM pg_catalog.pg_class c
    JOIN pg_catalog.pg_namespace n ON n.oid=c.relnamespace
    WHERE n.nspname='public' AND
          c.relname='__EFMigrationsHistory'
)
2025-12-16 18:37:55.648 +03:00 [DBG] Closing connection to database 'AuthServiceDb_Dev' on server 'tcp://localhost:5432'.
2025-12-16 18:37:55.649 +03:00 [DBG] Closed connection to database 'AuthServiceDb_Dev' on server 'tcp://localhost:5432' (1ms).
2025-12-16 18:37:55.651 +03:00 [DBG] Opening connection to database 'AuthServiceDb_Dev' on server 'tcp://localhost:5432'.
2025-12-16 18:37:55.652 +03:00 [DBG] Opened connection to database 'AuthServiceDb_Dev' on server 'tcp://localhost:5432'.
2025-12-16 18:37:55.653 +03:00 [DBG] Creating DbCommand for 'ExecuteReader'.
2025-12-16 18:37:55.654 +03:00 [DBG] Created DbCommand for 'ExecuteReader' (0ms).
2025-12-16 18:37:55.655 +03:00 [DBG] Initialized DbCommand for 'ExecuteReader' (2ms).
2025-12-16 18:37:55.657 +03:00 [DBG] Executing DbCommand [Parameters=[], CommandType='"Text"', CommandTimeout='30']
SELECT "MigrationId", "ProductVersion"
FROM "__EFMigrationsHistory"
ORDER BY "MigrationId";
2025-12-16 18:37:55.659 +03:00 [INF] Executed DbCommand (2ms) [Parameters=[], CommandType='"Text"', CommandTimeout='30']
SELECT "MigrationId", "ProductVersion"
FROM "__EFMigrationsHistory"
ORDER BY "MigrationId";
2025-12-16 18:37:55.661 +03:00 [DBG] Closing data reader to 'AuthServiceDb_Dev' on server 'tcp://localhost:5432'.
2025-12-16 18:37:55.662 +03:00 [DBG] A data reader for 'AuthServiceDb_Dev' on server 'tcp://localhost:5432' is being disposed after spending 1ms reading results.
2025-12-16 18:37:55.664 +03:00 [DBG] Closing connection to database 'AuthServiceDb_Dev' on server 'tcp://localhost:5432'.
2025-12-16 18:37:55.665 +03:00 [DBG] Closed connection to database 'AuthServiceDb_Dev' on server 'tcp://localhost:5432' (1ms).
2025-12-16 18:37:55.674 +03:00 [INF] No migrations were applied. The database is already up to date.
2025-12-16 18:37:55.677 +03:00 [INF] Database migrations applied successfully.
2025-12-16 18:37:55.679 +03:00 [DBG] 'AuthDbContext' disposed.
2025-12-16 18:37:55.681 +03:00 [DBG] Disposing connection to database 'AuthServiceDb_Dev' on server 'tcp://localhost:5432'.
2025-12-16 18:37:55.683 +03:00 [DBG] Disposed connection to database 'AuthServiceDb_Dev' on server 'tcp://localhost:5432' (1ms).
2025-12-16 18:37:55.685 +03:00 [DBG] Hosting starting
2025-12-16 18:37:55.709 +03:00 [INF] User profile is available. Using 'C:\Users\atura\AppData\Local\ASP.NET\DataProtection-Keys' as key repository and Windows DPAPI to encrypt keys at rest.
2025-12-16 18:37:55.726 +03:00 [DBG] Reading data from file 'C:\Users\atura\AppData\Local\ASP.NET\DataProtection-Keys\key-2b41731a-ff2b-4c58-8083-9dd2e8e06c02.xml'.
2025-12-16 18:37:55.731 +03:00 [DBG] Reading data from file 'C:\Users\atura\AppData\Local\ASP.NET\DataProtection-Keys\key-b1bfbf17-5e54-4bcd-856c-81e8ff116985.xml'.
2025-12-16 18:37:55.732 +03:00 [DBG] Reading data from file 'C:\Users\atura\AppData\Local\ASP.NET\DataProtection-Keys\key-d4db8ae3-c3b6-4a1e-a8e6-5ce936ab3dc1.xml'.
2025-12-16 18:37:55.733 +03:00 [DBG] Reading data from file 'C:\Users\atura\AppData\Local\ASP.NET\DataProtection-Keys\key-d528c6a9-5739-4b20-b71f-eef16136c0e0.xml'.
2025-12-16 18:37:55.734 +03:00 [DBG] Reading data from file 'C:\Users\atura\AppData\Local\ASP.NET\DataProtection-Keys\key-f197c843-1f03-4bc8-9e1b-7ef1bcdd878d.xml'.
2025-12-16 18:37:55.737 +03:00 [DBG] Found key {2b41731a-ff2b-4c58-8083-9dd2e8e06c02}.
2025-12-16 18:37:55.741 +03:00 [DBG] Found key {b1bfbf17-5e54-4bcd-856c-81e8ff116985}.
2025-12-16 18:37:55.742 +03:00 [DBG] Found key {d4db8ae3-c3b6-4a1e-a8e6-5ce936ab3dc1}.
2025-12-16 18:37:55.742 +03:00 [DBG] Found key {d528c6a9-5739-4b20-b71f-eef16136c0e0}.
2025-12-16 18:37:55.743 +03:00 [DBG] Found key {f197c843-1f03-4bc8-9e1b-7ef1bcdd878d}.
2025-12-16 18:37:55.748 +03:00 [DBG] Considering key {d528c6a9-5739-4b20-b71f-eef16136c0e0} with expiration date 2026-01-16 09:53:55Z as default key.
2025-12-16 18:37:55.751 +03:00 [DBG] Forwarded activator type request from Microsoft.AspNetCore.DataProtection.XmlEncryption.DpapiXmlDecryptor, Microsoft.AspNetCore.DataProtection, Version=8.0.0.0, Culture=neutral, PublicKeyToken=adb9793829ddae60 to Microsoft.AspNetCore.DataProtection.XmlEncryption.DpapiXmlDecryptor, Microsoft.AspNetCore.DataProtection, Culture=neutral, PublicKeyToken=adb9793829ddae60
2025-12-16 18:37:55.752 +03:00 [DBG] Decrypting secret element using Windows DPAPI.
2025-12-16 18:37:55.754 +03:00 [DBG] Forwarded activator type request from Microsoft.AspNetCore.DataProtection.AuthenticatedEncryption.ConfigurationModel.AuthenticatedEncryptorDescriptorDeserializer, Microsoft.AspNetCore.DataProtection, Version=8.0.0.0, Culture=neutral, PublicKeyToken=adb9793829ddae60 to Microsoft.AspNetCore.DataProtection.AuthenticatedEncryption.ConfigurationModel.AuthenticatedEncryptorDescriptorDeserializer, Microsoft.AspNetCore.DataProtection, Culture=neutral, PublicKeyToken=adb9793829ddae60
2025-12-16 18:37:55.757 +03:00 [DBG] Opening CNG algorithm 'AES' from provider 'null' with chaining mode CBC.
2025-12-16 18:37:55.758 +03:00 [DBG] Opening CNG algorithm 'SHA256' from provider 'null' with HMAC.
2025-12-16 18:37:55.760 +03:00 [DBG] Using key {d528c6a9-5739-4b20-b71f-eef16136c0e0} as the default key.
2025-12-16 18:37:55.761 +03:00 [DBG] Key ring with default key {d528c6a9-5739-4b20-b71f-eef16136c0e0} was loaded during application startup.
2025-12-16 18:37:55.892 +03:00 [INF] Now listening on: https://localhost:7001
2025-12-16 18:37:55.892 +03:00 [INF] Now listening on: http://localhost:5001
2025-12-16 18:37:55.893 +03:00 [DBG] Loaded hosting startup assembly AuthService.API
2025-12-16 18:37:55.894 +03:00 [DBG] Loaded hosting startup assembly Microsoft.WebTools.ApiEndpointDiscovery
2025-12-16 18:37:55.894 +03:00 [DBG] Loaded hosting startup assembly Microsoft.AspNetCore.Watch.BrowserRefresh
2025-12-16 18:37:55.895 +03:00 [DBG] Loaded hosting startup assembly Microsoft.WebTools.BrowserLink.Net
2025-12-16 18:37:55.921 +03:00 [DBG] Connection id "0HNHSN4AMO52S" received FIN.
2025-12-16 18:37:55.921 +03:00 [DBG] Connection id "0HNHSN4AMO52T" received FIN.
2025-12-16 18:37:55.923 +03:00 [DBG] Connection id "0HNHSN4AMO52S" accepted.
2025-12-16 18:37:55.923 +03:00 [DBG] Connection id "0HNHSN4AMO52T" accepted.
2025-12-16 18:37:55.925 +03:00 [DBG] Connection id "0HNHSN4AMO52S" started.
2025-12-16 18:37:55.925 +03:00 [DBG] Connection id "0HNHSN4AMO52T" started.
2025-12-16 18:37:55.945 +03:00 [DBG] Failed to authenticate HTTPS connection.
System.IO.IOException: Received an unexpected EOF or 0 bytes from the transport stream.
   at System.Net.Security.SslStream.ReceiveHandshakeFrameAsync[TIOAdapter](CancellationToken cancellationToken)
   at System.Net.Security.SslStream.ForceAuthenticationAsync[TIOAdapter](Boolean receiveFirst, Byte[] reAuthenticationData, CancellationToken cancellationToken)
   at System.Net.Security.SslStream.ProcessAuthenticationWithTelemetryAsync(Boolean isAsync, CancellationToken cancellationToken)
   at Microsoft.AspNetCore.Server.Kestrel.Https.Internal.HttpsConnectionMiddleware.OnConnectionAsync(ConnectionContext context)
2025-12-16 18:37:55.945 +03:00 [DBG] Failed to authenticate HTTPS connection.
System.IO.IOException: Received an unexpected EOF or 0 bytes from the transport stream.
   at System.Net.Security.SslStream.ReceiveHandshakeFrameAsync[TIOAdapter](CancellationToken cancellationToken)
   at System.Net.Security.SslStream.ForceAuthenticationAsync[TIOAdapter](Boolean receiveFirst, Byte[] reAuthenticationData, CancellationToken cancellationToken)
   at System.Net.Security.SslStream.ProcessAuthenticationWithTelemetryAsync(Boolean isAsync, CancellationToken cancellationToken)
   at Microsoft.AspNetCore.Server.Kestrel.Https.Internal.HttpsConnectionMiddleware.OnConnectionAsync(ConnectionContext context)
2025-12-16 18:37:55.977 +03:00 [DBG] Connection id "0HNHSN4AMO52S" stopped.
2025-12-16 18:37:55.977 +03:00 [DBG] Connection id "0HNHSN4AMO52T" stopped.
2025-12-16 18:37:55.981 +03:00 [DBG] Connection id "0HNHSN4AMO52S" sending FIN because: "The Socket transport's send loop completed gracefully."
2025-12-16 18:37:55.981 +03:00 [DBG] Connection id "0HNHSN4AMO52T" sending FIN because: "The Socket transport's send loop completed gracefully."
2025-12-16 18:37:56.014 +03:00 [INF] Application started. Press Ctrl+C to shut down.
2025-12-16 18:37:56.014 +03:00 [INF] Hosting environment: Development
2025-12-16 18:37:56.015 +03:00 [INF] Content root path: C:\Users\atura\OneDrive\Masaüstü\Yarışma\appointment-reservation\backend\Services\AuthService\AuthService.API
2025-12-16 18:37:56.016 +03:00 [DBG] Hosting started
2025-12-16 18:37:56.232 +03:00 [DBG] Connection id "0HNHSN4AMO52U" accepted.
2025-12-16 18:37:56.234 +03:00 [DBG] Connection id "0HNHSN4AMO52U" started.
2025-12-16 18:37:56.272 +03:00 [DBG] Connection 0HNHSN4AMO52U established using the following protocol: "Tls13"
2025-12-16 18:37:56.315 +03:00 [INF] Request starting HTTP/2 GET https://localhost:7001/swagger/index.html - null null
2025-12-16 18:37:56.391 +03:00 [DBG] Wildcard detected, all requests with hosts will be allowed.
2025-12-16 18:37:56.410 +03:00 [DBG] No candidates found for the request path '/swagger/index.html'
2025-12-16 18:37:56.412 +03:00 [DBG] Request did not match any endpoints
2025-12-16 18:37:56.465 +03:00 [DBG] Response markup is scheduled to include Browser Link script injection.
2025-12-16 18:37:56.468 +03:00 [DBG] Response markup is scheduled to include browser refresh script injection.
2025-12-16 18:37:56.475 +03:00 [DBG] Response markup was updated to include Browser Link script injection.
2025-12-16 18:37:56.476 +03:00 [DBG] Response markup was updated to include browser refresh script injection.
2025-12-16 18:37:56.482 +03:00 [INF] Request finished HTTP/2 GET https://localhost:7001/swagger/index.html - 200 null text/html;charset=utf-8 173.173ms
2025-12-16 18:37:56.532 +03:00 [INF] Request starting HTTP/2 GET https://localhost:7001/_vs/browserLink - null null
2025-12-16 18:37:56.532 +03:00 [INF] Request starting HTTP/2 GET https://localhost:7001/_framework/aspnetcore-browser-refresh.js - null null
2025-12-16 18:37:56.532 +03:00 [INF] Request starting HTTP/2 GET https://localhost:7001/swagger/index.js - null null
2025-12-16 18:37:56.542 +03:00 [DBG] No candidates found for the request path '/swagger/index.js'
2025-12-16 18:37:56.548 +03:00 [DBG] Request did not match any endpoints
2025-12-16 18:37:56.552 +03:00 [INF] Request finished HTTP/2 GET https://localhost:7001/swagger/index.js - 200 null application/javascript;charset=utf-8 20.7328ms
2025-12-16 18:37:56.556 +03:00 [INF] Request finished HTTP/2 GET https://localhost:7001/_framework/aspnetcore-browser-refresh.js - 200 13782 application/javascript; charset=utf-8 24.855ms
2025-12-16 18:37:56.583 +03:00 [INF] Request finished HTTP/2 GET https://localhost:7001/_vs/browserLink - 200 null text/javascript; charset=UTF-8 51.5782ms
2025-12-16 18:37:56.698 +03:00 [INF] Request starting HTTP/2 GET https://localhost:7001/swagger/v1/swagger.json - null null
2025-12-16 18:37:56.700 +03:00 [DBG] No candidates found for the request path '/swagger/v1/swagger.json'
2025-12-16 18:37:56.700 +03:00 [DBG] Request did not match any endpoints
2025-12-16 18:37:56.722 +03:00 [INF] Request finished HTTP/2 GET https://localhost:7001/swagger/v1/swagger.json - 200 null application/json;charset=utf-8 24.9027ms
2025-12-16 18:38:31.599 +03:00 [DBG] Connection id "0HNHSN4AMO52U" received FIN.
2025-12-16 18:38:31.601 +03:00 [DBG] Connection id "0HNHSN4AMO52U" sending FIN because: "The Socket transport's send loop completed gracefully."
2025-12-16 18:38:31.605 +03:00 [DBG] Connection id "0HNHSN4AMO52U" is closed. The last processed stream ID was 9.
2025-12-16 18:38:31.608 +03:00 [DBG] The connection queue processing loop for 0HNHSN4AMO52U completed.
2025-12-16 18:38:31.609 +03:00 [DBG] Connection id "0HNHSN4AMO52U" stopped.
2025-12-16 18:39:29.220 +03:00 [DBG] Registered model binder providers, in the following order: ["Microsoft.AspNetCore.Mvc.ModelBinding.Binders.BinderTypeModelBinderProvider","Microsoft.AspNetCore.Mvc.ModelBinding.Binders.ServicesModelBinderProvider","Microsoft.AspNetCore.Mvc.ModelBinding.Binders.BodyModelBinderProvider","Microsoft.AspNetCore.Mvc.ModelBinding.Binders.HeaderModelBinderProvider","Microsoft.AspNetCore.Mvc.ModelBinding.Binders.FloatingPointTypeModelBinderProvider","Microsoft.AspNetCore.Mvc.ModelBinding.Binders.EnumTypeModelBinderProvider","Microsoft.AspNetCore.Mvc.ModelBinding.Binders.DateTimeModelBinderProvider","Microsoft.AspNetCore.Mvc.ModelBinding.Binders.SimpleTypeModelBinderProvider","Microsoft.AspNetCore.Mvc.ModelBinding.Binders.TryParseModelBinderProvider","Microsoft.AspNetCore.Mvc.ModelBinding.Binders.CancellationTokenModelBinderProvider","Microsoft.AspNetCore.Mvc.ModelBinding.Binders.ByteArrayModelBinderProvider","Microsoft.AspNetCore.Mvc.ModelBinding.Binders.FormFileModelBinderProvider","Microsoft.AspNetCore.Mvc.ModelBinding.Binders.FormCollectionModelBinderProvider","Microsoft.AspNetCore.Mvc.ModelBinding.Binders.KeyValuePairModelBinderProvider","Microsoft.AspNetCore.Mvc.ModelBinding.Binders.DictionaryModelBinderProvider","Microsoft.AspNetCore.Mvc.ModelBinding.Binders.ArrayModelBinderProvider","Microsoft.AspNetCore.Mvc.ModelBinding.Binders.CollectionModelBinderProvider","Microsoft.AspNetCore.Mvc.ModelBinding.Binders.ComplexObjectModelBinderProvider"]
2025-12-16 18:39:29.406 +03:00 [DBG] An 'IServiceProvider' was created for internal use by Entity Framework.
2025-12-16 18:39:29.791 +03:00 [DBG] The index {'UserId'} was not created on entity type 'UserOperationClaim' as the properties are already covered by the index {'UserId', 'OperationClaimId'}.
2025-12-16 18:39:30.001 +03:00 [DBG] Entity Framework Core 8.0.17 initialized 'AuthDbContext' using provider 'Npgsql.EntityFrameworkCore.PostgreSQL:8.0.10+18d07c54eacaffa5bf8128d47eecdb5255d86376' with options: None
2025-12-16 18:39:30.014 +03:00 [DBG] Creating DbConnection.
2025-12-16 18:39:30.048 +03:00 [DBG] Created DbConnection. (32ms).
2025-12-16 18:39:30.055 +03:00 [DBG] Opening connection to database 'AuthServiceDb_Dev' on server 'tcp://localhost:5432'.
2025-12-16 18:39:30.168 +03:00 [DBG] Opened connection to database 'AuthServiceDb_Dev' on server 'tcp://localhost:5432'.
2025-12-16 18:39:30.171 +03:00 [DBG] Closing connection to database 'AuthServiceDb_Dev' on server 'tcp://localhost:5432'.
2025-12-16 18:39:30.179 +03:00 [DBG] Closed connection to database 'AuthServiceDb_Dev' on server 'tcp://localhost:5432' (5ms).
2025-12-16 18:39:30.188 +03:00 [DBG] Creating DbCommand for 'ExecuteScalar'.
2025-12-16 18:39:30.194 +03:00 [DBG] Created DbCommand for 'ExecuteScalar' (4ms).
2025-12-16 18:39:30.196 +03:00 [DBG] Initialized DbCommand for 'ExecuteScalar' (9ms).
2025-12-16 18:39:30.198 +03:00 [DBG] Opening connection to database 'AuthServiceDb_Dev' on server 'tcp://localhost:5432'.
2025-12-16 18:39:30.262 +03:00 [DBG] Opened connection to database 'AuthServiceDb_Dev' on server 'tcp://localhost:5432'.
2025-12-16 18:39:30.270 +03:00 [DBG] Executing DbCommand [Parameters=[], CommandType='"Text"', CommandTimeout='30']
SELECT EXISTS (
    SELECT 1 FROM pg_catalog.pg_class c
    JOIN pg_catalog.pg_namespace n ON n.oid=c.relnamespace
    WHERE n.nspname='public' AND
          c.relname='__EFMigrationsHistory'
)
2025-12-16 18:39:30.318 +03:00 [INF] Executed DbCommand (47ms) [Parameters=[], CommandType='"Text"', CommandTimeout='30']
SELECT EXISTS (
    SELECT 1 FROM pg_catalog.pg_class c
    JOIN pg_catalog.pg_namespace n ON n.oid=c.relnamespace
    WHERE n.nspname='public' AND
          c.relname='__EFMigrationsHistory'
)
2025-12-16 18:39:30.320 +03:00 [DBG] Closing connection to database 'AuthServiceDb_Dev' on server 'tcp://localhost:5432'.
2025-12-16 18:39:30.322 +03:00 [DBG] Closed connection to database 'AuthServiceDb_Dev' on server 'tcp://localhost:5432' (2ms).
2025-12-16 18:39:30.331 +03:00 [DBG] Opening connection to database 'AuthServiceDb_Dev' on server 'tcp://localhost:5432'.
2025-12-16 18:39:30.332 +03:00 [DBG] Opened connection to database 'AuthServiceDb_Dev' on server 'tcp://localhost:5432'.
2025-12-16 18:39:30.333 +03:00 [DBG] Creating DbCommand for 'ExecuteReader'.
2025-12-16 18:39:30.334 +03:00 [DBG] Created DbCommand for 'ExecuteReader' (0ms).
2025-12-16 18:39:30.334 +03:00 [DBG] Initialized DbCommand for 'ExecuteReader' (1ms).
2025-12-16 18:39:30.336 +03:00 [DBG] Executing DbCommand [Parameters=[], CommandType='"Text"', CommandTimeout='30']
SELECT "MigrationId", "ProductVersion"
FROM "__EFMigrationsHistory"
ORDER BY "MigrationId";
2025-12-16 18:39:30.339 +03:00 [INF] Executed DbCommand (3ms) [Parameters=[], CommandType='"Text"', CommandTimeout='30']
SELECT "MigrationId", "ProductVersion"
FROM "__EFMigrationsHistory"
ORDER BY "MigrationId";
2025-12-16 18:39:30.345 +03:00 [DBG] Closing data reader to 'AuthServiceDb_Dev' on server 'tcp://localhost:5432'.
2025-12-16 18:39:30.347 +03:00 [DBG] A data reader for 'AuthServiceDb_Dev' on server 'tcp://localhost:5432' is being disposed after spending 5ms reading results.
2025-12-16 18:39:30.348 +03:00 [DBG] Closing connection to database 'AuthServiceDb_Dev' on server 'tcp://localhost:5432'.
2025-12-16 18:39:30.349 +03:00 [DBG] Closed connection to database 'AuthServiceDb_Dev' on server 'tcp://localhost:5432' (1ms).
2025-12-16 18:39:30.351 +03:00 [DBG] Migrating using database 'AuthServiceDb_Dev' on server 'tcp://localhost:5432'.
2025-12-16 18:39:30.353 +03:00 [DBG] Opening connection to database 'AuthServiceDb_Dev' on server 'tcp://localhost:5432'.
2025-12-16 18:39:30.391 +03:00 [DBG] Opened connection to database 'AuthServiceDb_Dev' on server 'tcp://localhost:5432'.
2025-12-16 18:39:30.392 +03:00 [DBG] Closing connection to database 'AuthServiceDb_Dev' on server 'tcp://localhost:5432'.
2025-12-16 18:39:30.393 +03:00 [DBG] Closed connection to database 'AuthServiceDb_Dev' on server 'tcp://localhost:5432' (0ms).
2025-12-16 18:39:30.395 +03:00 [DBG] Creating DbCommand for 'ExecuteScalar'.
2025-12-16 18:39:30.395 +03:00 [DBG] Created DbCommand for 'ExecuteScalar' (0ms).
2025-12-16 18:39:30.396 +03:00 [DBG] Initialized DbCommand for 'ExecuteScalar' (1ms).
2025-12-16 18:39:30.397 +03:00 [DBG] Opening connection to database 'AuthServiceDb_Dev' on server 'tcp://localhost:5432'.
2025-12-16 18:39:30.398 +03:00 [DBG] Opened connection to database 'AuthServiceDb_Dev' on server 'tcp://localhost:5432'.
2025-12-16 18:39:30.399 +03:00 [DBG] Executing DbCommand [Parameters=[], CommandType='"Text"', CommandTimeout='30']
SELECT EXISTS (
    SELECT 1 FROM pg_catalog.pg_class c
    JOIN pg_catalog.pg_namespace n ON n.oid=c.relnamespace
    WHERE n.nspname='public' AND
          c.relname='__EFMigrationsHistory'
)
2025-12-16 18:39:30.401 +03:00 [INF] Executed DbCommand (2ms) [Parameters=[], CommandType='"Text"', CommandTimeout='30']
SELECT EXISTS (
    SELECT 1 FROM pg_catalog.pg_class c
    JOIN pg_catalog.pg_namespace n ON n.oid=c.relnamespace
    WHERE n.nspname='public' AND
          c.relname='__EFMigrationsHistory'
)
2025-12-16 18:39:30.402 +03:00 [DBG] Closing connection to database 'AuthServiceDb_Dev' on server 'tcp://localhost:5432'.
2025-12-16 18:39:30.403 +03:00 [DBG] Closed connection to database 'AuthServiceDb_Dev' on server 'tcp://localhost:5432' (0ms).
2025-12-16 18:39:30.404 +03:00 [DBG] Opening connection to database 'AuthServiceDb_Dev' on server 'tcp://localhost:5432'.
2025-12-16 18:39:30.444 +03:00 [DBG] Opened connection to database 'AuthServiceDb_Dev' on server 'tcp://localhost:5432'.
2025-12-16 18:39:30.445 +03:00 [DBG] Closing connection to database 'AuthServiceDb_Dev' on server 'tcp://localhost:5432'.
2025-12-16 18:39:30.446 +03:00 [DBG] Closed connection to database 'AuthServiceDb_Dev' on server 'tcp://localhost:5432' (0ms).
2025-12-16 18:39:30.447 +03:00 [DBG] Creating DbCommand for 'ExecuteScalar'.
2025-12-16 18:39:30.448 +03:00 [DBG] Created DbCommand for 'ExecuteScalar' (0ms).
2025-12-16 18:39:30.449 +03:00 [DBG] Initialized DbCommand for 'ExecuteScalar' (1ms).
2025-12-16 18:39:30.450 +03:00 [DBG] Opening connection to database 'AuthServiceDb_Dev' on server 'tcp://localhost:5432'.
2025-12-16 18:39:30.451 +03:00 [DBG] Opened connection to database 'AuthServiceDb_Dev' on server 'tcp://localhost:5432'.
2025-12-16 18:39:30.451 +03:00 [DBG] Executing DbCommand [Parameters=[], CommandType='"Text"', CommandTimeout='30']
SELECT EXISTS (
    SELECT 1 FROM pg_catalog.pg_class c
    JOIN pg_catalog.pg_namespace n ON n.oid=c.relnamespace
    WHERE n.nspname='public' AND
          c.relname='__EFMigrationsHistory'
)
2025-12-16 18:39:30.453 +03:00 [INF] Executed DbCommand (2ms) [Parameters=[], CommandType='"Text"', CommandTimeout='30']
SELECT EXISTS (
    SELECT 1 FROM pg_catalog.pg_class c
    JOIN pg_catalog.pg_namespace n ON n.oid=c.relnamespace
    WHERE n.nspname='public' AND
          c.relname='__EFMigrationsHistory'
)
2025-12-16 18:39:30.454 +03:00 [DBG] Closing connection to database 'AuthServiceDb_Dev' on server 'tcp://localhost:5432'.
2025-12-16 18:39:30.455 +03:00 [DBG] Closed connection to database 'AuthServiceDb_Dev' on server 'tcp://localhost:5432' (0ms).
2025-12-16 18:39:30.456 +03:00 [DBG] Opening connection to database 'AuthServiceDb_Dev' on server 'tcp://localhost:5432'.
2025-12-16 18:39:30.457 +03:00 [DBG] Opened connection to database 'AuthServiceDb_Dev' on server 'tcp://localhost:5432'.
2025-12-16 18:39:30.458 +03:00 [DBG] Creating DbCommand for 'ExecuteReader'.
2025-12-16 18:39:30.458 +03:00 [DBG] Created DbCommand for 'ExecuteReader' (0ms).
2025-12-16 18:39:30.459 +03:00 [DBG] Initialized DbCommand for 'ExecuteReader' (1ms).
2025-12-16 18:39:30.460 +03:00 [DBG] Executing DbCommand [Parameters=[], CommandType='"Text"', CommandTimeout='30']
SELECT "MigrationId", "ProductVersion"
FROM "__EFMigrationsHistory"
ORDER BY "MigrationId";
2025-12-16 18:39:30.461 +03:00 [INF] Executed DbCommand (1ms) [Parameters=[], CommandType='"Text"', CommandTimeout='30']
SELECT "MigrationId", "ProductVersion"
FROM "__EFMigrationsHistory"
ORDER BY "MigrationId";
2025-12-16 18:39:30.462 +03:00 [DBG] Closing data reader to 'AuthServiceDb_Dev' on server 'tcp://localhost:5432'.
2025-12-16 18:39:30.464 +03:00 [DBG] A data reader for 'AuthServiceDb_Dev' on server 'tcp://localhost:5432' is being disposed after spending 1ms reading results.
2025-12-16 18:39:30.465 +03:00 [DBG] Closing connection to database 'AuthServiceDb_Dev' on server 'tcp://localhost:5432'.
2025-12-16 18:39:30.465 +03:00 [DBG] Closed connection to database 'AuthServiceDb_Dev' on server 'tcp://localhost:5432' (0ms).
2025-12-16 18:39:30.473 +03:00 [INF] No migrations were applied. The database is already up to date.
2025-12-16 18:39:30.475 +03:00 [INF] Database migrations applied successfully.
2025-12-16 18:39:30.476 +03:00 [DBG] 'AuthDbContext' disposed.
2025-12-16 18:39:30.478 +03:00 [DBG] Disposing connection to database 'AuthServiceDb_Dev' on server 'tcp://localhost:5432'.
2025-12-16 18:39:30.479 +03:00 [DBG] Disposed connection to database 'AuthServiceDb_Dev' on server 'tcp://localhost:5432' (1ms).
2025-12-16 18:39:30.482 +03:00 [DBG] Hosting starting
2025-12-16 18:39:30.502 +03:00 [INF] User profile is available. Using 'C:\Users\atura\AppData\Local\ASP.NET\DataProtection-Keys' as key repository and Windows DPAPI to encrypt keys at rest.
2025-12-16 18:39:30.518 +03:00 [DBG] Reading data from file 'C:\Users\atura\AppData\Local\ASP.NET\DataProtection-Keys\key-2b41731a-ff2b-4c58-8083-9dd2e8e06c02.xml'.
2025-12-16 18:39:30.524 +03:00 [DBG] Reading data from file 'C:\Users\atura\AppData\Local\ASP.NET\DataProtection-Keys\key-b1bfbf17-5e54-4bcd-856c-81e8ff116985.xml'.
2025-12-16 18:39:30.525 +03:00 [DBG] Reading data from file 'C:\Users\atura\AppData\Local\ASP.NET\DataProtection-Keys\key-d4db8ae3-c3b6-4a1e-a8e6-5ce936ab3dc1.xml'.
2025-12-16 18:39:30.526 +03:00 [DBG] Reading data from file 'C:\Users\atura\AppData\Local\ASP.NET\DataProtection-Keys\key-d528c6a9-5739-4b20-b71f-eef16136c0e0.xml'.
2025-12-16 18:39:30.527 +03:00 [DBG] Reading data from file 'C:\Users\atura\AppData\Local\ASP.NET\DataProtection-Keys\key-f197c843-1f03-4bc8-9e1b-7ef1bcdd878d.xml'.
2025-12-16 18:39:30.530 +03:00 [DBG] Found key {2b41731a-ff2b-4c58-8083-9dd2e8e06c02}.
2025-12-16 18:39:30.533 +03:00 [DBG] Found key {b1bfbf17-5e54-4bcd-856c-81e8ff116985}.
2025-12-16 18:39:30.534 +03:00 [DBG] Found key {d4db8ae3-c3b6-4a1e-a8e6-5ce936ab3dc1}.
2025-12-16 18:39:30.535 +03:00 [DBG] Found key {d528c6a9-5739-4b20-b71f-eef16136c0e0}.
2025-12-16 18:39:30.536 +03:00 [DBG] Found key {f197c843-1f03-4bc8-9e1b-7ef1bcdd878d}.
2025-12-16 18:39:30.540 +03:00 [DBG] Considering key {d528c6a9-5739-4b20-b71f-eef16136c0e0} with expiration date 2026-01-16 09:53:55Z as default key.
2025-12-16 18:39:30.543 +03:00 [DBG] Forwarded activator type request from Microsoft.AspNetCore.DataProtection.XmlEncryption.DpapiXmlDecryptor, Microsoft.AspNetCore.DataProtection, Version=8.0.0.0, Culture=neutral, PublicKeyToken=adb9793829ddae60 to Microsoft.AspNetCore.DataProtection.XmlEncryption.DpapiXmlDecryptor, Microsoft.AspNetCore.DataProtection, Culture=neutral, PublicKeyToken=adb9793829ddae60
2025-12-16 18:39:30.544 +03:00 [DBG] Decrypting secret element using Windows DPAPI.
2025-12-16 18:39:30.546 +03:00 [DBG] Forwarded activator type request from Microsoft.AspNetCore.DataProtection.AuthenticatedEncryption.ConfigurationModel.AuthenticatedEncryptorDescriptorDeserializer, Microsoft.AspNetCore.DataProtection, Version=8.0.0.0, Culture=neutral, PublicKeyToken=adb9793829ddae60 to Microsoft.AspNetCore.DataProtection.AuthenticatedEncryption.ConfigurationModel.AuthenticatedEncryptorDescriptorDeserializer, Microsoft.AspNetCore.DataProtection, Culture=neutral, PublicKeyToken=adb9793829ddae60
2025-12-16 18:39:30.548 +03:00 [DBG] Opening CNG algorithm 'AES' from provider 'null' with chaining mode CBC.
2025-12-16 18:39:30.550 +03:00 [DBG] Opening CNG algorithm 'SHA256' from provider 'null' with HMAC.
2025-12-16 18:39:30.552 +03:00 [DBG] Using key {d528c6a9-5739-4b20-b71f-eef16136c0e0} as the default key.
2025-12-16 18:39:30.553 +03:00 [DBG] Key ring with default key {d528c6a9-5739-4b20-b71f-eef16136c0e0} was loaded during application startup.
2025-12-16 18:39:30.683 +03:00 [INF] Now listening on: https://localhost:7001
2025-12-16 18:39:30.683 +03:00 [INF] Now listening on: http://localhost:5001
2025-12-16 18:39:30.684 +03:00 [DBG] Loaded hosting startup assembly AuthService.API
2025-12-16 18:39:30.685 +03:00 [DBG] Loaded hosting startup assembly Microsoft.WebTools.ApiEndpointDiscovery
2025-12-16 18:39:30.685 +03:00 [DBG] Loaded hosting startup assembly Microsoft.AspNetCore.Watch.BrowserRefresh
2025-12-16 18:39:30.686 +03:00 [DBG] Loaded hosting startup assembly Microsoft.WebTools.BrowserLink.Net
2025-12-16 18:39:30.760 +03:00 [INF] Application started. Press Ctrl+C to shut down.
2025-12-16 18:39:30.761 +03:00 [INF] Hosting environment: Development
2025-12-16 18:39:30.761 +03:00 [INF] Content root path: C:\Users\atura\OneDrive\Masaüstü\Yarışma\appointment-reservation\backend\Services\AuthService\AuthService.API
2025-12-16 18:39:30.762 +03:00 [DBG] Hosting started
2025-12-16 18:39:30.850 +03:00 [DBG] Connection id "0HNHSN57025Q1" accepted.
2025-12-16 18:39:30.850 +03:00 [DBG] Connection id "0HNHSN57025Q0" accepted.
2025-12-16 18:39:30.851 +03:00 [DBG] Connection id "0HNHSN57025Q1" started.
2025-12-16 18:39:30.851 +03:00 [DBG] Connection id "0HNHSN57025Q0" started.
2025-12-16 18:39:30.864 +03:00 [DBG] Connection id "0HNHSN57025Q1" received FIN.
2025-12-16 18:39:30.864 +03:00 [DBG] Connection id "0HNHSN57025Q0" received FIN.
2025-12-16 18:39:30.878 +03:00 [DBG] Failed to authenticate HTTPS connection.
System.IO.IOException: Received an unexpected EOF or 0 bytes from the transport stream.
   at System.Net.Security.SslStream.ReceiveHandshakeFrameAsync[TIOAdapter](CancellationToken cancellationToken)
   at System.Net.Security.SslStream.ForceAuthenticationAsync[TIOAdapter](Boolean receiveFirst, Byte[] reAuthenticationData, CancellationToken cancellationToken)
   at System.Net.Security.SslStream.ProcessAuthenticationWithTelemetryAsync(Boolean isAsync, CancellationToken cancellationToken)
   at Microsoft.AspNetCore.Server.Kestrel.Https.Internal.HttpsConnectionMiddleware.OnConnectionAsync(ConnectionContext context)
2025-12-16 18:39:30.878 +03:00 [DBG] Failed to authenticate HTTPS connection.
System.IO.IOException: Received an unexpected EOF or 0 bytes from the transport stream.
   at System.Net.Security.SslStream.ReceiveHandshakeFrameAsync[TIOAdapter](CancellationToken cancellationToken)
   at System.Net.Security.SslStream.ForceAuthenticationAsync[TIOAdapter](Boolean receiveFirst, Byte[] reAuthenticationData, CancellationToken cancellationToken)
   at System.Net.Security.SslStream.ProcessAuthenticationWithTelemetryAsync(Boolean isAsync, CancellationToken cancellationToken)
   at Microsoft.AspNetCore.Server.Kestrel.Https.Internal.HttpsConnectionMiddleware.OnConnectionAsync(ConnectionContext context)
2025-12-16 18:39:30.900 +03:00 [DBG] Connection id "0HNHSN57025Q0" stopped.
2025-12-16 18:39:30.900 +03:00 [DBG] Connection id "0HNHSN57025Q1" stopped.
2025-12-16 18:39:30.902 +03:00 [DBG] Connection id "0HNHSN57025Q0" sending FIN because: "The Socket transport's send loop completed gracefully."
2025-12-16 18:39:30.902 +03:00 [DBG] Connection id "0HNHSN57025Q1" sending FIN because: "The Socket transport's send loop completed gracefully."
2025-12-16 18:39:32.249 +03:00 [DBG] Connection id "0HNHSN57025Q2" accepted.
2025-12-16 18:39:32.251 +03:00 [DBG] Connection id "0HNHSN57025Q2" started.
2025-12-16 18:39:32.281 +03:00 [DBG] Connection 0HNHSN57025Q2 established using the following protocol: "Tls13"
2025-12-16 18:39:32.329 +03:00 [INF] Request starting HTTP/2 GET https://localhost:7001/swagger/index.html - null null
2025-12-16 18:39:32.405 +03:00 [DBG] Wildcard detected, all requests with hosts will be allowed.
2025-12-16 18:39:32.421 +03:00 [DBG] No candidates found for the request path '/swagger/index.html'
2025-12-16 18:39:32.422 +03:00 [DBG] Request did not match any endpoints
2025-12-16 18:39:32.470 +03:00 [DBG] Response markup is scheduled to include Browser Link script injection.
2025-12-16 18:39:32.472 +03:00 [DBG] Response markup is scheduled to include browser refresh script injection.
2025-12-16 18:39:32.477 +03:00 [DBG] Response markup was updated to include Browser Link script injection.
2025-12-16 18:39:32.478 +03:00 [DBG] Response markup was updated to include browser refresh script injection.
2025-12-16 18:39:32.484 +03:00 [INF] Request finished HTTP/2 GET https://localhost:7001/swagger/index.html - 200 null text/html;charset=utf-8 161.7023ms
2025-12-16 18:39:32.495 +03:00 [INF] Request starting HTTP/2 GET https://localhost:7001/swagger/index.js - null null
2025-12-16 18:39:32.495 +03:00 [INF] Request starting HTTP/2 GET https://localhost:7001/_framework/aspnetcore-browser-refresh.js - null null
2025-12-16 18:39:32.499 +03:00 [DBG] No candidates found for the request path '/swagger/index.js'
2025-12-16 18:39:32.502 +03:00 [DBG] Request did not match any endpoints
2025-12-16 18:39:32.505 +03:00 [INF] Request finished HTTP/2 GET https://localhost:7001/swagger/index.js - 200 null application/javascript;charset=utf-8 10.0178ms
2025-12-16 18:39:32.505 +03:00 [INF] Request starting HTTP/2 GET https://localhost:7001/_vs/browserLink - null null
2025-12-16 18:39:32.510 +03:00 [INF] Request finished HTTP/2 GET https://localhost:7001/_framework/aspnetcore-browser-refresh.js - 200 13782 application/javascript; charset=utf-8 15.6878ms
2025-12-16 18:39:32.546 +03:00 [INF] Request finished HTTP/2 GET https://localhost:7001/_vs/browserLink - 200 null text/javascript; charset=UTF-8 41.2715ms
2025-12-16 18:39:32.630 +03:00 [INF] Request starting HTTP/2 GET https://localhost:7001/swagger/v1/swagger.json - null null
2025-12-16 18:39:32.631 +03:00 [DBG] No candidates found for the request path '/swagger/v1/swagger.json'
2025-12-16 18:39:32.632 +03:00 [DBG] Request did not match any endpoints
2025-12-16 18:39:32.656 +03:00 [INF] Request finished HTTP/2 GET https://localhost:7001/swagger/v1/swagger.json - 200 null application/json;charset=utf-8 26.6983ms
2025-12-16 18:40:09.283 +03:00 [INF] Request starting HTTP/2 POST https://localhost:7001/api/Auth/register - application/json 177
2025-12-16 18:40:09.296 +03:00 [DBG] 1 candidate(s) found for the request path '/api/Auth/register'
2025-12-16 18:40:09.298 +03:00 [DBG] Endpoint 'AuthService.API.Controllers.AuthController.Register (AuthService.API)' with route pattern 'api/Auth/register' is valid for the request path '/api/Auth/register'
2025-12-16 18:40:09.299 +03:00 [DBG] Request matched endpoint 'AuthService.API.Controllers.AuthController.Register (AuthService.API)'
2025-12-16 18:40:09.301 +03:00 [DBG] Static files was skipped as the request already matched an endpoint.
2025-12-16 18:40:09.304 +03:00 [DBG] The request has an origin header: 'https://localhost:7001'.
2025-12-16 18:40:09.304 +03:00 [INF] CORS policy execution successful.
2025-12-16 18:40:09.350 +03:00 [DBG] AuthenticationScheme: Bearer was not authenticated.
2025-12-16 18:40:09.353 +03:00 [INF] Executing endpoint 'AuthService.API.Controllers.AuthController.Register (AuthService.API)'
2025-12-16 18:40:09.371 +03:00 [INF] Route matched with {action = "Register", controller = "Auth"}. Executing controller action with signature Microsoft.AspNetCore.Mvc.IActionResult Register(AuthService.Entities.DTOs.UserForRegisterDto) on controller AuthService.API.Controllers.AuthController (AuthService.API).
2025-12-16 18:40:09.373 +03:00 [DBG] Execution plan of authorization filters (in the following order): ["None"]
2025-12-16 18:40:09.375 +03:00 [DBG] Execution plan of resource filters (in the following order): ["None"]
2025-12-16 18:40:09.376 +03:00 [DBG] Execution plan of action filters (in the following order): ["Microsoft.AspNetCore.Mvc.ModelBinding.UnsupportedContentTypeFilter (Order: -3000)","Microsoft.AspNetCore.Mvc.Infrastructure.ModelStateInvalidFilter (Order: -2000)"]
2025-12-16 18:40:09.378 +03:00 [DBG] Execution plan of exception filters (in the following order): ["None"]
2025-12-16 18:40:09.379 +03:00 [DBG] Execution plan of result filters (in the following order): ["Microsoft.AspNetCore.Mvc.Infrastructure.ClientErrorResultFilter (Order: -2000)","Microsoft.AspNetCore.Mvc.ProducesAttribute (Order: 0)"]
2025-12-16 18:40:09.381 +03:00 [DBG] Executing controller factory for controller AuthService.API.Controllers.AuthController (AuthService.API)
2025-12-16 18:40:09.445 +03:00 [DBG] Executed controller factory for controller AuthService.API.Controllers.AuthController (AuthService.API)
2025-12-16 18:40:09.456 +03:00 [DBG] Attempting to bind parameter 'userForRegisterDto' of type 'AuthService.Entities.DTOs.UserForRegisterDto' ...
2025-12-16 18:40:09.459 +03:00 [DBG] Attempting to bind parameter 'userForRegisterDto' of type 'AuthService.Entities.DTOs.UserForRegisterDto' using the name '' in request data ...
2025-12-16 18:40:09.460 +03:00 [DBG] Selected input formatter 'Microsoft.AspNetCore.Mvc.Formatters.SystemTextJsonInputFormatter' for content type 'application/json'.
2025-12-16 18:40:09.467 +03:00 [DBG] Connection id "0HNHSN57025Q2", Request id "0HNHSN57025Q2:0000000B": started reading request body.
2025-12-16 18:40:09.469 +03:00 [DBG] Connection id "0HNHSN57025Q2", Request id "0HNHSN57025Q2:0000000B": done reading request body.
2025-12-16 18:40:09.479 +03:00 [DBG] JSON input formatter succeeded, deserializing to type 'AuthService.Entities.DTOs.UserForRegisterDto'
2025-12-16 18:40:09.480 +03:00 [DBG] Done attempting to bind parameter 'userForRegisterDto' of type 'AuthService.Entities.DTOs.UserForRegisterDto'.
2025-12-16 18:40:09.481 +03:00 [DBG] Done attempting to bind parameter 'userForRegisterDto' of type 'AuthService.Entities.DTOs.UserForRegisterDto'.
2025-12-16 18:40:09.483 +03:00 [DBG] Attempting to validate the bound parameter 'userForRegisterDto' of type 'AuthService.Entities.DTOs.UserForRegisterDto' ...
2025-12-16 18:40:09.519 +03:00 [DBG] Done attempting to validate the bound parameter 'userForRegisterDto' of type 'AuthService.Entities.DTOs.UserForRegisterDto'.
2025-12-16 18:40:12.511 +03:00 [DBG] Entity Framework Core 8.0.17 initialized 'AuthDbContext' using provider 'Npgsql.EntityFrameworkCore.PostgreSQL:8.0.10+18d07c54eacaffa5bf8128d47eecdb5255d86376' with options: None
2025-12-16 18:40:12.535 +03:00 [DBG] Compiling query expression: 
'DbSet<User>()
    .FirstOrDefault(u => u.Email == __email_0)'
2025-12-16 18:40:12.659 +03:00 [DBG] Generated query execution expression: 
'queryContext => new SingleQueryingEnumerable<User>(
    (RelationalQueryContext)queryContext, 
    RelationalCommandCache.QueryExpression(
        Projection Mapping:
            EmptyProjectionMember -> Dictionary<IProperty, int> { [Property: User.Id (int) Required PK AfterSave:Throw ValueGenerated.OnAdd, 0], [Property: User.CreatedDate (DateTime) Required, 1], [Property: User.Email (string) Required Index MaxLength(100), 2], [Property: User.FailedLoginAttempts (int) Required, 3], [Property: User.FirstName (string) Required MaxLength(50), 4], [Property: User.IdentityNumber (string) Required MaxLength(11), 5], [Property: User.IsEmailVerified (bool) Required, 6], [Property: User.LastName (string) MaxLength(50), 7], [Property: User.LockoutEndTime (DateTime?), 8], [Property: User.PasswordHash (byte[]) Required, 9], [Property: User.PasswordSalt (byte[]) Required, 10], [Property: User.PhoneNumber (string) MaxLength(20), 11], [Property: User.RefreshToken (string), 12], [Property: User.RefreshTokenExpiration (DateTime?), 13], [Property: User.Status (bool) Required, 14], [Property: User.UpdatedDate (DateTime?), 15] }
        SELECT TOP(1) u.Id, u.CreatedDate, u.Email, u.FailedLoginAttempts, u.FirstName, u.IdentityNumber, u.IsEmailVerified, u.LastName, u.LockoutEndTime, u.PasswordHash, u.PasswordSalt, u.PhoneNumber, u.RefreshToken, u.RefreshTokenExpiration, u.Status, u.UpdatedDate
        FROM Users AS u
        WHERE u.Email == @__email_0), 
    null, 
    Func<QueryContext, DbDataReader, ResultContext, SingleQueryResultCoordinator, User>, 
    AuthService.DataAccess.Concrete.EntityFramework.AuthDbContext, 
    False, 
    False, 
    True
)
    .SingleOrDefault()'
2025-12-16 18:40:12.678 +03:00 [DBG] Creating DbConnection.
2025-12-16 18:40:12.679 +03:00 [DBG] Created DbConnection. (0ms).
2025-12-16 18:40:12.680 +03:00 [DBG] Opening connection to database 'AuthServiceDb_Dev' on server 'tcp://localhost:5432'.
2025-12-16 18:40:12.681 +03:00 [DBG] Opened connection to database 'AuthServiceDb_Dev' on server 'tcp://localhost:5432'.
2025-12-16 18:40:12.681 +03:00 [DBG] Creating DbCommand for 'ExecuteReader'.
2025-12-16 18:40:12.682 +03:00 [DBG] Created DbCommand for 'ExecuteReader' (0ms).
2025-12-16 18:40:12.686 +03:00 [DBG] Initialized DbCommand for 'ExecuteReader' (4ms).
2025-12-16 18:40:12.688 +03:00 [DBG] Executing DbCommand [Parameters=[@__email_0='?'], CommandType='"Text"', CommandTimeout='30']
SELECT u."Id", u."CreatedDate", u."Email", u."FailedLoginAttempts", u."FirstName", u."IdentityNumber", u."IsEmailVerified", u."LastName", u."LockoutEndTime", u."PasswordHash", u."PasswordSalt", u."PhoneNumber", u."RefreshToken", u."RefreshTokenExpiration", u."Status", u."UpdatedDate"
FROM "Users" AS u
WHERE u."Email" = @__email_0
LIMIT 1
2025-12-16 18:40:12.704 +03:00 [ERR] Failed executing DbCommand (16ms) [Parameters=[@__email_0='?'], CommandType='"Text"', CommandTimeout='30']
SELECT u."Id", u."CreatedDate", u."Email", u."FailedLoginAttempts", u."FirstName", u."IdentityNumber", u."IsEmailVerified", u."LastName", u."LockoutEndTime", u."PasswordHash", u."PasswordSalt", u."PhoneNumber", u."RefreshToken", u."RefreshTokenExpiration", u."Status", u."UpdatedDate"
FROM "Users" AS u
WHERE u."Email" = @__email_0
LIMIT 1
2025-12-16 18:40:12.706 +03:00 [DBG] Closing connection to database 'AuthServiceDb_Dev' on server 'tcp://localhost:5432'.
2025-12-16 18:40:12.707 +03:00 [DBG] Closed connection to database 'AuthServiceDb_Dev' on server 'tcp://localhost:5432' (1ms).
2025-12-16 18:40:12.712 +03:00 [ERR] An exception occurred while iterating over the results of a query for context type 'AuthService.DataAccess.Concrete.EntityFramework.AuthDbContext'.
Npgsql.PostgresException (0x80004005): 42703: u.IdentityNumber sütunu mevcut değil

POSITION: 84
   at Npgsql.Internal.NpgsqlConnector.ReadMessageLong(Boolean async, DataRowLoadingMode dataRowLoadingMode, Boolean readingNotifications, Boolean isReadingPrependedMessage)
   at System.Runtime.CompilerServices.PoolingAsyncValueTaskMethodBuilder`1.StateMachineBox`1.System.Threading.Tasks.Sources.IValueTaskSource<TResult>.GetResult(Int16 token)
   at Npgsql.NpgsqlDataReader.NextResult(Boolean async, Boolean isConsuming, CancellationToken cancellationToken)
   at Npgsql.NpgsqlDataReader.NextResult(Boolean async, Boolean isConsuming, CancellationToken cancellationToken)
   at Npgsql.NpgsqlDataReader.NextResult()
   at Npgsql.NpgsqlCommand.ExecuteReader(Boolean async, CommandBehavior behavior, CancellationToken cancellationToken)
   at Npgsql.NpgsqlCommand.ExecuteReader(Boolean async, CommandBehavior behavior, CancellationToken cancellationToken)
   at Npgsql.NpgsqlCommand.ExecuteReader(CommandBehavior behavior)
   at Npgsql.NpgsqlCommand.ExecuteDbDataReader(CommandBehavior behavior)
   at Microsoft.EntityFrameworkCore.Storage.RelationalCommand.ExecuteReader(RelationalCommandParameterObject parameterObject)
   at Microsoft.EntityFrameworkCore.Query.Internal.SingleQueryingEnumerable`1.Enumerator.InitializeReader(Enumerator enumerator)
   at Microsoft.EntityFrameworkCore.Query.Internal.SingleQueryingEnumerable`1.Enumerator.<>c.<MoveNext>b__21_0(DbContext _, Enumerator enumerator)
   at Npgsql.EntityFrameworkCore.PostgreSQL.Storage.Internal.NpgsqlExecutionStrategy.Execute[TState,TResult](TState state, Func`3 operation, Func`3 verifySucceeded)
   at Microsoft.EntityFrameworkCore.Query.Internal.SingleQueryingEnumerable`1.Enumerator.MoveNext()
  Exception data:
    Severity: HATA
    SqlState: 42703
    MessageText: u.IdentityNumber sütunu mevcut değil
    Position: 84
    File: parse_relation.c
    Line: 3721
    Routine: errorMissingColumn
Npgsql.PostgresException (0x80004005): 42703: u.IdentityNumber sütunu mevcut değil

POSITION: 84
   at Npgsql.Internal.NpgsqlConnector.ReadMessageLong(Boolean async, DataRowLoadingMode dataRowLoadingMode, Boolean readingNotifications, Boolean isReadingPrependedMessage)
   at System.Runtime.CompilerServices.PoolingAsyncValueTaskMethodBuilder`1.StateMachineBox`1.System.Threading.Tasks.Sources.IValueTaskSource<TResult>.GetResult(Int16 token)
   at Npgsql.NpgsqlDataReader.NextResult(Boolean async, Boolean isConsuming, CancellationToken cancellationToken)
   at Npgsql.NpgsqlDataReader.NextResult(Boolean async, Boolean isConsuming, CancellationToken cancellationToken)
   at Npgsql.NpgsqlDataReader.NextResult()
   at Npgsql.NpgsqlCommand.ExecuteReader(Boolean async, CommandBehavior behavior, CancellationToken cancellationToken)
   at Npgsql.NpgsqlCommand.ExecuteReader(Boolean async, CommandBehavior behavior, CancellationToken cancellationToken)
   at Npgsql.NpgsqlCommand.ExecuteReader(CommandBehavior behavior)
   at Npgsql.NpgsqlCommand.ExecuteDbDataReader(CommandBehavior behavior)
   at Microsoft.EntityFrameworkCore.Storage.RelationalCommand.ExecuteReader(RelationalCommandParameterObject parameterObject)
   at Microsoft.EntityFrameworkCore.Query.Internal.SingleQueryingEnumerable`1.Enumerator.InitializeReader(Enumerator enumerator)
   at Microsoft.EntityFrameworkCore.Query.Internal.SingleQueryingEnumerable`1.Enumerator.<>c.<MoveNext>b__21_0(DbContext _, Enumerator enumerator)
   at Npgsql.EntityFrameworkCore.PostgreSQL.Storage.Internal.NpgsqlExecutionStrategy.Execute[TState,TResult](TState state, Func`3 operation, Func`3 verifySucceeded)
   at Microsoft.EntityFrameworkCore.Query.Internal.SingleQueryingEnumerable`1.Enumerator.MoveNext()
  Exception data:
    Severity: HATA
    SqlState: 42703
    MessageText: u.IdentityNumber sütunu mevcut değil
    Position: 84
    File: parse_relation.c
    Line: 3721
    Routine: errorMissingColumn
2025-12-16 18:40:18.073 +03:00 [INF] Executed action AuthService.API.Controllers.AuthController.Register (AuthService.API) in 8690.6237ms
2025-12-16 18:40:18.076 +03:00 [INF] Executed endpoint 'AuthService.API.Controllers.AuthController.Register (AuthService.API)'
2025-12-16 18:40:18.091 +03:00 [ERR] [User: Anonymous] [IP: ::1] POST /api/Auth/register - PostgresException: 42703: u.IdentityNumber sütunu mevcut değil

POSITION: 84
Npgsql.PostgresException (0x80004005): 42703: u.IdentityNumber sütunu mevcut değil

POSITION: 84
   at Npgsql.Internal.NpgsqlConnector.ReadMessageLong(Boolean async, DataRowLoadingMode dataRowLoadingMode, Boolean readingNotifications, Boolean isReadingPrependedMessage)
   at System.Runtime.CompilerServices.PoolingAsyncValueTaskMethodBuilder`1.StateMachineBox`1.System.Threading.Tasks.Sources.IValueTaskSource<TResult>.GetResult(Int16 token)
   at Npgsql.NpgsqlDataReader.NextResult(Boolean async, Boolean isConsuming, CancellationToken cancellationToken)
   at Npgsql.NpgsqlDataReader.NextResult(Boolean async, Boolean isConsuming, CancellationToken cancellationToken)
   at Npgsql.NpgsqlDataReader.NextResult()
   at Npgsql.NpgsqlCommand.ExecuteReader(Boolean async, CommandBehavior behavior, CancellationToken cancellationToken)
   at Npgsql.NpgsqlCommand.ExecuteReader(Boolean async, CommandBehavior behavior, CancellationToken cancellationToken)
   at Npgsql.NpgsqlCommand.ExecuteReader(CommandBehavior behavior)
   at Npgsql.NpgsqlCommand.ExecuteDbDataReader(CommandBehavior behavior)
   at Microsoft.EntityFrameworkCore.Storage.RelationalCommand.ExecuteReader(RelationalCommandParameterObject parameterObject)
   at Microsoft.EntityFrameworkCore.Query.Internal.SingleQueryingEnumerable`1.Enumerator.InitializeReader(Enumerator enumerator)
   at Microsoft.EntityFrameworkCore.Query.Internal.SingleQueryingEnumerable`1.Enumerator.<>c.<MoveNext>b__21_0(DbContext _, Enumerator enumerator)
   at Npgsql.EntityFrameworkCore.PostgreSQL.Storage.Internal.NpgsqlExecutionStrategy.Execute[TState,TResult](TState state, Func`3 operation, Func`3 verifySucceeded)
   at Microsoft.EntityFrameworkCore.Query.Internal.SingleQueryingEnumerable`1.Enumerator.MoveNext()
   at System.Linq.Enumerable.TryGetSingle[TSource](IEnumerable`1 source, Boolean& found)
   at lambda_method520(Closure, QueryContext)
   at Microsoft.EntityFrameworkCore.Query.Internal.QueryCompiler.Execute[TResult](Expression query)
   at Microsoft.EntityFrameworkCore.Query.Internal.EntityQueryProvider.Execute[TResult](Expression expression)
   at AuthService.DataAccess.Concrete.EntityFramework.EfUserDal.GetByEmail(String email) in C:\Users\atura\OneDrive\Masaüstü\Yarışma\appointment-reservation\backend\Services\AuthService\AuthService.DataAccess\Concrete\EntityFramework\EfUserDal.cs:line 30
   at AuthService.Business.Concrete.AuthManager.UserExists(String email) in C:\Users\atura\OneDrive\Masaüstü\Yarışma\appointment-reservation\backend\Services\AuthService\AuthService.Business\Concrete\AuthManager.cs:line 318
   at AuthService.Business.Concrete.AuthManager.Register(UserForRegisterDto userForRegisterDto) in C:\Users\atura\OneDrive\Masaüstü\Yarışma\appointment-reservation\backend\Services\AuthService\AuthService.Business\Concrete\AuthManager.cs:line 51
   at AuthService.API.Controllers.AuthController.Register(UserForRegisterDto userForRegisterDto) in C:\Users\atura\OneDrive\Masaüstü\Yarışma\appointment-reservation\backend\Services\AuthService\AuthService.API\Controllers\AuthController.cs:line 35
   at lambda_method488(Closure, Object, Object[])
   at Microsoft.AspNetCore.Mvc.Infrastructure.ActionMethodExecutor.SyncActionResultExecutor.Execute(ActionContext actionContext, IActionResultTypeMapper mapper, ObjectMethodExecutor executor, Object controller, Object[] arguments)
   at Microsoft.AspNetCore.Mvc.Infrastructure.ControllerActionInvoker.InvokeActionMethodAsync()
   at Microsoft.AspNetCore.Mvc.Infrastructure.ControllerActionInvoker.Next(State& next, Scope& scope, Object& state, Boolean& isCompleted)
   at Microsoft.AspNetCore.Mvc.Infrastructure.ControllerActionInvoker.InvokeNextActionFilterAsync()
--- End of stack trace from previous location ---
   at Microsoft.AspNetCore.Mvc.Infrastructure.ControllerActionInvoker.Rethrow(ActionExecutedContextSealed context)
   at Microsoft.AspNetCore.Mvc.Infrastructure.ControllerActionInvoker.Next(State& next, Scope& scope, Object& state, Boolean& isCompleted)
   at Microsoft.AspNetCore.Mvc.Infrastructure.ControllerActionInvoker.InvokeInnerFilterAsync()
--- End of stack trace from previous location ---
   at Microsoft.AspNetCore.Mvc.Infrastructure.ResourceInvoker.<InvokeFilterPipelineAsync>g__Awaited|20_0(ResourceInvoker invoker, Task lastTask, State next, Scope scope, Object state, Boolean isCompleted)
   at Microsoft.AspNetCore.Mvc.Infrastructure.ResourceInvoker.<InvokeAsync>g__Logged|17_1(ResourceInvoker invoker)
   at Microsoft.AspNetCore.Mvc.Infrastructure.ResourceInvoker.<InvokeAsync>g__Logged|17_1(ResourceInvoker invoker)
   at Microsoft.AspNetCore.Routing.EndpointMiddleware.<Invoke>g__AwaitRequestTask|7_0(Endpoint endpoint, Task requestTask, ILogger logger)
   at Microsoft.AspNetCore.Authorization.AuthorizationMiddleware.Invoke(HttpContext context)
   at Microsoft.AspNetCore.Authentication.AuthenticationMiddleware.Invoke(HttpContext context)
   at Core.Extensions.ExceptionMiddleware.InvokeAsync(HttpContext context) in C:\Users\atura\OneDrive\Masaüstü\Yarışma\appointment-reservation\backend\Shared\Core\Extensions\ExceptionMiddleware.cs:line 29
  Exception data:
    Severity: HATA
    SqlState: 42703
    MessageText: u.IdentityNumber sütunu mevcut değil
    Position: 84
    File: parse_relation.c
    Line: 3721
    Routine: errorMissingColumn
2025-12-16 18:40:18.198 +03:00 [DBG] 'AuthDbContext' disposed.
2025-12-16 18:40:18.202 +03:00 [DBG] Disposing connection to database 'AuthServiceDb_Dev' on server 'tcp://localhost:5432'.
2025-12-16 18:40:18.204 +03:00 [DBG] Disposed connection to database 'AuthServiceDb_Dev' on server 'tcp://localhost:5432' (2ms).
2025-12-16 18:40:18.205 +03:00 [INF] Request finished HTTP/2 POST https://localhost:7001/api/Auth/register - 500 null application/json 8922.3453ms
2025-12-16 18:42:55.952 +03:00 [DBG] Registered model binder providers, in the following order: ["Microsoft.AspNetCore.Mvc.ModelBinding.Binders.BinderTypeModelBinderProvider","Microsoft.AspNetCore.Mvc.ModelBinding.Binders.ServicesModelBinderProvider","Microsoft.AspNetCore.Mvc.ModelBinding.Binders.BodyModelBinderProvider","Microsoft.AspNetCore.Mvc.ModelBinding.Binders.HeaderModelBinderProvider","Microsoft.AspNetCore.Mvc.ModelBinding.Binders.FloatingPointTypeModelBinderProvider","Microsoft.AspNetCore.Mvc.ModelBinding.Binders.EnumTypeModelBinderProvider","Microsoft.AspNetCore.Mvc.ModelBinding.Binders.DateTimeModelBinderProvider","Microsoft.AspNetCore.Mvc.ModelBinding.Binders.SimpleTypeModelBinderProvider","Microsoft.AspNetCore.Mvc.ModelBinding.Binders.TryParseModelBinderProvider","Microsoft.AspNetCore.Mvc.ModelBinding.Binders.CancellationTokenModelBinderProvider","Microsoft.AspNetCore.Mvc.ModelBinding.Binders.ByteArrayModelBinderProvider","Microsoft.AspNetCore.Mvc.ModelBinding.Binders.FormFileModelBinderProvider","Microsoft.AspNetCore.Mvc.ModelBinding.Binders.FormCollectionModelBinderProvider","Microsoft.AspNetCore.Mvc.ModelBinding.Binders.KeyValuePairModelBinderProvider","Microsoft.AspNetCore.Mvc.ModelBinding.Binders.DictionaryModelBinderProvider","Microsoft.AspNetCore.Mvc.ModelBinding.Binders.ArrayModelBinderProvider","Microsoft.AspNetCore.Mvc.ModelBinding.Binders.CollectionModelBinderProvider","Microsoft.AspNetCore.Mvc.ModelBinding.Binders.ComplexObjectModelBinderProvider"]
2025-12-16 18:42:56.148 +03:00 [DBG] An 'IServiceProvider' was created for internal use by Entity Framework.
2025-12-16 18:42:56.461 +03:00 [DBG] The index {'UserId'} was not created on entity type 'UserOperationClaim' as the properties are already covered by the index {'UserId', 'OperationClaimId'}.
2025-12-16 18:42:56.661 +03:00 [DBG] Entity Framework Core 8.0.17 initialized 'AuthDbContext' using provider 'Npgsql.EntityFrameworkCore.PostgreSQL:8.0.10+18d07c54eacaffa5bf8128d47eecdb5255d86376' with options: None
2025-12-16 18:42:56.673 +03:00 [DBG] Creating DbConnection.
2025-12-16 18:42:56.711 +03:00 [DBG] Created DbConnection. (37ms).
2025-12-16 18:42:56.719 +03:00 [DBG] Opening connection to database 'AuthServiceDb_Dev' on server 'tcp://localhost:5432'.
2025-12-16 18:42:56.844 +03:00 [DBG] Opened connection to database 'AuthServiceDb_Dev' on server 'tcp://localhost:5432'.
2025-12-16 18:42:56.847 +03:00 [DBG] Closing connection to database 'AuthServiceDb_Dev' on server 'tcp://localhost:5432'.
2025-12-16 18:42:56.857 +03:00 [DBG] Closed connection to database 'AuthServiceDb_Dev' on server 'tcp://localhost:5432' (6ms).
2025-12-16 18:42:56.864 +03:00 [DBG] Creating DbCommand for 'ExecuteScalar'.
2025-12-16 18:42:56.869 +03:00 [DBG] Created DbCommand for 'ExecuteScalar' (3ms).
2025-12-16 18:42:56.871 +03:00 [DBG] Initialized DbCommand for 'ExecuteScalar' (8ms).
2025-12-16 18:42:56.873 +03:00 [DBG] Opening connection to database 'AuthServiceDb_Dev' on server 'tcp://localhost:5432'.
2025-12-16 18:42:56.937 +03:00 [DBG] Opened connection to database 'AuthServiceDb_Dev' on server 'tcp://localhost:5432'.
2025-12-16 18:42:56.946 +03:00 [DBG] Executing DbCommand [Parameters=[], CommandType='"Text"', CommandTimeout='30']
SELECT EXISTS (
    SELECT 1 FROM pg_catalog.pg_class c
    JOIN pg_catalog.pg_namespace n ON n.oid=c.relnamespace
    WHERE n.nspname='public' AND
          c.relname='__EFMigrationsHistory'
)
2025-12-16 18:42:57.007 +03:00 [INF] Executed DbCommand (59ms) [Parameters=[], CommandType='"Text"', CommandTimeout='30']
SELECT EXISTS (
    SELECT 1 FROM pg_catalog.pg_class c
    JOIN pg_catalog.pg_namespace n ON n.oid=c.relnamespace
    WHERE n.nspname='public' AND
          c.relname='__EFMigrationsHistory'
)
2025-12-16 18:42:57.011 +03:00 [DBG] Closing connection to database 'AuthServiceDb_Dev' on server 'tcp://localhost:5432'.
2025-12-16 18:42:57.015 +03:00 [DBG] Closed connection to database 'AuthServiceDb_Dev' on server 'tcp://localhost:5432' (3ms).
2025-12-16 18:42:57.027 +03:00 [DBG] Opening connection to database 'AuthServiceDb_Dev' on server 'tcp://localhost:5432'.
2025-12-16 18:42:57.029 +03:00 [DBG] Opened connection to database 'AuthServiceDb_Dev' on server 'tcp://localhost:5432'.
2025-12-16 18:42:57.030 +03:00 [DBG] Creating DbCommand for 'ExecuteReader'.
2025-12-16 18:42:57.032 +03:00 [DBG] Created DbCommand for 'ExecuteReader' (1ms).
2025-12-16 18:42:57.033 +03:00 [DBG] Initialized DbCommand for 'ExecuteReader' (2ms).
2025-12-16 18:42:57.035 +03:00 [DBG] Executing DbCommand [Parameters=[], CommandType='"Text"', CommandTimeout='30']
SELECT "MigrationId", "ProductVersion"
FROM "__EFMigrationsHistory"
ORDER BY "MigrationId";
2025-12-16 18:42:57.039 +03:00 [INF] Executed DbCommand (5ms) [Parameters=[], CommandType='"Text"', CommandTimeout='30']
SELECT "MigrationId", "ProductVersion"
FROM "__EFMigrationsHistory"
ORDER BY "MigrationId";
2025-12-16 18:42:57.049 +03:00 [DBG] Closing data reader to 'AuthServiceDb_Dev' on server 'tcp://localhost:5432'.
2025-12-16 18:42:57.052 +03:00 [DBG] A data reader for 'AuthServiceDb_Dev' on server 'tcp://localhost:5432' is being disposed after spending 8ms reading results.
2025-12-16 18:42:57.053 +03:00 [DBG] Closing connection to database 'AuthServiceDb_Dev' on server 'tcp://localhost:5432'.
2025-12-16 18:42:57.054 +03:00 [DBG] Closed connection to database 'AuthServiceDb_Dev' on server 'tcp://localhost:5432' (1ms).
2025-12-16 18:42:57.056 +03:00 [DBG] Migrating using database 'AuthServiceDb_Dev' on server 'tcp://localhost:5432'.
2025-12-16 18:42:57.058 +03:00 [DBG] Opening connection to database 'AuthServiceDb_Dev' on server 'tcp://localhost:5432'.
2025-12-16 18:42:57.107 +03:00 [DBG] Opened connection to database 'AuthServiceDb_Dev' on server 'tcp://localhost:5432'.
2025-12-16 18:42:57.109 +03:00 [DBG] Closing connection to database 'AuthServiceDb_Dev' on server 'tcp://localhost:5432'.
2025-12-16 18:42:57.111 +03:00 [DBG] Closed connection to database 'AuthServiceDb_Dev' on server 'tcp://localhost:5432' (2ms).
2025-12-16 18:42:57.113 +03:00 [DBG] Creating DbCommand for 'ExecuteScalar'.
2025-12-16 18:42:57.115 +03:00 [DBG] Created DbCommand for 'ExecuteScalar' (1ms).
2025-12-16 18:42:57.116 +03:00 [DBG] Initialized DbCommand for 'ExecuteScalar' (3ms).
2025-12-16 18:42:57.118 +03:00 [DBG] Opening connection to database 'AuthServiceDb_Dev' on server 'tcp://localhost:5432'.
2025-12-16 18:42:57.119 +03:00 [DBG] Opened connection to database 'AuthServiceDb_Dev' on server 'tcp://localhost:5432'.
2025-12-16 18:42:57.120 +03:00 [DBG] Executing DbCommand [Parameters=[], CommandType='"Text"', CommandTimeout='30']
SELECT EXISTS (
    SELECT 1 FROM pg_catalog.pg_class c
    JOIN pg_catalog.pg_namespace n ON n.oid=c.relnamespace
    WHERE n.nspname='public' AND
          c.relname='__EFMigrationsHistory'
)
2025-12-16 18:42:57.123 +03:00 [INF] Executed DbCommand (3ms) [Parameters=[], CommandType='"Text"', CommandTimeout='30']
SELECT EXISTS (
    SELECT 1 FROM pg_catalog.pg_class c
    JOIN pg_catalog.pg_namespace n ON n.oid=c.relnamespace
    WHERE n.nspname='public' AND
          c.relname='__EFMigrationsHistory'
)
2025-12-16 18:42:57.125 +03:00 [DBG] Closing connection to database 'AuthServiceDb_Dev' on server 'tcp://localhost:5432'.
2025-12-16 18:42:57.127 +03:00 [DBG] Closed connection to database 'AuthServiceDb_Dev' on server 'tcp://localhost:5432' (1ms).
2025-12-16 18:42:57.129 +03:00 [DBG] Opening connection to database 'AuthServiceDb_Dev' on server 'tcp://localhost:5432'.
2025-12-16 18:42:57.189 +03:00 [DBG] Opened connection to database 'AuthServiceDb_Dev' on server 'tcp://localhost:5432'.
2025-12-16 18:42:57.192 +03:00 [DBG] Closing connection to database 'AuthServiceDb_Dev' on server 'tcp://localhost:5432'.
2025-12-16 18:42:57.206 +03:00 [DBG] Closed connection to database 'AuthServiceDb_Dev' on server 'tcp://localhost:5432' (12ms).
2025-12-16 18:42:57.208 +03:00 [DBG] Creating DbCommand for 'ExecuteScalar'.
2025-12-16 18:42:57.210 +03:00 [DBG] Created DbCommand for 'ExecuteScalar' (1ms).
2025-12-16 18:42:57.213 +03:00 [DBG] Initialized DbCommand for 'ExecuteScalar' (4ms).
2025-12-16 18:42:57.214 +03:00 [DBG] Opening connection to database 'AuthServiceDb_Dev' on server 'tcp://localhost:5432'.
2025-12-16 18:42:57.216 +03:00 [DBG] Opened connection to database 'AuthServiceDb_Dev' on server 'tcp://localhost:5432'.
2025-12-16 18:42:57.218 +03:00 [DBG] Executing DbCommand [Parameters=[], CommandType='"Text"', CommandTimeout='30']
SELECT EXISTS (
    SELECT 1 FROM pg_catalog.pg_class c
    JOIN pg_catalog.pg_namespace n ON n.oid=c.relnamespace
    WHERE n.nspname='public' AND
          c.relname='__EFMigrationsHistory'
)
2025-12-16 18:42:57.222 +03:00 [INF] Executed DbCommand (4ms) [Parameters=[], CommandType='"Text"', CommandTimeout='30']
SELECT EXISTS (
    SELECT 1 FROM pg_catalog.pg_class c
    JOIN pg_catalog.pg_namespace n ON n.oid=c.relnamespace
    WHERE n.nspname='public' AND
          c.relname='__EFMigrationsHistory'
)
2025-12-16 18:42:57.225 +03:00 [DBG] Closing connection to database 'AuthServiceDb_Dev' on server 'tcp://localhost:5432'.
2025-12-16 18:42:57.226 +03:00 [DBG] Closed connection to database 'AuthServiceDb_Dev' on server 'tcp://localhost:5432' (1ms).
2025-12-16 18:42:57.228 +03:00 [DBG] Opening connection to database 'AuthServiceDb_Dev' on server 'tcp://localhost:5432'.
2025-12-16 18:42:57.229 +03:00 [DBG] Opened connection to database 'AuthServiceDb_Dev' on server 'tcp://localhost:5432'.
2025-12-16 18:42:57.230 +03:00 [DBG] Creating DbCommand for 'ExecuteReader'.
2025-12-16 18:42:57.231 +03:00 [DBG] Created DbCommand for 'ExecuteReader' (0ms).
2025-12-16 18:42:57.232 +03:00 [DBG] Initialized DbCommand for 'ExecuteReader' (1ms).
2025-12-16 18:42:57.233 +03:00 [DBG] Executing DbCommand [Parameters=[], CommandType='"Text"', CommandTimeout='30']
SELECT "MigrationId", "ProductVersion"
FROM "__EFMigrationsHistory"
ORDER BY "MigrationId";
2025-12-16 18:42:57.236 +03:00 [INF] Executed DbCommand (2ms) [Parameters=[], CommandType='"Text"', CommandTimeout='30']
SELECT "MigrationId", "ProductVersion"
FROM "__EFMigrationsHistory"
ORDER BY "MigrationId";
2025-12-16 18:42:57.238 +03:00 [DBG] Closing data reader to 'AuthServiceDb_Dev' on server 'tcp://localhost:5432'.
2025-12-16 18:42:57.239 +03:00 [DBG] A data reader for 'AuthServiceDb_Dev' on server 'tcp://localhost:5432' is being disposed after spending 1ms reading results.
2025-12-16 18:42:57.241 +03:00 [DBG] Closing connection to database 'AuthServiceDb_Dev' on server 'tcp://localhost:5432'.
2025-12-16 18:42:57.242 +03:00 [DBG] Closed connection to database 'AuthServiceDb_Dev' on server 'tcp://localhost:5432' (1ms).
2025-12-16 18:42:57.251 +03:00 [INF] No migrations were applied. The database is already up to date.
2025-12-16 18:42:57.254 +03:00 [INF] Database migrations applied successfully.
2025-12-16 18:42:57.256 +03:00 [DBG] 'AuthDbContext' disposed.
2025-12-16 18:42:57.258 +03:00 [DBG] Disposing connection to database 'AuthServiceDb_Dev' on server 'tcp://localhost:5432'.
2025-12-16 18:42:57.260 +03:00 [DBG] Disposed connection to database 'AuthServiceDb_Dev' on server 'tcp://localhost:5432' (1ms).
2025-12-16 18:42:57.263 +03:00 [DBG] Hosting starting
2025-12-16 18:42:57.289 +03:00 [INF] User profile is available. Using 'C:\Users\atura\AppData\Local\ASP.NET\DataProtection-Keys' as key repository and Windows DPAPI to encrypt keys at rest.
2025-12-16 18:42:57.312 +03:00 [DBG] Reading data from file 'C:\Users\atura\AppData\Local\ASP.NET\DataProtection-Keys\key-2b41731a-ff2b-4c58-8083-9dd2e8e06c02.xml'.
2025-12-16 18:42:57.320 +03:00 [DBG] Reading data from file 'C:\Users\atura\AppData\Local\ASP.NET\DataProtection-Keys\key-b1bfbf17-5e54-4bcd-856c-81e8ff116985.xml'.
2025-12-16 18:42:57.343 +03:00 [DBG] Reading data from file 'C:\Users\atura\AppData\Local\ASP.NET\DataProtection-Keys\key-d4db8ae3-c3b6-4a1e-a8e6-5ce936ab3dc1.xml'.
2025-12-16 18:42:57.345 +03:00 [DBG] Reading data from file 'C:\Users\atura\AppData\Local\ASP.NET\DataProtection-Keys\key-d528c6a9-5739-4b20-b71f-eef16136c0e0.xml'.
2025-12-16 18:42:57.347 +03:00 [DBG] Reading data from file 'C:\Users\atura\AppData\Local\ASP.NET\DataProtection-Keys\key-f197c843-1f03-4bc8-9e1b-7ef1bcdd878d.xml'.
2025-12-16 18:42:57.353 +03:00 [DBG] Found key {2b41731a-ff2b-4c58-8083-9dd2e8e06c02}.
2025-12-16 18:42:57.358 +03:00 [DBG] Found key {b1bfbf17-5e54-4bcd-856c-81e8ff116985}.
2025-12-16 18:42:57.359 +03:00 [DBG] Found key {d4db8ae3-c3b6-4a1e-a8e6-5ce936ab3dc1}.
2025-12-16 18:42:57.360 +03:00 [DBG] Found key {d528c6a9-5739-4b20-b71f-eef16136c0e0}.
2025-12-16 18:42:57.361 +03:00 [DBG] Found key {f197c843-1f03-4bc8-9e1b-7ef1bcdd878d}.
2025-12-16 18:42:57.366 +03:00 [DBG] Considering key {d528c6a9-5739-4b20-b71f-eef16136c0e0} with expiration date 2026-01-16 09:53:55Z as default key.
2025-12-16 18:42:57.372 +03:00 [DBG] Forwarded activator type request from Microsoft.AspNetCore.DataProtection.XmlEncryption.DpapiXmlDecryptor, Microsoft.AspNetCore.DataProtection, Version=8.0.0.0, Culture=neutral, PublicKeyToken=adb9793829ddae60 to Microsoft.AspNetCore.DataProtection.XmlEncryption.DpapiXmlDecryptor, Microsoft.AspNetCore.DataProtection, Culture=neutral, PublicKeyToken=adb9793829ddae60
2025-12-16 18:42:57.373 +03:00 [DBG] Decrypting secret element using Windows DPAPI.
2025-12-16 18:42:57.375 +03:00 [DBG] Forwarded activator type request from Microsoft.AspNetCore.DataProtection.AuthenticatedEncryption.ConfigurationModel.AuthenticatedEncryptorDescriptorDeserializer, Microsoft.AspNetCore.DataProtection, Version=8.0.0.0, Culture=neutral, PublicKeyToken=adb9793829ddae60 to Microsoft.AspNetCore.DataProtection.AuthenticatedEncryption.ConfigurationModel.AuthenticatedEncryptorDescriptorDeserializer, Microsoft.AspNetCore.DataProtection, Culture=neutral, PublicKeyToken=adb9793829ddae60
2025-12-16 18:42:57.378 +03:00 [DBG] Opening CNG algorithm 'AES' from provider 'null' with chaining mode CBC.
2025-12-16 18:42:57.380 +03:00 [DBG] Opening CNG algorithm 'SHA256' from provider 'null' with HMAC.
2025-12-16 18:42:57.382 +03:00 [DBG] Using key {d528c6a9-5739-4b20-b71f-eef16136c0e0} as the default key.
2025-12-16 18:42:57.383 +03:00 [DBG] Key ring with default key {d528c6a9-5739-4b20-b71f-eef16136c0e0} was loaded during application startup.
2025-12-16 18:42:57.536 +03:00 [INF] Now listening on: https://localhost:7001
2025-12-16 18:42:57.537 +03:00 [INF] Now listening on: http://localhost:5001
2025-12-16 18:42:57.538 +03:00 [DBG] Loaded hosting startup assembly AuthService.API
2025-12-16 18:42:57.539 +03:00 [DBG] Loaded hosting startup assembly Microsoft.WebTools.ApiEndpointDiscovery
2025-12-16 18:42:57.539 +03:00 [DBG] Loaded hosting startup assembly Microsoft.AspNetCore.Watch.BrowserRefresh
2025-12-16 18:42:57.540 +03:00 [DBG] Loaded hosting startup assembly Microsoft.WebTools.BrowserLink.Net
2025-12-16 18:42:57.589 +03:00 [DBG] Connection id "0HNHSN74JLRFM" accepted.
2025-12-16 18:42:57.589 +03:00 [DBG] Connection id "0HNHSN74JLRFM" received FIN.
2025-12-16 18:42:57.589 +03:00 [DBG] Connection id "0HNHSN74JLRFL" received FIN.
2025-12-16 18:42:57.589 +03:00 [DBG] Connection id "0HNHSN74JLRFL" accepted.
2025-12-16 18:42:57.591 +03:00 [DBG] Connection id "0HNHSN74JLRFM" started.
2025-12-16 18:42:57.597 +03:00 [DBG] Connection id "0HNHSN74JLRFL" started.
2025-12-16 18:42:57.612 +03:00 [DBG] Failed to authenticate HTTPS connection.
System.IO.IOException: Received an unexpected EOF or 0 bytes from the transport stream.
   at System.Net.Security.SslStream.ReceiveHandshakeFrameAsync[TIOAdapter](CancellationToken cancellationToken)
   at System.Net.Security.SslStream.ForceAuthenticationAsync[TIOAdapter](Boolean receiveFirst, Byte[] reAuthenticationData, CancellationToken cancellationToken)
   at System.Net.Security.SslStream.ProcessAuthenticationWithTelemetryAsync(Boolean isAsync, CancellationToken cancellationToken)
   at Microsoft.AspNetCore.Server.Kestrel.Https.Internal.HttpsConnectionMiddleware.OnConnectionAsync(ConnectionContext context)
2025-12-16 18:42:57.612 +03:00 [DBG] Failed to authenticate HTTPS connection.
System.IO.IOException: Received an unexpected EOF or 0 bytes from the transport stream.
   at System.Net.Security.SslStream.ReceiveHandshakeFrameAsync[TIOAdapter](CancellationToken cancellationToken)
   at System.Net.Security.SslStream.ForceAuthenticationAsync[TIOAdapter](Boolean receiveFirst, Byte[] reAuthenticationData, CancellationToken cancellationToken)
   at System.Net.Security.SslStream.ProcessAuthenticationWithTelemetryAsync(Boolean isAsync, CancellationToken cancellationToken)
   at Microsoft.AspNetCore.Server.Kestrel.Https.Internal.HttpsConnectionMiddleware.OnConnectionAsync(ConnectionContext context)
2025-12-16 18:42:57.636 +03:00 [DBG] Connection id "0HNHSN74JLRFM" stopped.
2025-12-16 18:42:57.636 +03:00 [DBG] Connection id "0HNHSN74JLRFL" stopped.
2025-12-16 18:42:57.639 +03:00 [DBG] Connection id "0HNHSN74JLRFL" sending FIN because: "The Socket transport's send loop completed gracefully."
2025-12-16 18:42:57.639 +03:00 [DBG] Connection id "0HNHSN74JLRFM" sending FIN because: "The Socket transport's send loop completed gracefully."
2025-12-16 18:42:57.651 +03:00 [INF] Application started. Press Ctrl+C to shut down.
2025-12-16 18:42:57.652 +03:00 [INF] Hosting environment: Development
2025-12-16 18:42:57.653 +03:00 [INF] Content root path: C:\Users\atura\OneDrive\Masaüstü\Yarışma\appointment-reservation\backend\Services\AuthService\AuthService.API
2025-12-16 18:42:57.654 +03:00 [DBG] Hosting started
2025-12-16 18:42:58.192 +03:00 [DBG] Connection id "0HNHSN74JLRFN" accepted.
2025-12-16 18:42:58.194 +03:00 [DBG] Connection id "0HNHSN74JLRFN" started.
2025-12-16 18:42:58.236 +03:00 [DBG] Connection 0HNHSN74JLRFN established using the following protocol: "Tls13"
2025-12-16 18:42:58.308 +03:00 [INF] Request starting HTTP/2 GET https://localhost:7001/swagger/index.html - null null
2025-12-16 18:42:58.432 +03:00 [DBG] Wildcard detected, all requests with hosts will be allowed.
2025-12-16 18:42:58.455 +03:00 [DBG] No candidates found for the request path '/swagger/index.html'
2025-12-16 18:42:58.457 +03:00 [DBG] Request did not match any endpoints
2025-12-16 18:42:58.521 +03:00 [DBG] Response markup is scheduled to include Browser Link script injection.
2025-12-16 18:42:58.523 +03:00 [DBG] Response markup is scheduled to include browser refresh script injection.
2025-12-16 18:42:58.531 +03:00 [DBG] Response markup was updated to include Browser Link script injection.
2025-12-16 18:42:58.533 +03:00 [DBG] Response markup was updated to include browser refresh script injection.
2025-12-16 18:42:58.540 +03:00 [INF] Request finished HTTP/2 GET https://localhost:7001/swagger/index.html - 200 null text/html;charset=utf-8 245.6924ms
2025-12-16 18:42:58.569 +03:00 [INF] Request starting HTTP/2 GET https://localhost:7001/_framework/aspnetcore-browser-refresh.js - null null
2025-12-16 18:42:58.569 +03:00 [INF] Request starting HTTP/2 GET https://localhost:7001/swagger/index.js - null null
2025-12-16 18:42:58.572 +03:00 [INF] Request starting HTTP/2 GET https://localhost:7001/_vs/browserLink - null null
2025-12-16 18:42:58.574 +03:00 [DBG] No candidates found for the request path '/swagger/index.js'
2025-12-16 18:42:58.578 +03:00 [DBG] Request did not match any endpoints
2025-12-16 18:42:58.580 +03:00 [INF] Request finished HTTP/2 GET https://localhost:7001/_framework/aspnetcore-browser-refresh.js - 200 13782 application/javascript; charset=utf-8 11.232ms
2025-12-16 18:42:58.580 +03:00 [INF] Request finished HTTP/2 GET https://localhost:7001/swagger/index.js - 200 null application/javascript;charset=utf-8 11.7472ms
2025-12-16 18:42:58.614 +03:00 [INF] Request finished HTTP/2 GET https://localhost:7001/_vs/browserLink - 200 null text/javascript; charset=UTF-8 41.6455ms
2025-12-16 18:42:58.725 +03:00 [INF] Request starting HTTP/2 GET https://localhost:7001/swagger/v1/swagger.json - null null
2025-12-16 18:42:58.727 +03:00 [DBG] No candidates found for the request path '/swagger/v1/swagger.json'
2025-12-16 18:42:58.728 +03:00 [DBG] Request did not match any endpoints
2025-12-16 18:42:58.754 +03:00 [INF] Request finished HTTP/2 GET https://localhost:7001/swagger/v1/swagger.json - 200 null application/json;charset=utf-8 29.8038ms
2025-12-16 18:43:43.154 +03:00 [INF] Request starting HTTP/2 POST https://localhost:7001/api/Auth/register - application/json 175
2025-12-16 18:43:43.165 +03:00 [DBG] 1 candidate(s) found for the request path '/api/Auth/register'
2025-12-16 18:43:43.166 +03:00 [DBG] Endpoint 'AuthService.API.Controllers.AuthController.Register (AuthService.API)' with route pattern 'api/Auth/register' is valid for the request path '/api/Auth/register'
2025-12-16 18:43:43.168 +03:00 [DBG] Request matched endpoint 'AuthService.API.Controllers.AuthController.Register (AuthService.API)'
2025-12-16 18:43:43.170 +03:00 [DBG] Static files was skipped as the request already matched an endpoint.
2025-12-16 18:43:43.172 +03:00 [DBG] The request has an origin header: 'https://localhost:7001'.
2025-12-16 18:43:43.173 +03:00 [INF] CORS policy execution successful.
2025-12-16 18:43:43.223 +03:00 [DBG] AuthenticationScheme: Bearer was not authenticated.
2025-12-16 18:43:43.226 +03:00 [INF] Executing endpoint 'AuthService.API.Controllers.AuthController.Register (AuthService.API)'
2025-12-16 18:43:43.244 +03:00 [INF] Route matched with {action = "Register", controller = "Auth"}. Executing controller action with signature Microsoft.AspNetCore.Mvc.IActionResult Register(AuthService.Entities.DTOs.UserForRegisterDto) on controller AuthService.API.Controllers.AuthController (AuthService.API).
2025-12-16 18:43:43.247 +03:00 [DBG] Execution plan of authorization filters (in the following order): ["None"]
2025-12-16 18:43:43.248 +03:00 [DBG] Execution plan of resource filters (in the following order): ["None"]
2025-12-16 18:43:43.249 +03:00 [DBG] Execution plan of action filters (in the following order): ["Microsoft.AspNetCore.Mvc.ModelBinding.UnsupportedContentTypeFilter (Order: -3000)","Microsoft.AspNetCore.Mvc.Infrastructure.ModelStateInvalidFilter (Order: -2000)"]
2025-12-16 18:43:43.250 +03:00 [DBG] Execution plan of exception filters (in the following order): ["None"]
2025-12-16 18:43:43.251 +03:00 [DBG] Execution plan of result filters (in the following order): ["Microsoft.AspNetCore.Mvc.Infrastructure.ClientErrorResultFilter (Order: -2000)","Microsoft.AspNetCore.Mvc.ProducesAttribute (Order: 0)"]
2025-12-16 18:43:43.254 +03:00 [DBG] Executing controller factory for controller AuthService.API.Controllers.AuthController (AuthService.API)
2025-12-16 18:43:43.318 +03:00 [DBG] Executed controller factory for controller AuthService.API.Controllers.AuthController (AuthService.API)
2025-12-16 18:43:43.329 +03:00 [DBG] Attempting to bind parameter 'userForRegisterDto' of type 'AuthService.Entities.DTOs.UserForRegisterDto' ...
2025-12-16 18:43:43.332 +03:00 [DBG] Attempting to bind parameter 'userForRegisterDto' of type 'AuthService.Entities.DTOs.UserForRegisterDto' using the name '' in request data ...
2025-12-16 18:43:43.334 +03:00 [DBG] Selected input formatter 'Microsoft.AspNetCore.Mvc.Formatters.SystemTextJsonInputFormatter' for content type 'application/json'.
2025-12-16 18:43:43.343 +03:00 [DBG] Connection id "0HNHSN74JLRFN", Request id "0HNHSN74JLRFN:0000000B": started reading request body.
2025-12-16 18:43:43.345 +03:00 [DBG] Connection id "0HNHSN74JLRFN", Request id "0HNHSN74JLRFN:0000000B": done reading request body.
2025-12-16 18:43:43.358 +03:00 [DBG] JSON input formatter succeeded, deserializing to type 'AuthService.Entities.DTOs.UserForRegisterDto'
2025-12-16 18:43:43.359 +03:00 [DBG] Done attempting to bind parameter 'userForRegisterDto' of type 'AuthService.Entities.DTOs.UserForRegisterDto'.
2025-12-16 18:43:43.360 +03:00 [DBG] Done attempting to bind parameter 'userForRegisterDto' of type 'AuthService.Entities.DTOs.UserForRegisterDto'.
2025-12-16 18:43:43.361 +03:00 [DBG] Attempting to validate the bound parameter 'userForRegisterDto' of type 'AuthService.Entities.DTOs.UserForRegisterDto' ...
2025-12-16 18:43:43.398 +03:00 [DBG] Done attempting to validate the bound parameter 'userForRegisterDto' of type 'AuthService.Entities.DTOs.UserForRegisterDto'.
2025-12-16 18:43:45.086 +03:00 [DBG] Entity Framework Core 8.0.17 initialized 'AuthDbContext' using provider 'Npgsql.EntityFrameworkCore.PostgreSQL:8.0.10+18d07c54eacaffa5bf8128d47eecdb5255d86376' with options: None
2025-12-16 18:43:45.107 +03:00 [DBG] Compiling query expression: 
'DbSet<User>()
    .FirstOrDefault(u => u.Email == __email_0)'
2025-12-16 18:43:45.221 +03:00 [DBG] Generated query execution expression: 
'queryContext => new SingleQueryingEnumerable<User>(
    (RelationalQueryContext)queryContext, 
    RelationalCommandCache.QueryExpression(
        Projection Mapping:
            EmptyProjectionMember -> Dictionary<IProperty, int> { [Property: User.Id (int) Required PK AfterSave:Throw ValueGenerated.OnAdd, 0], [Property: User.CreatedDate (DateTime) Required, 1], [Property: User.Email (string) Required Index MaxLength(100), 2], [Property: User.FailedLoginAttempts (int) Required, 3], [Property: User.FirstName (string) Required MaxLength(50), 4], [Property: User.IdentityNumber (string) Required MaxLength(11), 5], [Property: User.IsEmailVerified (bool) Required, 6], [Property: User.LastName (string) MaxLength(50), 7], [Property: User.LockoutEndTime (DateTime?), 8], [Property: User.PasswordHash (byte[]) Required, 9], [Property: User.PasswordSalt (byte[]) Required, 10], [Property: User.PhoneNumber (string) MaxLength(20), 11], [Property: User.RefreshToken (string), 12], [Property: User.RefreshTokenExpiration (DateTime?), 13], [Property: User.Status (bool) Required, 14], [Property: User.UpdatedDate (DateTime?), 15] }
        SELECT TOP(1) u.Id, u.CreatedDate, u.Email, u.FailedLoginAttempts, u.FirstName, u.IdentityNumber, u.IsEmailVerified, u.LastName, u.LockoutEndTime, u.PasswordHash, u.PasswordSalt, u.PhoneNumber, u.RefreshToken, u.RefreshTokenExpiration, u.Status, u.UpdatedDate
        FROM Users AS u
        WHERE u.Email == @__email_0), 
    null, 
    Func<QueryContext, DbDataReader, ResultContext, SingleQueryResultCoordinator, User>, 
    AuthService.DataAccess.Concrete.EntityFramework.AuthDbContext, 
    False, 
    False, 
    True
)
    .SingleOrDefault()'
2025-12-16 18:43:45.240 +03:00 [DBG] Creating DbConnection.
2025-12-16 18:43:45.241 +03:00 [DBG] Created DbConnection. (0ms).
2025-12-16 18:43:45.242 +03:00 [DBG] Opening connection to database 'AuthServiceDb_Dev' on server 'tcp://localhost:5432'.
2025-12-16 18:43:45.243 +03:00 [DBG] Opened connection to database 'AuthServiceDb_Dev' on server 'tcp://localhost:5432'.
2025-12-16 18:43:45.243 +03:00 [DBG] Creating DbCommand for 'ExecuteReader'.
2025-12-16 18:43:45.244 +03:00 [DBG] Created DbCommand for 'ExecuteReader' (0ms).
2025-12-16 18:43:45.248 +03:00 [DBG] Initialized DbCommand for 'ExecuteReader' (4ms).
2025-12-16 18:43:45.250 +03:00 [DBG] Executing DbCommand [Parameters=[@__email_0='?'], CommandType='"Text"', CommandTimeout='30']
SELECT u."Id", u."CreatedDate", u."Email", u."FailedLoginAttempts", u."FirstName", u."IdentityNumber", u."IsEmailVerified", u."LastName", u."LockoutEndTime", u."PasswordHash", u."PasswordSalt", u."PhoneNumber", u."RefreshToken", u."RefreshTokenExpiration", u."Status", u."UpdatedDate"
FROM "Users" AS u
WHERE u."Email" = @__email_0
LIMIT 1
2025-12-16 18:43:45.260 +03:00 [INF] Executed DbCommand (12ms) [Parameters=[@__email_0='?'], CommandType='"Text"', CommandTimeout='30']
SELECT u."Id", u."CreatedDate", u."Email", u."FailedLoginAttempts", u."FirstName", u."IdentityNumber", u."IsEmailVerified", u."LastName", u."LockoutEndTime", u."PasswordHash", u."PasswordSalt", u."PhoneNumber", u."RefreshToken", u."RefreshTokenExpiration", u."Status", u."UpdatedDate"
FROM "Users" AS u
WHERE u."Email" = @__email_0
LIMIT 1
2025-12-16 18:43:45.263 +03:00 [DBG] Closing data reader to 'AuthServiceDb_Dev' on server 'tcp://localhost:5432'.
2025-12-16 18:43:45.264 +03:00 [DBG] A data reader for 'AuthServiceDb_Dev' on server 'tcp://localhost:5432' is being disposed after spending 1ms reading results.
2025-12-16 18:43:45.265 +03:00 [DBG] Closing connection to database 'AuthServiceDb_Dev' on server 'tcp://localhost:5432'.
2025-12-16 18:43:45.265 +03:00 [DBG] Closed connection to database 'AuthServiceDb_Dev' on server 'tcp://localhost:5432' (0ms).
2025-12-16 18:43:45.286 +03:00 [DBG] 'AuthDbContext' generated a temporary value for the property 'User.Id'. Consider using 'DbContextOptionsBuilder.EnableSensitiveDataLogging' to see key values.
2025-12-16 18:43:45.333 +03:00 [DBG] Context 'AuthDbContext' started tracking 'User' entity. Consider using 'DbContextOptionsBuilder.EnableSensitiveDataLogging' to see key values.
2025-12-16 18:43:45.335 +03:00 [DBG] SaveChanges starting for 'AuthDbContext'.
2025-12-16 18:43:45.338 +03:00 [DBG] DetectChanges starting for 'AuthDbContext'.
2025-12-16 18:43:45.351 +03:00 [DBG] DetectChanges completed for 'AuthDbContext'.
2025-12-16 18:43:45.389 +03:00 [DBG] Opening connection to database 'AuthServiceDb_Dev' on server 'tcp://localhost:5432'.
2025-12-16 18:43:45.390 +03:00 [DBG] Opened connection to database 'AuthServiceDb_Dev' on server 'tcp://localhost:5432'.
2025-12-16 18:43:45.392 +03:00 [DBG] Creating DbCommand for 'ExecuteReader'.
2025-12-16 18:43:45.393 +03:00 [DBG] Created DbCommand for 'ExecuteReader' (0ms).
2025-12-16 18:43:45.393 +03:00 [DBG] Initialized DbCommand for 'ExecuteReader' (1ms).
2025-12-16 18:43:45.394 +03:00 [DBG] Executing DbCommand [Parameters=[@p0='?' (DbType = DateTime), @p1='?', @p2='?' (DbType = Int32), @p3='?', @p4='?', @p5='?' (DbType = Boolean), @p6='?', @p7='?' (DbType = DateTime), @p8='?' (DbType = Binary), @p9='?' (DbType = Binary), @p10='?', @p11='?', @p12='?' (DbType = DateTime), @p13='?' (DbType = Boolean), @p14='?' (DbType = DateTime)], CommandType='"Text"', CommandTimeout='30']
INSERT INTO "Users" ("CreatedDate", "Email", "FailedLoginAttempts", "FirstName", "IdentityNumber", "IsEmailVerified", "LastName", "LockoutEndTime", "PasswordHash", "PasswordSalt", "PhoneNumber", "RefreshToken", "RefreshTokenExpiration", "Status", "UpdatedDate")
VALUES (@p0, @p1, @p2, @p3, @p4, @p5, @p6, @p7, @p8, @p9, @p10, @p11, @p12, @p13, @p14)
RETURNING "Id";
2025-12-16 18:43:45.409 +03:00 [INF] Executed DbCommand (15ms) [Parameters=[@p0='?' (DbType = DateTime), @p1='?', @p2='?' (DbType = Int32), @p3='?', @p4='?', @p5='?' (DbType = Boolean), @p6='?', @p7='?' (DbType = DateTime), @p8='?' (DbType = Binary), @p9='?' (DbType = Binary), @p10='?', @p11='?', @p12='?' (DbType = DateTime), @p13='?' (DbType = Boolean), @p14='?' (DbType = DateTime)], CommandType='"Text"', CommandTimeout='30']
INSERT INTO "Users" ("CreatedDate", "Email", "FailedLoginAttempts", "FirstName", "IdentityNumber", "IsEmailVerified", "LastName", "LockoutEndTime", "PasswordHash", "PasswordSalt", "PhoneNumber", "RefreshToken", "RefreshTokenExpiration", "Status", "UpdatedDate")
VALUES (@p0, @p1, @p2, @p3, @p4, @p5, @p6, @p7, @p8, @p9, @p10, @p11, @p12, @p13, @p14)
RETURNING "Id";
2025-12-16 18:43:45.417 +03:00 [DBG] The foreign key property 'User.Id' was detected as changed. Consider using 'DbContextOptionsBuilder.EnableSensitiveDataLogging' to see property values.
2025-12-16 18:43:45.421 +03:00 [DBG] Closing data reader to 'AuthServiceDb_Dev' on server 'tcp://localhost:5432'.
2025-12-16 18:43:45.422 +03:00 [DBG] A data reader for 'AuthServiceDb_Dev' on server 'tcp://localhost:5432' is being disposed after spending 11ms reading results.
2025-12-16 18:43:45.423 +03:00 [DBG] Closing connection to database 'AuthServiceDb_Dev' on server 'tcp://localhost:5432'.
2025-12-16 18:43:45.424 +03:00 [DBG] Closed connection to database 'AuthServiceDb_Dev' on server 'tcp://localhost:5432' (0ms).
2025-12-16 18:43:45.431 +03:00 [DBG] An entity of type 'User' tracked by 'AuthDbContext' changed state from '"Added"' to '"Unchanged"'. Consider using 'DbContextOptionsBuilder.EnableSensitiveDataLogging' to see key values.
2025-12-16 18:43:45.433 +03:00 [DBG] SaveChanges completed for 'AuthDbContext' with 1 entities written to the database.
2025-12-16 18:43:45.435 +03:00 [DBG] Compiling query expression: 
'DbSet<OperationClaim>()
    .FirstOrDefault(oc => oc.Name == __name_0)'
2025-12-16 18:43:45.439 +03:00 [DBG] Generated query execution expression: 
'queryContext => new SingleQueryingEnumerable<OperationClaim>(
    (RelationalQueryContext)queryContext, 
    RelationalCommandCache.QueryExpression(
        Projection Mapping:
            EmptyProjectionMember -> Dictionary<IProperty, int> { [Property: OperationClaim.Id (int) Required PK AfterSave:Throw ValueGenerated.OnAdd, 0], [Property: OperationClaim.CreatedDate (DateTime) Required, 1], [Property: OperationClaim.Description (string) MaxLength(200), 2], [Property: OperationClaim.Name (string) Required Index MaxLength(50), 3] }
        SELECT TOP(1) o.Id, o.CreatedDate, o.Description, o.Name
        FROM OperationClaims AS o
        WHERE o.Name == @__name_0), 
    null, 
    Func<QueryContext, DbDataReader, ResultContext, SingleQueryResultCoordinator, OperationClaim>, 
    AuthService.DataAccess.Concrete.EntityFramework.AuthDbContext, 
    False, 
    False, 
    True
)
    .SingleOrDefault()'
2025-12-16 18:43:45.440 +03:00 [DBG] Opening connection to database 'AuthServiceDb_Dev' on server 'tcp://localhost:5432'.
2025-12-16 18:43:45.441 +03:00 [DBG] Opened connection to database 'AuthServiceDb_Dev' on server 'tcp://localhost:5432'.
2025-12-16 18:43:45.442 +03:00 [DBG] Creating DbCommand for 'ExecuteReader'.
2025-12-16 18:43:45.442 +03:00 [DBG] Created DbCommand for 'ExecuteReader' (0ms).
2025-12-16 18:43:45.443 +03:00 [DBG] Initialized DbCommand for 'ExecuteReader' (1ms).
2025-12-16 18:43:45.444 +03:00 [DBG] Executing DbCommand [Parameters=[@__name_0='?'], CommandType='"Text"', CommandTimeout='30']
SELECT o."Id", o."CreatedDate", o."Description", o."Name"
FROM "OperationClaims" AS o
WHERE o."Name" = @__name_0
LIMIT 1
2025-12-16 18:43:45.448 +03:00 [INF] Executed DbCommand (4ms) [Parameters=[@__name_0='?'], CommandType='"Text"', CommandTimeout='30']
SELECT o."Id", o."CreatedDate", o."Description", o."Name"
FROM "OperationClaims" AS o
WHERE o."Name" = @__name_0
LIMIT 1
2025-12-16 18:43:45.456 +03:00 [DBG] Context 'AuthDbContext' started tracking 'OperationClaim' entity. Consider using 'DbContextOptionsBuilder.EnableSensitiveDataLogging' to see key values.
2025-12-16 18:43:45.461 +03:00 [DBG] Closing data reader to 'AuthServiceDb_Dev' on server 'tcp://localhost:5432'.
2025-12-16 18:43:45.462 +03:00 [DBG] A data reader for 'AuthServiceDb_Dev' on server 'tcp://localhost:5432' is being disposed after spending 12ms reading results.
2025-12-16 18:43:45.463 +03:00 [DBG] Closing connection to database 'AuthServiceDb_Dev' on server 'tcp://localhost:5432'.
2025-12-16 18:43:45.463 +03:00 [DBG] Closed connection to database 'AuthServiceDb_Dev' on server 'tcp://localhost:5432' (0ms).
2025-12-16 18:43:45.466 +03:00 [DBG] 'AuthDbContext' generated a temporary value for the property 'UserOperationClaim.Id'. Consider using 'DbContextOptionsBuilder.EnableSensitiveDataLogging' to see key values.
2025-12-16 18:43:45.473 +03:00 [DBG] The navigation 'UserOperationClaim.OperationClaim' was detected as changed. Consider using 'DbContextOptionsBuilder.EnableSensitiveDataLogging' to see key values.
2025-12-16 18:43:45.480 +03:00 [DBG] The navigation 'UserOperationClaim.User' was detected as changed. Consider using 'DbContextOptionsBuilder.EnableSensitiveDataLogging' to see key values.
2025-12-16 18:43:45.483 +03:00 [DBG] Context 'AuthDbContext' started tracking 'UserOperationClaim' entity. Consider using 'DbContextOptionsBuilder.EnableSensitiveDataLogging' to see key values.
2025-12-16 18:43:45.484 +03:00 [DBG] SaveChanges starting for 'AuthDbContext'.
2025-12-16 18:43:45.484 +03:00 [DBG] DetectChanges starting for 'AuthDbContext'.
2025-12-16 18:43:45.489 +03:00 [DBG] DetectChanges completed for 'AuthDbContext'.
2025-12-16 18:43:45.492 +03:00 [DBG] Opening connection to database 'AuthServiceDb_Dev' on server 'tcp://localhost:5432'.
2025-12-16 18:43:45.493 +03:00 [DBG] Opened connection to database 'AuthServiceDb_Dev' on server 'tcp://localhost:5432'.
2025-12-16 18:43:45.494 +03:00 [DBG] Creating DbCommand for 'ExecuteReader'.
2025-12-16 18:43:45.494 +03:00 [DBG] Created DbCommand for 'ExecuteReader' (0ms).
2025-12-16 18:43:45.495 +03:00 [DBG] Initialized DbCommand for 'ExecuteReader' (1ms).
2025-12-16 18:43:45.496 +03:00 [DBG] Executing DbCommand [Parameters=[@p0='?' (DbType = DateTime), @p1='?' (DbType = Int32), @p2='?' (DbType = Int32)], CommandType='"Text"', CommandTimeout='30']
INSERT INTO "UserOperationClaims" ("CreatedDate", "OperationClaimId", "UserId")
VALUES (@p0, @p1, @p2)
RETURNING "Id";
2025-12-16 18:43:45.505 +03:00 [INF] Executed DbCommand (9ms) [Parameters=[@p0='?' (DbType = DateTime), @p1='?' (DbType = Int32), @p2='?' (DbType = Int32)], CommandType='"Text"', CommandTimeout='30']
INSERT INTO "UserOperationClaims" ("CreatedDate", "OperationClaimId", "UserId")
VALUES (@p0, @p1, @p2)
RETURNING "Id";
2025-12-16 18:43:45.507 +03:00 [DBG] The foreign key property 'UserOperationClaim.Id' was detected as changed. Consider using 'DbContextOptionsBuilder.EnableSensitiveDataLogging' to see property values.
2025-12-16 18:43:45.509 +03:00 [DBG] Closing data reader to 'AuthServiceDb_Dev' on server 'tcp://localhost:5432'.
2025-12-16 18:43:45.510 +03:00 [DBG] A data reader for 'AuthServiceDb_Dev' on server 'tcp://localhost:5432' is being disposed after spending 4ms reading results.
2025-12-16 18:43:45.511 +03:00 [DBG] Closing connection to database 'AuthServiceDb_Dev' on server 'tcp://localhost:5432'.
2025-12-16 18:43:45.512 +03:00 [DBG] Closed connection to database 'AuthServiceDb_Dev' on server 'tcp://localhost:5432' (0ms).
2025-12-16 18:43:45.514 +03:00 [DBG] An entity of type 'UserOperationClaim' tracked by 'AuthDbContext' changed state from '"Added"' to '"Unchanged"'. Consider using 'DbContextOptionsBuilder.EnableSensitiveDataLogging' to see key values.
2025-12-16 18:43:45.515 +03:00 [DBG] SaveChanges completed for 'AuthDbContext' with 1 entities written to the database.
2025-12-16 18:43:45.521 +03:00 [DBG] Compiling query expression: 
'DbSet<OperationClaim>()
    .Join(
        inner: DbSet<UserOperationClaim>(), 
        outerKeySelector: operationClaim => operationClaim.Id, 
        innerKeySelector: userOperationClaim => userOperationClaim.OperationClaimId, 
        resultSelector: (operationClaim, userOperationClaim) => new { 
            operationClaim = operationClaim, 
            userOperationClaim = userOperationClaim
         })
    .Where(<>h__TransparentIdentifier0 => <>h__TransparentIdentifier0.userOperationClaim.UserId == __user_Id_0)
    .Select(<>h__TransparentIdentifier0 => new OperationClaim{ 
        Id = <>h__TransparentIdentifier0.operationClaim.Id, 
        Name = <>h__TransparentIdentifier0.operationClaim.Name, 
        Description = <>h__TransparentIdentifier0.operationClaim.Description 
    }
    )'
2025-12-16 18:43:45.559 +03:00 [DBG] Generated query execution expression: 
'queryContext => new SingleQueryingEnumerable<OperationClaim>(
    (RelationalQueryContext)queryContext, 
    RelationalCommandCache.QueryExpression(
        Projection Mapping:
            Id -> 0
            Name -> 1
            Description -> 2
        SELECT o.Id, o.Name, o.Description
        FROM OperationClaims AS o
        INNER JOIN UserOperationClaims AS u ON o.Id == u.OperationClaimId
        WHERE u.UserId == @__user_Id_0), 
    null, 
    Func<QueryContext, DbDataReader, ResultContext, SingleQueryResultCoordinator, OperationClaim>, 
    AuthService.DataAccess.Concrete.EntityFramework.AuthDbContext, 
    False, 
    False, 
    True
)'
2025-12-16 18:43:45.561 +03:00 [DBG] Opening connection to database 'AuthServiceDb_Dev' on server 'tcp://localhost:5432'.
2025-12-16 18:43:45.562 +03:00 [DBG] Opened connection to database 'AuthServiceDb_Dev' on server 'tcp://localhost:5432'.
2025-12-16 18:43:45.563 +03:00 [DBG] Creating DbCommand for 'ExecuteReader'.
2025-12-16 18:43:45.563 +03:00 [DBG] Created DbCommand for 'ExecuteReader' (0ms).
2025-12-16 18:43:45.564 +03:00 [DBG] Initialized DbCommand for 'ExecuteReader' (1ms).
2025-12-16 18:43:45.566 +03:00 [DBG] Executing DbCommand [Parameters=[@__user_Id_0='?' (DbType = Int32)], CommandType='"Text"', CommandTimeout='30']
SELECT o."Id", o."Name", o."Description"
FROM "OperationClaims" AS o
INNER JOIN "UserOperationClaims" AS u ON o."Id" = u."OperationClaimId"
WHERE u."UserId" = @__user_Id_0
2025-12-16 18:43:45.568 +03:00 [INF] Executed DbCommand (2ms) [Parameters=[@__user_Id_0='?' (DbType = Int32)], CommandType='"Text"', CommandTimeout='30']
SELECT o."Id", o."Name", o."Description"
FROM "OperationClaims" AS o
INNER JOIN "UserOperationClaims" AS u ON o."Id" = u."OperationClaimId"
WHERE u."UserId" = @__user_Id_0
2025-12-16 18:43:45.570 +03:00 [DBG] Closing data reader to 'AuthServiceDb_Dev' on server 'tcp://localhost:5432'.
2025-12-16 18:43:45.570 +03:00 [DBG] A data reader for 'AuthServiceDb_Dev' on server 'tcp://localhost:5432' is being disposed after spending 1ms reading results.
2025-12-16 18:43:45.571 +03:00 [DBG] Closing connection to database 'AuthServiceDb_Dev' on server 'tcp://localhost:5432'.
2025-12-16 18:43:45.572 +03:00 [DBG] Closed connection to database 'AuthServiceDb_Dev' on server 'tcp://localhost:5432' (0ms).
2025-12-16 18:43:45.600 +03:00 [DBG] The unchanged property 'User.RefreshToken' was detected as changed and will be marked as modified. Consider using 'DbContextOptionsBuilder.EnableSensitiveDataLogging' to see property values.
2025-12-16 18:43:45.601 +03:00 [DBG] An entity of type 'User' tracked by 'AuthDbContext' changed state from '"Unchanged"' to '"Modified"'. Consider using 'DbContextOptionsBuilder.EnableSensitiveDataLogging' to see key values.
2025-12-16 18:43:45.603 +03:00 [DBG] The unchanged property 'User.RefreshTokenExpiration' was detected as changed and will be marked as modified. Consider using 'DbContextOptionsBuilder.EnableSensitiveDataLogging' to see property values.
2025-12-16 18:43:45.604 +03:00 [DBG] SaveChanges starting for 'AuthDbContext'.
2025-12-16 18:43:45.604 +03:00 [DBG] DetectChanges starting for 'AuthDbContext'.
2025-12-16 18:43:45.605 +03:00 [DBG] DetectChanges completed for 'AuthDbContext'.
2025-12-16 18:43:45.613 +03:00 [DBG] Opening connection to database 'AuthServiceDb_Dev' on server 'tcp://localhost:5432'.
2025-12-16 18:43:45.614 +03:00 [DBG] Opened connection to database 'AuthServiceDb_Dev' on server 'tcp://localhost:5432'.
2025-12-16 18:43:45.615 +03:00 [DBG] Creating DbCommand for 'ExecuteReader'.
2025-12-16 18:43:45.616 +03:00 [DBG] Created DbCommand for 'ExecuteReader' (0ms).
2025-12-16 18:43:45.617 +03:00 [DBG] Initialized DbCommand for 'ExecuteReader' (1ms).
2025-12-16 18:43:45.617 +03:00 [DBG] Executing DbCommand [Parameters=[@p15='?' (DbType = Int32), @p0='?' (DbType = DateTime), @p1='?', @p2='?' (DbType = Int32), @p3='?', @p4='?', @p5='?' (DbType = Boolean), @p6='?', @p7='?' (DbType = DateTime), @p8='?' (DbType = Binary), @p9='?' (DbType = Binary), @p10='?', @p11='?', @p12='?' (DbType = DateTime), @p13='?' (DbType = Boolean), @p14='?' (DbType = DateTime)], CommandType='"Text"', CommandTimeout='30']
UPDATE "Users" SET "CreatedDate" = @p0, "Email" = @p1, "FailedLoginAttempts" = @p2, "FirstName" = @p3, "IdentityNumber" = @p4, "IsEmailVerified" = @p5, "LastName" = @p6, "LockoutEndTime" = @p7, "PasswordHash" = @p8, "PasswordSalt" = @p9, "PhoneNumber" = @p10, "RefreshToken" = @p11, "RefreshTokenExpiration" = @p12, "Status" = @p13, "UpdatedDate" = @p14
WHERE "Id" = @p15;
2025-12-16 18:43:45.626 +03:00 [INF] Executed DbCommand (9ms) [Parameters=[@p15='?' (DbType = Int32), @p0='?' (DbType = DateTime), @p1='?', @p2='?' (DbType = Int32), @p3='?', @p4='?', @p5='?' (DbType = Boolean), @p6='?', @p7='?' (DbType = DateTime), @p8='?' (DbType = Binary), @p9='?' (DbType = Binary), @p10='?', @p11='?', @p12='?' (DbType = DateTime), @p13='?' (DbType = Boolean), @p14='?' (DbType = DateTime)], CommandType='"Text"', CommandTimeout='30']
UPDATE "Users" SET "CreatedDate" = @p0, "Email" = @p1, "FailedLoginAttempts" = @p2, "FirstName" = @p3, "IdentityNumber" = @p4, "IsEmailVerified" = @p5, "LastName" = @p6, "LockoutEndTime" = @p7, "PasswordHash" = @p8, "PasswordSalt" = @p9, "PhoneNumber" = @p10, "RefreshToken" = @p11, "RefreshTokenExpiration" = @p12, "Status" = @p13, "UpdatedDate" = @p14
WHERE "Id" = @p15;
2025-12-16 18:43:45.628 +03:00 [DBG] Closing data reader to 'AuthServiceDb_Dev' on server 'tcp://localhost:5432'.
2025-12-16 18:43:45.629 +03:00 [DBG] A data reader for 'AuthServiceDb_Dev' on server 'tcp://localhost:5432' is being disposed after spending 1ms reading results.
2025-12-16 18:43:45.630 +03:00 [DBG] Closing connection to database 'AuthServiceDb_Dev' on server 'tcp://localhost:5432'.
2025-12-16 18:43:45.631 +03:00 [DBG] Closed connection to database 'AuthServiceDb_Dev' on server 'tcp://localhost:5432' (0ms).
2025-12-16 18:43:45.633 +03:00 [DBG] An entity of type 'User' tracked by 'AuthDbContext' changed state from '"Modified"' to '"Unchanged"'. Consider using 'DbContextOptionsBuilder.EnableSensitiveDataLogging' to see key values.
2025-12-16 18:43:45.634 +03:00 [DBG] SaveChanges completed for 'AuthDbContext' with 1 entities written to the database.
2025-12-16 18:43:54.827 +03:00 [INF] Start processing HTTP request POST https://localhost:7296/api/patients/
2025-12-16 18:43:54.831 +03:00 [INF] Sending HTTP request POST https://localhost:7296/api/patients/
2025-12-16 18:44:29.976 +03:00 [DBG] List of registered output formatters, in the following order: ["Microsoft.AspNetCore.Mvc.Formatters.HttpNoContentOutputFormatter","Microsoft.AspNetCore.Mvc.Formatters.StringOutputFormatter","Microsoft.AspNetCore.Mvc.Formatters.StreamOutputFormatter","Microsoft.AspNetCore.Mvc.Formatters.SystemTextJsonOutputFormatter"]
2025-12-16 18:44:29.979 +03:00 [DBG] Attempting to select an output formatter based on Accept header '["application/json"]' and explicitly specified content types '["application/json"]'. The content types in the accept header must be a subset of the explicitly set content types.
2025-12-16 18:44:29.982 +03:00 [DBG] Selected output formatter 'Microsoft.AspNetCore.Mvc.Formatters.SystemTextJsonOutputFormatter' and content type 'application/json' to write the response.
2025-12-16 18:44:29.983 +03:00 [INF] Executing OkObjectResult, writing value of type 'Core.Extensions.ApiResponse`1[[AuthService.Entities.DTOs.TokenDto, AuthService.Entities, Version=1.0.0.0, Culture=neutral, PublicKeyToken=null]]'.
2025-12-16 18:44:30.026 +03:00 [INF] Executed action AuthService.API.Controllers.AuthController.Register (AuthService.API) in 46771.3219ms
2025-12-16 18:44:30.027 +03:00 [INF] Executed endpoint 'AuthService.API.Controllers.AuthController.Register (AuthService.API)'
2025-12-16 18:44:30.031 +03:00 [INF] [User: Anonymous] [IP: ::1] POST /api/Auth/register -> 200
2025-12-16 18:44:30.033 +03:00 [DBG] 'AuthDbContext' disposed.
2025-12-16 18:44:30.036 +03:00 [DBG] Disposing connection to database 'AuthServiceDb_Dev' on server 'tcp://localhost:5432'.
2025-12-16 18:44:30.038 +03:00 [DBG] Disposed connection to database 'AuthServiceDb_Dev' on server 'tcp://localhost:5432' (2ms).
2025-12-16 18:44:30.040 +03:00 [INF] Request finished HTTP/2 POST https://localhost:7001/api/Auth/register - 200 null application/json; charset=utf-8 46886.2553ms
2025-12-16 18:44:54.728 +03:00 [INF] Request starting HTTP/2 POST https://localhost:7001/api/Auth/register - application/json 176
2025-12-16 18:44:54.737 +03:00 [DBG] 1 candidate(s) found for the request path '/api/Auth/register'
2025-12-16 18:44:54.738 +03:00 [DBG] Endpoint 'AuthService.API.Controllers.AuthController.Register (AuthService.API)' with route pattern 'api/Auth/register' is valid for the request path '/api/Auth/register'
2025-12-16 18:44:54.740 +03:00 [DBG] Request matched endpoint 'AuthService.API.Controllers.AuthController.Register (AuthService.API)'
2025-12-16 18:44:54.741 +03:00 [DBG] Static files was skipped as the request already matched an endpoint.
2025-12-16 18:44:54.741 +03:00 [DBG] The request has an origin header: 'https://localhost:7001'.
2025-12-16 18:44:54.742 +03:00 [INF] CORS policy execution successful.
2025-12-16 18:44:54.743 +03:00 [DBG] AuthenticationScheme: Bearer was not authenticated.
2025-12-16 18:44:54.743 +03:00 [INF] Executing endpoint 'AuthService.API.Controllers.AuthController.Register (AuthService.API)'
2025-12-16 18:44:54.744 +03:00 [INF] Route matched with {action = "Register", controller = "Auth"}. Executing controller action with signature Microsoft.AspNetCore.Mvc.IActionResult Register(AuthService.Entities.DTOs.UserForRegisterDto) on controller AuthService.API.Controllers.AuthController (AuthService.API).
2025-12-16 18:44:54.746 +03:00 [DBG] Execution plan of authorization filters (in the following order): ["None"]
2025-12-16 18:44:54.747 +03:00 [DBG] Execution plan of resource filters (in the following order): ["None"]
2025-12-16 18:44:54.748 +03:00 [DBG] Execution plan of action filters (in the following order): ["Microsoft.AspNetCore.Mvc.ModelBinding.UnsupportedContentTypeFilter (Order: -3000)","Microsoft.AspNetCore.Mvc.Infrastructure.ModelStateInvalidFilter (Order: -2000)"]
2025-12-16 18:44:54.749 +03:00 [DBG] Execution plan of exception filters (in the following order): ["None"]
2025-12-16 18:44:54.750 +03:00 [DBG] Execution plan of result filters (in the following order): ["Microsoft.AspNetCore.Mvc.Infrastructure.ClientErrorResultFilter (Order: -2000)","Microsoft.AspNetCore.Mvc.ProducesAttribute (Order: 0)"]
2025-12-16 18:44:54.751 +03:00 [DBG] Executing controller factory for controller AuthService.API.Controllers.AuthController (AuthService.API)
2025-12-16 18:44:54.753 +03:00 [DBG] Executed controller factory for controller AuthService.API.Controllers.AuthController (AuthService.API)
2025-12-16 18:44:54.754 +03:00 [DBG] Attempting to bind parameter 'userForRegisterDto' of type 'AuthService.Entities.DTOs.UserForRegisterDto' ...
2025-12-16 18:44:54.755 +03:00 [DBG] Attempting to bind parameter 'userForRegisterDto' of type 'AuthService.Entities.DTOs.UserForRegisterDto' using the name '' in request data ...
2025-12-16 18:44:54.756 +03:00 [DBG] Selected input formatter 'Microsoft.AspNetCore.Mvc.Formatters.SystemTextJsonInputFormatter' for content type 'application/json'.
2025-12-16 18:44:54.757 +03:00 [DBG] Connection id "0HNHSN74JLRFN", Request id "0HNHSN74JLRFN:0000000D": started reading request body.
2025-12-16 18:44:54.757 +03:00 [DBG] Connection id "0HNHSN74JLRFN", Request id "0HNHSN74JLRFN:0000000D": done reading request body.
2025-12-16 18:44:54.758 +03:00 [DBG] JSON input formatter succeeded, deserializing to type 'AuthService.Entities.DTOs.UserForRegisterDto'
2025-12-16 18:44:54.759 +03:00 [DBG] Done attempting to bind parameter 'userForRegisterDto' of type 'AuthService.Entities.DTOs.UserForRegisterDto'.
2025-12-16 18:44:54.760 +03:00 [DBG] Done attempting to bind parameter 'userForRegisterDto' of type 'AuthService.Entities.DTOs.UserForRegisterDto'.
2025-12-16 18:44:54.761 +03:00 [DBG] Attempting to validate the bound parameter 'userForRegisterDto' of type 'AuthService.Entities.DTOs.UserForRegisterDto' ...
2025-12-16 18:44:54.763 +03:00 [DBG] Done attempting to validate the bound parameter 'userForRegisterDto' of type 'AuthService.Entities.DTOs.UserForRegisterDto'.
2025-12-16 18:44:56.071 +03:00 [DBG] Entity Framework Core 8.0.17 initialized 'AuthDbContext' using provider 'Npgsql.EntityFrameworkCore.PostgreSQL:8.0.10+18d07c54eacaffa5bf8128d47eecdb5255d86376' with options: None
2025-12-16 18:44:56.076 +03:00 [DBG] Creating DbConnection.
2025-12-16 18:44:56.077 +03:00 [DBG] Created DbConnection. (0ms).
2025-12-16 18:44:56.077 +03:00 [DBG] Opening connection to database 'AuthServiceDb_Dev' on server 'tcp://localhost:5432'.
2025-12-16 18:44:56.078 +03:00 [DBG] Opened connection to database 'AuthServiceDb_Dev' on server 'tcp://localhost:5432'.
2025-12-16 18:44:56.079 +03:00 [DBG] Creating DbCommand for 'ExecuteReader'.
2025-12-16 18:44:56.080 +03:00 [DBG] Created DbCommand for 'ExecuteReader' (0ms).
2025-12-16 18:44:56.081 +03:00 [DBG] Initialized DbCommand for 'ExecuteReader' (1ms).
2025-12-16 18:44:56.082 +03:00 [DBG] Executing DbCommand [Parameters=[@__email_0='?'], CommandType='"Text"', CommandTimeout='30']
SELECT u."Id", u."CreatedDate", u."Email", u."FailedLoginAttempts", u."FirstName", u."IdentityNumber", u."IsEmailVerified", u."LastName", u."LockoutEndTime", u."PasswordHash", u."PasswordSalt", u."PhoneNumber", u."RefreshToken", u."RefreshTokenExpiration", u."Status", u."UpdatedDate"
FROM "Users" AS u
WHERE u."Email" = @__email_0
LIMIT 1
2025-12-16 18:44:56.083 +03:00 [INF] Executed DbCommand (2ms) [Parameters=[@__email_0='?'], CommandType='"Text"', CommandTimeout='30']
SELECT u."Id", u."CreatedDate", u."Email", u."FailedLoginAttempts", u."FirstName", u."IdentityNumber", u."IsEmailVerified", u."LastName", u."LockoutEndTime", u."PasswordHash", u."PasswordSalt", u."PhoneNumber", u."RefreshToken", u."RefreshTokenExpiration", u."Status", u."UpdatedDate"
FROM "Users" AS u
WHERE u."Email" = @__email_0
LIMIT 1
2025-12-16 18:44:56.085 +03:00 [DBG] Closing data reader to 'AuthServiceDb_Dev' on server 'tcp://localhost:5432'.
2025-12-16 18:44:56.086 +03:00 [DBG] A data reader for 'AuthServiceDb_Dev' on server 'tcp://localhost:5432' is being disposed after spending 0ms reading results.
2025-12-16 18:44:56.087 +03:00 [DBG] Closing connection to database 'AuthServiceDb_Dev' on server 'tcp://localhost:5432'.
2025-12-16 18:44:56.088 +03:00 [DBG] Closed connection to database 'AuthServiceDb_Dev' on server 'tcp://localhost:5432' (0ms).
2025-12-16 18:44:56.089 +03:00 [DBG] 'AuthDbContext' generated a temporary value for the property 'User.Id'. Consider using 'DbContextOptionsBuilder.EnableSensitiveDataLogging' to see key values.
2025-12-16 18:44:56.091 +03:00 [DBG] Context 'AuthDbContext' started tracking 'User' entity. Consider using 'DbContextOptionsBuilder.EnableSensitiveDataLogging' to see key values.
2025-12-16 18:44:56.092 +03:00 [DBG] SaveChanges starting for 'AuthDbContext'.
2025-12-16 18:44:56.092 +03:00 [DBG] DetectChanges starting for 'AuthDbContext'.
2025-12-16 18:44:56.093 +03:00 [DBG] DetectChanges completed for 'AuthDbContext'.
2025-12-16 18:44:56.094 +03:00 [DBG] Opening connection to database 'AuthServiceDb_Dev' on server 'tcp://localhost:5432'.
2025-12-16 18:44:56.095 +03:00 [DBG] Opened connection to database 'AuthServiceDb_Dev' on server 'tcp://localhost:5432'.
2025-12-16 18:44:56.096 +03:00 [DBG] Creating DbCommand for 'ExecuteReader'.
2025-12-16 18:44:56.097 +03:00 [DBG] Created DbCommand for 'ExecuteReader' (0ms).
2025-12-16 18:44:56.098 +03:00 [DBG] Initialized DbCommand for 'ExecuteReader' (1ms).
2025-12-16 18:44:56.098 +03:00 [DBG] Executing DbCommand [Parameters=[@p0='?' (DbType = DateTime), @p1='?', @p2='?' (DbType = Int32), @p3='?', @p4='?', @p5='?' (DbType = Boolean), @p6='?', @p7='?' (DbType = DateTime), @p8='?' (DbType = Binary), @p9='?' (DbType = Binary), @p10='?', @p11='?', @p12='?' (DbType = DateTime), @p13='?' (DbType = Boolean), @p14='?' (DbType = DateTime)], CommandType='"Text"', CommandTimeout='30']
INSERT INTO "Users" ("CreatedDate", "Email", "FailedLoginAttempts", "FirstName", "IdentityNumber", "IsEmailVerified", "LastName", "LockoutEndTime", "PasswordHash", "PasswordSalt", "PhoneNumber", "RefreshToken", "RefreshTokenExpiration", "Status", "UpdatedDate")
VALUES (@p0, @p1, @p2, @p3, @p4, @p5, @p6, @p7, @p8, @p9, @p10, @p11, @p12, @p13, @p14)
RETURNING "Id";
2025-12-16 18:44:56.101 +03:00 [INF] Executed DbCommand (2ms) [Parameters=[@p0='?' (DbType = DateTime), @p1='?', @p2='?' (DbType = Int32), @p3='?', @p4='?', @p5='?' (DbType = Boolean), @p6='?', @p7='?' (DbType = DateTime), @p8='?' (DbType = Binary), @p9='?' (DbType = Binary), @p10='?', @p11='?', @p12='?' (DbType = DateTime), @p13='?' (DbType = Boolean), @p14='?' (DbType = DateTime)], CommandType='"Text"', CommandTimeout='30']
INSERT INTO "Users" ("CreatedDate", "Email", "FailedLoginAttempts", "FirstName", "IdentityNumber", "IsEmailVerified", "LastName", "LockoutEndTime", "PasswordHash", "PasswordSalt", "PhoneNumber", "RefreshToken", "RefreshTokenExpiration", "Status", "UpdatedDate")
VALUES (@p0, @p1, @p2, @p3, @p4, @p5, @p6, @p7, @p8, @p9, @p10, @p11, @p12, @p13, @p14)
RETURNING "Id";
2025-12-16 18:44:56.102 +03:00 [DBG] The foreign key property 'User.Id' was detected as changed. Consider using 'DbContextOptionsBuilder.EnableSensitiveDataLogging' to see property values.
2025-12-16 18:44:56.103 +03:00 [DBG] Closing data reader to 'AuthServiceDb_Dev' on server 'tcp://localhost:5432'.
2025-12-16 18:44:56.104 +03:00 [DBG] A data reader for 'AuthServiceDb_Dev' on server 'tcp://localhost:5432' is being disposed after spending 2ms reading results.
2025-12-16 18:44:56.105 +03:00 [DBG] Closing connection to database 'AuthServiceDb_Dev' on server 'tcp://localhost:5432'.
2025-12-16 18:44:56.106 +03:00 [DBG] Closed connection to database 'AuthServiceDb_Dev' on server 'tcp://localhost:5432' (0ms).
2025-12-16 18:44:56.107 +03:00 [DBG] An entity of type 'User' tracked by 'AuthDbContext' changed state from '"Added"' to '"Unchanged"'. Consider using 'DbContextOptionsBuilder.EnableSensitiveDataLogging' to see key values.
2025-12-16 18:44:56.109 +03:00 [DBG] SaveChanges completed for 'AuthDbContext' with 1 entities written to the database.
2025-12-16 18:44:56.110 +03:00 [DBG] Opening connection to database 'AuthServiceDb_Dev' on server 'tcp://localhost:5432'.
2025-12-16 18:44:56.111 +03:00 [DBG] Opened connection to database 'AuthServiceDb_Dev' on server 'tcp://localhost:5432'.
2025-12-16 18:44:56.112 +03:00 [DBG] Creating DbCommand for 'ExecuteReader'.
2025-12-16 18:44:56.113 +03:00 [DBG] Created DbCommand for 'ExecuteReader' (0ms).
2025-12-16 18:44:56.114 +03:00 [DBG] Initialized DbCommand for 'ExecuteReader' (1ms).
2025-12-16 18:44:56.115 +03:00 [DBG] Executing DbCommand [Parameters=[@__name_0='?'], CommandType='"Text"', CommandTimeout='30']
SELECT o."Id", o."CreatedDate", o."Description", o."Name"
FROM "OperationClaims" AS o
WHERE o."Name" = @__name_0
LIMIT 1
2025-12-16 18:44:56.117 +03:00 [INF] Executed DbCommand (2ms) [Parameters=[@__name_0='?'], CommandType='"Text"', CommandTimeout='30']
SELECT o."Id", o."CreatedDate", o."Description", o."Name"
FROM "OperationClaims" AS o
WHERE o."Name" = @__name_0
LIMIT 1
2025-12-16 18:44:56.118 +03:00 [DBG] Context 'AuthDbContext' started tracking 'OperationClaim' entity. Consider using 'DbContextOptionsBuilder.EnableSensitiveDataLogging' to see key values.
2025-12-16 18:44:56.119 +03:00 [DBG] Closing data reader to 'AuthServiceDb_Dev' on server 'tcp://localhost:5432'.
2025-12-16 18:44:56.120 +03:00 [DBG] A data reader for 'AuthServiceDb_Dev' on server 'tcp://localhost:5432' is being disposed after spending 1ms reading results.
2025-12-16 18:44:56.121 +03:00 [DBG] Closing connection to database 'AuthServiceDb_Dev' on server 'tcp://localhost:5432'.
2025-12-16 18:44:56.122 +03:00 [DBG] Closed connection to database 'AuthServiceDb_Dev' on server 'tcp://localhost:5432' (0ms).
2025-12-16 18:44:56.123 +03:00 [DBG] 'AuthDbContext' generated a temporary value for the property 'UserOperationClaim.Id'. Consider using 'DbContextOptionsBuilder.EnableSensitiveDataLogging' to see key values.
2025-12-16 18:44:56.124 +03:00 [DBG] The navigation 'UserOperationClaim.OperationClaim' was detected as changed. Consider using 'DbContextOptionsBuilder.EnableSensitiveDataLogging' to see key values.
2025-12-16 18:44:56.125 +03:00 [DBG] The navigation 'UserOperationClaim.User' was detected as changed. Consider using 'DbContextOptionsBuilder.EnableSensitiveDataLogging' to see key values.
2025-12-16 18:44:56.126 +03:00 [DBG] Context 'AuthDbContext' started tracking 'UserOperationClaim' entity. Consider using 'DbContextOptionsBuilder.EnableSensitiveDataLogging' to see key values.
2025-12-16 18:44:56.127 +03:00 [DBG] SaveChanges starting for 'AuthDbContext'.
2025-12-16 18:44:56.128 +03:00 [DBG] DetectChanges starting for 'AuthDbContext'.
2025-12-16 18:44:56.129 +03:00 [DBG] DetectChanges completed for 'AuthDbContext'.
2025-12-16 18:44:56.130 +03:00 [DBG] Opening connection to database 'AuthServiceDb_Dev' on server 'tcp://localhost:5432'.
2025-12-16 18:44:56.130 +03:00 [DBG] Opened connection to database 'AuthServiceDb_Dev' on server 'tcp://localhost:5432'.
2025-12-16 18:44:56.131 +03:00 [DBG] Creating DbCommand for 'ExecuteReader'.
2025-12-16 18:44:56.132 +03:00 [DBG] Created DbCommand for 'ExecuteReader' (0ms).
2025-12-16 18:44:56.133 +03:00 [DBG] Initialized DbCommand for 'ExecuteReader' (1ms).
2025-12-16 18:44:56.134 +03:00 [DBG] Executing DbCommand [Parameters=[@p0='?' (DbType = DateTime), @p1='?' (DbType = Int32), @p2='?' (DbType = Int32)], CommandType='"Text"', CommandTimeout='30']
INSERT INTO "UserOperationClaims" ("CreatedDate", "OperationClaimId", "UserId")
VALUES (@p0, @p1, @p2)
RETURNING "Id";
2025-12-16 18:44:56.136 +03:00 [INF] Executed DbCommand (2ms) [Parameters=[@p0='?' (DbType = DateTime), @p1='?' (DbType = Int32), @p2='?' (DbType = Int32)], CommandType='"Text"', CommandTimeout='30']
INSERT INTO "UserOperationClaims" ("CreatedDate", "OperationClaimId", "UserId")
VALUES (@p0, @p1, @p2)
RETURNING "Id";
2025-12-16 18:44:56.137 +03:00 [DBG] The foreign key property 'UserOperationClaim.Id' was detected as changed. Consider using 'DbContextOptionsBuilder.EnableSensitiveDataLogging' to see property values.
2025-12-16 18:44:56.138 +03:00 [DBG] Closing data reader to 'AuthServiceDb_Dev' on server 'tcp://localhost:5432'.
2025-12-16 18:44:56.139 +03:00 [DBG] A data reader for 'AuthServiceDb_Dev' on server 'tcp://localhost:5432' is being disposed after spending 1ms reading results.
2025-12-16 18:44:56.140 +03:00 [DBG] Closing connection to database 'AuthServiceDb_Dev' on server 'tcp://localhost:5432'.
2025-12-16 18:44:56.140 +03:00 [DBG] Closed connection to database 'AuthServiceDb_Dev' on server 'tcp://localhost:5432' (0ms).
2025-12-16 18:44:56.141 +03:00 [DBG] An entity of type 'UserOperationClaim' tracked by 'AuthDbContext' changed state from '"Added"' to '"Unchanged"'. Consider using 'DbContextOptionsBuilder.EnableSensitiveDataLogging' to see key values.
2025-12-16 18:44:56.143 +03:00 [DBG] SaveChanges completed for 'AuthDbContext' with 1 entities written to the database.
2025-12-16 18:44:56.145 +03:00 [DBG] Opening connection to database 'AuthServiceDb_Dev' on server 'tcp://localhost:5432'.
2025-12-16 18:44:56.146 +03:00 [DBG] Opened connection to database 'AuthServiceDb_Dev' on server 'tcp://localhost:5432'.
2025-12-16 18:44:56.147 +03:00 [DBG] Creating DbCommand for 'ExecuteReader'.
2025-12-16 18:44:56.147 +03:00 [DBG] Created DbCommand for 'ExecuteReader' (0ms).
2025-12-16 18:44:56.148 +03:00 [DBG] Initialized DbCommand for 'ExecuteReader' (1ms).
2025-12-16 18:44:56.149 +03:00 [DBG] Executing DbCommand [Parameters=[@__user_Id_0='?' (DbType = Int32)], CommandType='"Text"', CommandTimeout='30']
SELECT o."Id", o."Name", o."Description"
FROM "OperationClaims" AS o
INNER JOIN "UserOperationClaims" AS u ON o."Id" = u."OperationClaimId"
WHERE u."UserId" = @__user_Id_0
2025-12-16 18:44:56.151 +03:00 [INF] Executed DbCommand (2ms) [Parameters=[@__user_Id_0='?' (DbType = Int32)], CommandType='"Text"', CommandTimeout='30']
SELECT o."Id", o."Name", o."Description"
FROM "OperationClaims" AS o
INNER JOIN "UserOperationClaims" AS u ON o."Id" = u."OperationClaimId"
WHERE u."UserId" = @__user_Id_0
2025-12-16 18:44:56.152 +03:00 [DBG] Closing data reader to 'AuthServiceDb_Dev' on server 'tcp://localhost:5432'.
2025-12-16 18:44:56.153 +03:00 [DBG] A data reader for 'AuthServiceDb_Dev' on server 'tcp://localhost:5432' is being disposed after spending 0ms reading results.
2025-12-16 18:44:56.154 +03:00 [DBG] Closing connection to database 'AuthServiceDb_Dev' on server 'tcp://localhost:5432'.
2025-12-16 18:44:56.155 +03:00 [DBG] Closed connection to database 'AuthServiceDb_Dev' on server 'tcp://localhost:5432' (0ms).
2025-12-16 18:44:56.156 +03:00 [DBG] The unchanged property 'User.RefreshToken' was detected as changed and will be marked as modified. Consider using 'DbContextOptionsBuilder.EnableSensitiveDataLogging' to see property values.
2025-12-16 18:44:56.157 +03:00 [DBG] An entity of type 'User' tracked by 'AuthDbContext' changed state from '"Unchanged"' to '"Modified"'. Consider using 'DbContextOptionsBuilder.EnableSensitiveDataLogging' to see key values.
2025-12-16 18:44:56.158 +03:00 [DBG] The unchanged property 'User.RefreshTokenExpiration' was detected as changed and will be marked as modified. Consider using 'DbContextOptionsBuilder.EnableSensitiveDataLogging' to see property values.
2025-12-16 18:44:56.159 +03:00 [DBG] SaveChanges starting for 'AuthDbContext'.
2025-12-16 18:44:56.160 +03:00 [DBG] DetectChanges starting for 'AuthDbContext'.
2025-12-16 18:44:56.161 +03:00 [DBG] DetectChanges completed for 'AuthDbContext'.
2025-12-16 18:44:56.162 +03:00 [DBG] Opening connection to database 'AuthServiceDb_Dev' on server 'tcp://localhost:5432'.
2025-12-16 18:44:56.163 +03:00 [DBG] Opened connection to database 'AuthServiceDb_Dev' on server 'tcp://localhost:5432'.
2025-12-16 18:44:56.164 +03:00 [DBG] Creating DbCommand for 'ExecuteReader'.
2025-12-16 18:44:56.164 +03:00 [DBG] Created DbCommand for 'ExecuteReader' (0ms).
2025-12-16 18:44:56.165 +03:00 [DBG] Initialized DbCommand for 'ExecuteReader' (1ms).
2025-12-16 18:44:56.166 +03:00 [DBG] Executing DbCommand [Parameters=[@p15='?' (DbType = Int32), @p0='?' (DbType = DateTime), @p1='?', @p2='?' (DbType = Int32), @p3='?', @p4='?', @p5='?' (DbType = Boolean), @p6='?', @p7='?' (DbType = DateTime), @p8='?' (DbType = Binary), @p9='?' (DbType = Binary), @p10='?', @p11='?', @p12='?' (DbType = DateTime), @p13='?' (DbType = Boolean), @p14='?' (DbType = DateTime)], CommandType='"Text"', CommandTimeout='30']
UPDATE "Users" SET "CreatedDate" = @p0, "Email" = @p1, "FailedLoginAttempts" = @p2, "FirstName" = @p3, "IdentityNumber" = @p4, "IsEmailVerified" = @p5, "LastName" = @p6, "LockoutEndTime" = @p7, "PasswordHash" = @p8, "PasswordSalt" = @p9, "PhoneNumber" = @p10, "RefreshToken" = @p11, "RefreshTokenExpiration" = @p12, "Status" = @p13, "UpdatedDate" = @p14
WHERE "Id" = @p15;
2025-12-16 18:44:56.168 +03:00 [INF] Executed DbCommand (2ms) [Parameters=[@p15='?' (DbType = Int32), @p0='?' (DbType = DateTime), @p1='?', @p2='?' (DbType = Int32), @p3='?', @p4='?', @p5='?' (DbType = Boolean), @p6='?', @p7='?' (DbType = DateTime), @p8='?' (DbType = Binary), @p9='?' (DbType = Binary), @p10='?', @p11='?', @p12='?' (DbType = DateTime), @p13='?' (DbType = Boolean), @p14='?' (DbType = DateTime)], CommandType='"Text"', CommandTimeout='30']
UPDATE "Users" SET "CreatedDate" = @p0, "Email" = @p1, "FailedLoginAttempts" = @p2, "FirstName" = @p3, "IdentityNumber" = @p4, "IsEmailVerified" = @p5, "LastName" = @p6, "LockoutEndTime" = @p7, "PasswordHash" = @p8, "PasswordSalt" = @p9, "PhoneNumber" = @p10, "RefreshToken" = @p11, "RefreshTokenExpiration" = @p12, "Status" = @p13, "UpdatedDate" = @p14
WHERE "Id" = @p15;
2025-12-16 18:44:56.169 +03:00 [DBG] Closing data reader to 'AuthServiceDb_Dev' on server 'tcp://localhost:5432'.
2025-12-16 18:44:56.170 +03:00 [DBG] A data reader for 'AuthServiceDb_Dev' on server 'tcp://localhost:5432' is being disposed after spending 0ms reading results.
2025-12-16 18:44:56.171 +03:00 [DBG] Closing connection to database 'AuthServiceDb_Dev' on server 'tcp://localhost:5432'.
2025-12-16 18:44:56.172 +03:00 [DBG] Closed connection to database 'AuthServiceDb_Dev' on server 'tcp://localhost:5432' (0ms).
2025-12-16 18:44:56.173 +03:00 [DBG] An entity of type 'User' tracked by 'AuthDbContext' changed state from '"Modified"' to '"Unchanged"'. Consider using 'DbContextOptionsBuilder.EnableSensitiveDataLogging' to see key values.
2025-12-16 18:44:56.174 +03:00 [DBG] SaveChanges completed for 'AuthDbContext' with 1 entities written to the database.
2025-12-16 18:45:02.543 +03:00 [INF] Start processing HTTP request POST https://localhost:7296/api/patients/
2025-12-16 18:45:02.544 +03:00 [INF] Sending HTTP request POST https://localhost:7296/api/patients/
2025-12-16 18:45:02.560 +03:00 [DBG] List of registered output formatters, in the following order: ["Microsoft.AspNetCore.Mvc.Formatters.HttpNoContentOutputFormatter","Microsoft.AspNetCore.Mvc.Formatters.StringOutputFormatter","Microsoft.AspNetCore.Mvc.Formatters.StreamOutputFormatter","Microsoft.AspNetCore.Mvc.Formatters.SystemTextJsonOutputFormatter"]
2025-12-16 18:45:02.562 +03:00 [DBG] Attempting to select an output formatter based on Accept header '["application/json"]' and explicitly specified content types '["application/json"]'. The content types in the accept header must be a subset of the explicitly set content types.
2025-12-16 18:45:02.563 +03:00 [DBG] Selected output formatter 'Microsoft.AspNetCore.Mvc.Formatters.SystemTextJsonOutputFormatter' and content type 'application/json' to write the response.
2025-12-16 18:45:02.564 +03:00 [INF] Executing OkObjectResult, writing value of type 'Core.Extensions.ApiResponse`1[[AuthService.Entities.DTOs.TokenDto, AuthService.Entities, Version=1.0.0.0, Culture=neutral, PublicKeyToken=null]]'.
2025-12-16 18:45:02.565 +03:00 [INF] Executed action AuthService.API.Controllers.AuthController.Register (AuthService.API) in 7814.6334ms
2025-12-16 18:45:02.571 +03:00 [INF] Executed endpoint 'AuthService.API.Controllers.AuthController.Register (AuthService.API)'
2025-12-16 18:45:02.572 +03:00 [INF] [User: Anonymous] [IP: ::1] POST /api/Auth/register -> 200
2025-12-16 18:45:02.573 +03:00 [DBG] 'AuthDbContext' disposed.
2025-12-16 18:45:02.574 +03:00 [DBG] Disposing connection to database 'AuthServiceDb_Dev' on server 'tcp://localhost:5432'.
2025-12-16 18:45:02.574 +03:00 [DBG] Disposed connection to database 'AuthServiceDb_Dev' on server 'tcp://localhost:5432' (0ms).
2025-12-16 18:45:02.575 +03:00 [INF] Request finished HTTP/2 POST https://localhost:7001/api/Auth/register - 200 null application/json; charset=utf-8 7847.6536ms
2025-12-16 18:45:02.721 +03:00 [INF] Received HTTP response headers after 175.0364ms - 400
2025-12-16 18:45:02.723 +03:00 [INF] End processing HTTP request after 179.4133ms - 400
2025-12-16 18:48:23.158 +03:00 [DBG] Registered model binder providers, in the following order: ["Microsoft.AspNetCore.Mvc.ModelBinding.Binders.BinderTypeModelBinderProvider","Microsoft.AspNetCore.Mvc.ModelBinding.Binders.ServicesModelBinderProvider","Microsoft.AspNetCore.Mvc.ModelBinding.Binders.BodyModelBinderProvider","Microsoft.AspNetCore.Mvc.ModelBinding.Binders.HeaderModelBinderProvider","Microsoft.AspNetCore.Mvc.ModelBinding.Binders.FloatingPointTypeModelBinderProvider","Microsoft.AspNetCore.Mvc.ModelBinding.Binders.EnumTypeModelBinderProvider","Microsoft.AspNetCore.Mvc.ModelBinding.Binders.DateTimeModelBinderProvider","Microsoft.AspNetCore.Mvc.ModelBinding.Binders.SimpleTypeModelBinderProvider","Microsoft.AspNetCore.Mvc.ModelBinding.Binders.TryParseModelBinderProvider","Microsoft.AspNetCore.Mvc.ModelBinding.Binders.CancellationTokenModelBinderProvider","Microsoft.AspNetCore.Mvc.ModelBinding.Binders.ByteArrayModelBinderProvider","Microsoft.AspNetCore.Mvc.ModelBinding.Binders.FormFileModelBinderProvider","Microsoft.AspNetCore.Mvc.ModelBinding.Binders.FormCollectionModelBinderProvider","Microsoft.AspNetCore.Mvc.ModelBinding.Binders.KeyValuePairModelBinderProvider","Microsoft.AspNetCore.Mvc.ModelBinding.Binders.DictionaryModelBinderProvider","Microsoft.AspNetCore.Mvc.ModelBinding.Binders.ArrayModelBinderProvider","Microsoft.AspNetCore.Mvc.ModelBinding.Binders.CollectionModelBinderProvider","Microsoft.AspNetCore.Mvc.ModelBinding.Binders.ComplexObjectModelBinderProvider"]
2025-12-16 18:48:23.378 +03:00 [DBG] An 'IServiceProvider' was created for internal use by Entity Framework.
2025-12-16 18:48:23.681 +03:00 [DBG] The index {'UserId'} was not created on entity type 'UserOperationClaim' as the properties are already covered by the index {'UserId', 'OperationClaimId'}.
2025-12-16 18:48:23.918 +03:00 [DBG] Entity Framework Core 8.0.17 initialized 'AuthDbContext' using provider 'Npgsql.EntityFrameworkCore.PostgreSQL:8.0.10+18d07c54eacaffa5bf8128d47eecdb5255d86376' with options: None
2025-12-16 18:48:23.932 +03:00 [DBG] Creating DbConnection.
2025-12-16 18:48:23.967 +03:00 [DBG] Created DbConnection. (34ms).
2025-12-16 18:48:23.978 +03:00 [DBG] Opening connection to database 'AuthServiceDb_Dev' on server 'tcp://localhost:5432'.
2025-12-16 18:48:24.095 +03:00 [DBG] Opened connection to database 'AuthServiceDb_Dev' on server 'tcp://localhost:5432'.
2025-12-16 18:48:24.098 +03:00 [DBG] Closing connection to database 'AuthServiceDb_Dev' on server 'tcp://localhost:5432'.
2025-12-16 18:48:24.105 +03:00 [DBG] Closed connection to database 'AuthServiceDb_Dev' on server 'tcp://localhost:5432' (4ms).
2025-12-16 18:48:24.110 +03:00 [DBG] Creating DbCommand for 'ExecuteScalar'.
2025-12-16 18:48:24.116 +03:00 [DBG] Created DbCommand for 'ExecuteScalar' (3ms).
2025-12-16 18:48:24.118 +03:00 [DBG] Initialized DbCommand for 'ExecuteScalar' (8ms).
2025-12-16 18:48:24.119 +03:00 [DBG] Opening connection to database 'AuthServiceDb_Dev' on server 'tcp://localhost:5432'.
2025-12-16 18:48:24.179 +03:00 [DBG] Opened connection to database 'AuthServiceDb_Dev' on server 'tcp://localhost:5432'.
2025-12-16 18:48:24.187 +03:00 [DBG] Executing DbCommand [Parameters=[], CommandType='"Text"', CommandTimeout='30']
SELECT EXISTS (
    SELECT 1 FROM pg_catalog.pg_class c
    JOIN pg_catalog.pg_namespace n ON n.oid=c.relnamespace
    WHERE n.nspname='public' AND
          c.relname='__EFMigrationsHistory'
)
2025-12-16 18:48:24.238 +03:00 [INF] Executed DbCommand (50ms) [Parameters=[], CommandType='"Text"', CommandTimeout='30']
SELECT EXISTS (
    SELECT 1 FROM pg_catalog.pg_class c
    JOIN pg_catalog.pg_namespace n ON n.oid=c.relnamespace
    WHERE n.nspname='public' AND
          c.relname='__EFMigrationsHistory'
)
2025-12-16 18:48:24.241 +03:00 [DBG] Closing connection to database 'AuthServiceDb_Dev' on server 'tcp://localhost:5432'.
2025-12-16 18:48:24.243 +03:00 [DBG] Closed connection to database 'AuthServiceDb_Dev' on server 'tcp://localhost:5432' (2ms).
2025-12-16 18:48:24.252 +03:00 [DBG] Opening connection to database 'AuthServiceDb_Dev' on server 'tcp://localhost:5432'.
2025-12-16 18:48:24.254 +03:00 [DBG] Opened connection to database 'AuthServiceDb_Dev' on server 'tcp://localhost:5432'.
2025-12-16 18:48:24.255 +03:00 [DBG] Creating DbCommand for 'ExecuteReader'.
2025-12-16 18:48:24.256 +03:00 [DBG] Created DbCommand for 'ExecuteReader' (0ms).
2025-12-16 18:48:24.256 +03:00 [DBG] Initialized DbCommand for 'ExecuteReader' (1ms).
2025-12-16 18:48:24.258 +03:00 [DBG] Executing DbCommand [Parameters=[], CommandType='"Text"', CommandTimeout='30']
SELECT "MigrationId", "ProductVersion"
FROM "__EFMigrationsHistory"
ORDER BY "MigrationId";
2025-12-16 18:48:24.261 +03:00 [INF] Executed DbCommand (4ms) [Parameters=[], CommandType='"Text"', CommandTimeout='30']
SELECT "MigrationId", "ProductVersion"
FROM "__EFMigrationsHistory"
ORDER BY "MigrationId";
2025-12-16 18:48:24.267 +03:00 [DBG] Closing data reader to 'AuthServiceDb_Dev' on server 'tcp://localhost:5432'.
2025-12-16 18:48:24.269 +03:00 [DBG] A data reader for 'AuthServiceDb_Dev' on server 'tcp://localhost:5432' is being disposed after spending 5ms reading results.
2025-12-16 18:48:24.270 +03:00 [DBG] Closing connection to database 'AuthServiceDb_Dev' on server 'tcp://localhost:5432'.
2025-12-16 18:48:24.271 +03:00 [DBG] Closed connection to database 'AuthServiceDb_Dev' on server 'tcp://localhost:5432' (0ms).
2025-12-16 18:48:24.273 +03:00 [DBG] Migrating using database 'AuthServiceDb_Dev' on server 'tcp://localhost:5432'.
2025-12-16 18:48:24.275 +03:00 [DBG] Opening connection to database 'AuthServiceDb_Dev' on server 'tcp://localhost:5432'.
2025-12-16 18:48:24.316 +03:00 [DBG] Opened connection to database 'AuthServiceDb_Dev' on server 'tcp://localhost:5432'.
2025-12-16 18:48:24.317 +03:00 [DBG] Closing connection to database 'AuthServiceDb_Dev' on server 'tcp://localhost:5432'.
2025-12-16 18:48:24.318 +03:00 [DBG] Closed connection to database 'AuthServiceDb_Dev' on server 'tcp://localhost:5432' (0ms).
2025-12-16 18:48:24.320 +03:00 [DBG] Creating DbCommand for 'ExecuteScalar'.
2025-12-16 18:48:24.320 +03:00 [DBG] Created DbCommand for 'ExecuteScalar' (0ms).
2025-12-16 18:48:24.321 +03:00 [DBG] Initialized DbCommand for 'ExecuteScalar' (1ms).
2025-12-16 18:48:24.322 +03:00 [DBG] Opening connection to database 'AuthServiceDb_Dev' on server 'tcp://localhost:5432'.
2025-12-16 18:48:24.323 +03:00 [DBG] Opened connection to database 'AuthServiceDb_Dev' on server 'tcp://localhost:5432'.
2025-12-16 18:48:24.324 +03:00 [DBG] Executing DbCommand [Parameters=[], CommandType='"Text"', CommandTimeout='30']
SELECT EXISTS (
    SELECT 1 FROM pg_catalog.pg_class c
    JOIN pg_catalog.pg_namespace n ON n.oid=c.relnamespace
    WHERE n.nspname='public' AND
          c.relname='__EFMigrationsHistory'
)
2025-12-16 18:48:24.327 +03:00 [INF] Executed DbCommand (2ms) [Parameters=[], CommandType='"Text"', CommandTimeout='30']
SELECT EXISTS (
    SELECT 1 FROM pg_catalog.pg_class c
    JOIN pg_catalog.pg_namespace n ON n.oid=c.relnamespace
    WHERE n.nspname='public' AND
          c.relname='__EFMigrationsHistory'
)
2025-12-16 18:48:24.329 +03:00 [DBG] Closing connection to database 'AuthServiceDb_Dev' on server 'tcp://localhost:5432'.
2025-12-16 18:48:24.331 +03:00 [DBG] Closed connection to database 'AuthServiceDb_Dev' on server 'tcp://localhost:5432' (2ms).
2025-12-16 18:48:24.332 +03:00 [DBG] Opening connection to database 'AuthServiceDb_Dev' on server 'tcp://localhost:5432'.
2025-12-16 18:48:24.373 +03:00 [DBG] Opened connection to database 'AuthServiceDb_Dev' on server 'tcp://localhost:5432'.
2025-12-16 18:48:24.374 +03:00 [DBG] Closing connection to database 'AuthServiceDb_Dev' on server 'tcp://localhost:5432'.
2025-12-16 18:48:24.375 +03:00 [DBG] Closed connection to database 'AuthServiceDb_Dev' on server 'tcp://localhost:5432' (1ms).
2025-12-16 18:48:24.376 +03:00 [DBG] Creating DbCommand for 'ExecuteScalar'.
2025-12-16 18:48:24.377 +03:00 [DBG] Created DbCommand for 'ExecuteScalar' (0ms).
2025-12-16 18:48:24.379 +03:00 [DBG] Initialized DbCommand for 'ExecuteScalar' (2ms).
2025-12-16 18:48:24.380 +03:00 [DBG] Opening connection to database 'AuthServiceDb_Dev' on server 'tcp://localhost:5432'.
2025-12-16 18:48:24.381 +03:00 [DBG] Opened connection to database 'AuthServiceDb_Dev' on server 'tcp://localhost:5432'.
2025-12-16 18:48:24.382 +03:00 [DBG] Executing DbCommand [Parameters=[], CommandType='"Text"', CommandTimeout='30']
SELECT EXISTS (
    SELECT 1 FROM pg_catalog.pg_class c
    JOIN pg_catalog.pg_namespace n ON n.oid=c.relnamespace
    WHERE n.nspname='public' AND
          c.relname='__EFMigrationsHistory'
)
2025-12-16 18:48:24.384 +03:00 [INF] Executed DbCommand (2ms) [Parameters=[], CommandType='"Text"', CommandTimeout='30']
SELECT EXISTS (
    SELECT 1 FROM pg_catalog.pg_class c
    JOIN pg_catalog.pg_namespace n ON n.oid=c.relnamespace
    WHERE n.nspname='public' AND
          c.relname='__EFMigrationsHistory'
)
2025-12-16 18:48:24.386 +03:00 [DBG] Closing connection to database 'AuthServiceDb_Dev' on server 'tcp://localhost:5432'.
2025-12-16 18:48:24.387 +03:00 [DBG] Closed connection to database 'AuthServiceDb_Dev' on server 'tcp://localhost:5432' (0ms).
2025-12-16 18:48:24.388 +03:00 [DBG] Opening connection to database 'AuthServiceDb_Dev' on server 'tcp://localhost:5432'.
2025-12-16 18:48:24.388 +03:00 [DBG] Opened connection to database 'AuthServiceDb_Dev' on server 'tcp://localhost:5432'.
2025-12-16 18:48:24.389 +03:00 [DBG] Creating DbCommand for 'ExecuteReader'.
2025-12-16 18:48:24.390 +03:00 [DBG] Created DbCommand for 'ExecuteReader' (0ms).
2025-12-16 18:48:24.391 +03:00 [DBG] Initialized DbCommand for 'ExecuteReader' (1ms).
2025-12-16 18:48:24.392 +03:00 [DBG] Executing DbCommand [Parameters=[], CommandType='"Text"', CommandTimeout='30']
SELECT "MigrationId", "ProductVersion"
FROM "__EFMigrationsHistory"
ORDER BY "MigrationId";
2025-12-16 18:48:24.394 +03:00 [INF] Executed DbCommand (2ms) [Parameters=[], CommandType='"Text"', CommandTimeout='30']
SELECT "MigrationId", "ProductVersion"
FROM "__EFMigrationsHistory"
ORDER BY "MigrationId";
2025-12-16 18:48:24.396 +03:00 [DBG] Closing data reader to 'AuthServiceDb_Dev' on server 'tcp://localhost:5432'.
2025-12-16 18:48:24.397 +03:00 [DBG] A data reader for 'AuthServiceDb_Dev' on server 'tcp://localhost:5432' is being disposed after spending 1ms reading results.
2025-12-16 18:48:24.398 +03:00 [DBG] Closing connection to database 'AuthServiceDb_Dev' on server 'tcp://localhost:5432'.
2025-12-16 18:48:24.399 +03:00 [DBG] Closed connection to database 'AuthServiceDb_Dev' on server 'tcp://localhost:5432' (1ms).
2025-12-16 18:48:24.408 +03:00 [INF] No migrations were applied. The database is already up to date.
2025-12-16 18:48:24.411 +03:00 [INF] Database migrations applied successfully.
2025-12-16 18:48:24.413 +03:00 [DBG] 'AuthDbContext' disposed.
2025-12-16 18:48:24.416 +03:00 [DBG] Disposing connection to database 'AuthServiceDb_Dev' on server 'tcp://localhost:5432'.
2025-12-16 18:48:24.417 +03:00 [DBG] Disposed connection to database 'AuthServiceDb_Dev' on server 'tcp://localhost:5432' (1ms).
2025-12-16 18:48:24.421 +03:00 [DBG] Hosting starting
2025-12-16 18:48:24.446 +03:00 [INF] User profile is available. Using 'C:\Users\atura\AppData\Local\ASP.NET\DataProtection-Keys' as key repository and Windows DPAPI to encrypt keys at rest.
2025-12-16 18:48:24.466 +03:00 [DBG] Reading data from file 'C:\Users\atura\AppData\Local\ASP.NET\DataProtection-Keys\key-2b41731a-ff2b-4c58-8083-9dd2e8e06c02.xml'.
2025-12-16 18:48:24.473 +03:00 [DBG] Reading data from file 'C:\Users\atura\AppData\Local\ASP.NET\DataProtection-Keys\key-b1bfbf17-5e54-4bcd-856c-81e8ff116985.xml'.
2025-12-16 18:48:24.475 +03:00 [DBG] Reading data from file 'C:\Users\atura\AppData\Local\ASP.NET\DataProtection-Keys\key-d4db8ae3-c3b6-4a1e-a8e6-5ce936ab3dc1.xml'.
2025-12-16 18:48:24.476 +03:00 [DBG] Reading data from file 'C:\Users\atura\AppData\Local\ASP.NET\DataProtection-Keys\key-d528c6a9-5739-4b20-b71f-eef16136c0e0.xml'.
2025-12-16 18:48:24.477 +03:00 [DBG] Reading data from file 'C:\Users\atura\AppData\Local\ASP.NET\DataProtection-Keys\key-f197c843-1f03-4bc8-9e1b-7ef1bcdd878d.xml'.
2025-12-16 18:48:24.482 +03:00 [DBG] Found key {2b41731a-ff2b-4c58-8083-9dd2e8e06c02}.
2025-12-16 18:48:24.486 +03:00 [DBG] Found key {b1bfbf17-5e54-4bcd-856c-81e8ff116985}.
2025-12-16 18:48:24.488 +03:00 [DBG] Found key {d4db8ae3-c3b6-4a1e-a8e6-5ce936ab3dc1}.
2025-12-16 18:48:24.490 +03:00 [DBG] Found key {d528c6a9-5739-4b20-b71f-eef16136c0e0}.
2025-12-16 18:48:24.491 +03:00 [DBG] Found key {f197c843-1f03-4bc8-9e1b-7ef1bcdd878d}.
2025-12-16 18:48:24.498 +03:00 [DBG] Considering key {d528c6a9-5739-4b20-b71f-eef16136c0e0} with expiration date 2026-01-16 09:53:55Z as default key.
2025-12-16 18:48:24.503 +03:00 [DBG] Forwarded activator type request from Microsoft.AspNetCore.DataProtection.XmlEncryption.DpapiXmlDecryptor, Microsoft.AspNetCore.DataProtection, Version=8.0.0.0, Culture=neutral, PublicKeyToken=adb9793829ddae60 to Microsoft.AspNetCore.DataProtection.XmlEncryption.DpapiXmlDecryptor, Microsoft.AspNetCore.DataProtection, Culture=neutral, PublicKeyToken=adb9793829ddae60
2025-12-16 18:48:24.505 +03:00 [DBG] Decrypting secret element using Windows DPAPI.
2025-12-16 18:48:24.507 +03:00 [DBG] Forwarded activator type request from Microsoft.AspNetCore.DataProtection.AuthenticatedEncryption.ConfigurationModel.AuthenticatedEncryptorDescriptorDeserializer, Microsoft.AspNetCore.DataProtection, Version=8.0.0.0, Culture=neutral, PublicKeyToken=adb9793829ddae60 to Microsoft.AspNetCore.DataProtection.AuthenticatedEncryption.ConfigurationModel.AuthenticatedEncryptorDescriptorDeserializer, Microsoft.AspNetCore.DataProtection, Culture=neutral, PublicKeyToken=adb9793829ddae60
2025-12-16 18:48:24.511 +03:00 [DBG] Opening CNG algorithm 'AES' from provider 'null' with chaining mode CBC.
2025-12-16 18:48:24.514 +03:00 [DBG] Opening CNG algorithm 'SHA256' from provider 'null' with HMAC.
2025-12-16 18:48:24.519 +03:00 [DBG] Using key {d528c6a9-5739-4b20-b71f-eef16136c0e0} as the default key.
2025-12-16 18:48:24.521 +03:00 [DBG] Key ring with default key {d528c6a9-5739-4b20-b71f-eef16136c0e0} was loaded during application startup.
2025-12-16 18:48:24.668 +03:00 [INF] Now listening on: https://localhost:7001
2025-12-16 18:48:24.669 +03:00 [INF] Now listening on: http://localhost:5001
2025-12-16 18:48:24.670 +03:00 [DBG] Loaded hosting startup assembly AuthService.API
2025-12-16 18:48:24.670 +03:00 [DBG] Loaded hosting startup assembly Microsoft.WebTools.ApiEndpointDiscovery
2025-12-16 18:48:24.671 +03:00 [DBG] Loaded hosting startup assembly Microsoft.AspNetCore.Watch.BrowserRefresh
2025-12-16 18:48:24.672 +03:00 [DBG] Loaded hosting startup assembly Microsoft.WebTools.BrowserLink.Net
2025-12-16 18:48:24.753 +03:00 [INF] Application started. Press Ctrl+C to shut down.
2025-12-16 18:48:24.754 +03:00 [INF] Hosting environment: Development
2025-12-16 18:48:24.756 +03:00 [INF] Content root path: C:\Users\atura\OneDrive\Masaüstü\Yarışma\appointment-reservation\backend\Services\AuthService\AuthService.API
2025-12-16 18:48:24.756 +03:00 [DBG] Hosting started
2025-12-16 18:48:24.915 +03:00 [DBG] Connection id "0HNHSNA65A1OM" accepted.
2025-12-16 18:48:24.915 +03:00 [DBG] Connection id "0HNHSNA65A1OL" accepted.
2025-12-16 18:48:24.917 +03:00 [DBG] Connection id "0HNHSNA65A1OM" started.
2025-12-16 18:48:24.917 +03:00 [DBG] Connection id "0HNHSNA65A1OL" started.
2025-12-16 18:48:24.930 +03:00 [DBG] Connection id "0HNHSNA65A1OM" received FIN.
2025-12-16 18:48:24.930 +03:00 [DBG] Connection id "0HNHSNA65A1OL" received FIN.
2025-12-16 18:48:24.943 +03:00 [DBG] Failed to authenticate HTTPS connection.
System.IO.IOException: Received an unexpected EOF or 0 bytes from the transport stream.
   at System.Net.Security.SslStream.ReceiveHandshakeFrameAsync[TIOAdapter](CancellationToken cancellationToken)
   at System.Net.Security.SslStream.ForceAuthenticationAsync[TIOAdapter](Boolean receiveFirst, Byte[] reAuthenticationData, CancellationToken cancellationToken)
   at System.Net.Security.SslStream.ProcessAuthenticationWithTelemetryAsync(Boolean isAsync, CancellationToken cancellationToken)
   at Microsoft.AspNetCore.Server.Kestrel.Https.Internal.HttpsConnectionMiddleware.OnConnectionAsync(ConnectionContext context)
2025-12-16 18:48:24.943 +03:00 [DBG] Failed to authenticate HTTPS connection.
System.IO.IOException: Received an unexpected EOF or 0 bytes from the transport stream.
   at System.Net.Security.SslStream.ReceiveHandshakeFrameAsync[TIOAdapter](CancellationToken cancellationToken)
   at System.Net.Security.SslStream.ForceAuthenticationAsync[TIOAdapter](Boolean receiveFirst, Byte[] reAuthenticationData, CancellationToken cancellationToken)
   at System.Net.Security.SslStream.ProcessAuthenticationWithTelemetryAsync(Boolean isAsync, CancellationToken cancellationToken)
   at Microsoft.AspNetCore.Server.Kestrel.Https.Internal.HttpsConnectionMiddleware.OnConnectionAsync(ConnectionContext context)
2025-12-16 18:48:24.966 +03:00 [DBG] Connection id "0HNHSNA65A1OM" stopped.
2025-12-16 18:48:24.966 +03:00 [DBG] Connection id "0HNHSNA65A1OL" stopped.
2025-12-16 18:48:24.969 +03:00 [DBG] Connection id "0HNHSNA65A1OM" sending FIN because: "The Socket transport's send loop completed gracefully."
2025-12-16 18:48:24.969 +03:00 [DBG] Connection id "0HNHSNA65A1OL" sending FIN because: "The Socket transport's send loop completed gracefully."
2025-12-16 18:48:26.651 +03:00 [DBG] Connection id "0HNHSNA65A1ON" accepted.
2025-12-16 18:48:26.653 +03:00 [DBG] Connection id "0HNHSNA65A1ON" started.
2025-12-16 18:48:26.684 +03:00 [DBG] Connection 0HNHSNA65A1ON established using the following protocol: "Tls13"
2025-12-16 18:48:26.731 +03:00 [INF] Request starting HTTP/2 GET https://localhost:7001/swagger/index.html - null null
2025-12-16 18:48:26.806 +03:00 [DBG] Wildcard detected, all requests with hosts will be allowed.
2025-12-16 18:48:26.821 +03:00 [DBG] No candidates found for the request path '/swagger/index.html'
2025-12-16 18:48:26.822 +03:00 [DBG] Request did not match any endpoints
2025-12-16 18:48:26.869 +03:00 [DBG] Response markup is scheduled to include Browser Link script injection.
2025-12-16 18:48:26.870 +03:00 [DBG] Response markup is scheduled to include browser refresh script injection.
2025-12-16 18:48:26.875 +03:00 [DBG] Response markup was updated to include Browser Link script injection.
2025-12-16 18:48:26.876 +03:00 [DBG] Response markup was updated to include browser refresh script injection.
2025-12-16 18:48:26.882 +03:00 [INF] Request finished HTTP/2 GET https://localhost:7001/swagger/index.html - 200 null text/html;charset=utf-8 157.3974ms
2025-12-16 18:48:26.890 +03:00 [INF] Request starting HTTP/2 GET https://localhost:7001/_framework/aspnetcore-browser-refresh.js - null null
2025-12-16 18:48:26.890 +03:00 [INF] Request starting HTTP/2 GET https://localhost:7001/swagger/index.js - null null
2025-12-16 18:48:26.895 +03:00 [DBG] No candidates found for the request path '/swagger/index.js'
2025-12-16 18:48:26.896 +03:00 [DBG] Request did not match any endpoints
2025-12-16 18:48:26.900 +03:00 [INF] Request finished HTTP/2 GET https://localhost:7001/swagger/index.js - 200 null application/javascript;charset=utf-8 9.9845ms
2025-12-16 18:48:26.904 +03:00 [INF] Request starting HTTP/2 GET https://localhost:7001/_vs/browserLink - null null
2025-12-16 18:48:26.903 +03:00 [INF] Request finished HTTP/2 GET https://localhost:7001/_framework/aspnetcore-browser-refresh.js - 200 13782 application/javascript; charset=utf-8 13.3278ms
2025-12-16 18:48:26.935 +03:00 [INF] Request finished HTTP/2 GET https://localhost:7001/_vs/browserLink - 200 null text/javascript; charset=UTF-8 31.6351ms
2025-12-16 18:48:27.032 +03:00 [INF] Request starting HTTP/2 GET https://localhost:7001/swagger/v1/swagger.json - null null
2025-12-16 18:48:27.033 +03:00 [DBG] No candidates found for the request path '/swagger/v1/swagger.json'
2025-12-16 18:48:27.034 +03:00 [DBG] Request did not match any endpoints
2025-12-16 18:48:27.061 +03:00 [INF] Request finished HTTP/2 GET https://localhost:7001/swagger/v1/swagger.json - 200 null application/json;charset=utf-8 30.0041ms
2025-12-16 18:48:50.274 +03:00 [INF] Request starting HTTP/2 POST https://localhost:7001/api/Auth/register - application/json 176
2025-12-16 18:48:50.286 +03:00 [DBG] 1 candidate(s) found for the request path '/api/Auth/register'
2025-12-16 18:48:50.289 +03:00 [DBG] Endpoint 'AuthService.API.Controllers.AuthController.Register (AuthService.API)' with route pattern 'api/Auth/register' is valid for the request path '/api/Auth/register'
2025-12-16 18:48:50.291 +03:00 [DBG] Request matched endpoint 'AuthService.API.Controllers.AuthController.Register (AuthService.API)'
2025-12-16 18:48:50.293 +03:00 [DBG] Static files was skipped as the request already matched an endpoint.
2025-12-16 18:48:50.295 +03:00 [DBG] The request has an origin header: 'https://localhost:7001'.
2025-12-16 18:48:50.296 +03:00 [INF] CORS policy execution successful.
2025-12-16 18:48:50.346 +03:00 [DBG] AuthenticationScheme: Bearer was not authenticated.
2025-12-16 18:48:50.349 +03:00 [INF] Executing endpoint 'AuthService.API.Controllers.AuthController.Register (AuthService.API)'
2025-12-16 18:48:50.366 +03:00 [INF] Route matched with {action = "Register", controller = "Auth"}. Executing controller action with signature Microsoft.AspNetCore.Mvc.IActionResult Register(AuthService.Entities.DTOs.UserForRegisterDto) on controller AuthService.API.Controllers.AuthController (AuthService.API).
2025-12-16 18:48:50.368 +03:00 [DBG] Execution plan of authorization filters (in the following order): ["None"]
2025-12-16 18:48:50.369 +03:00 [DBG] Execution plan of resource filters (in the following order): ["None"]
2025-12-16 18:48:50.370 +03:00 [DBG] Execution plan of action filters (in the following order): ["Microsoft.AspNetCore.Mvc.ModelBinding.UnsupportedContentTypeFilter (Order: -3000)","Microsoft.AspNetCore.Mvc.Infrastructure.ModelStateInvalidFilter (Order: -2000)"]
2025-12-16 18:48:50.372 +03:00 [DBG] Execution plan of exception filters (in the following order): ["None"]
2025-12-16 18:48:50.373 +03:00 [DBG] Execution plan of result filters (in the following order): ["Microsoft.AspNetCore.Mvc.Infrastructure.ClientErrorResultFilter (Order: -2000)","Microsoft.AspNetCore.Mvc.ProducesAttribute (Order: 0)"]
2025-12-16 18:48:50.375 +03:00 [DBG] Executing controller factory for controller AuthService.API.Controllers.AuthController (AuthService.API)
2025-12-16 18:48:50.437 +03:00 [DBG] Executed controller factory for controller AuthService.API.Controllers.AuthController (AuthService.API)
2025-12-16 18:48:50.448 +03:00 [DBG] Attempting to bind parameter 'userForRegisterDto' of type 'AuthService.Entities.DTOs.UserForRegisterDto' ...
2025-12-16 18:48:50.451 +03:00 [DBG] Attempting to bind parameter 'userForRegisterDto' of type 'AuthService.Entities.DTOs.UserForRegisterDto' using the name '' in request data ...
2025-12-16 18:48:50.452 +03:00 [DBG] Selected input formatter 'Microsoft.AspNetCore.Mvc.Formatters.SystemTextJsonInputFormatter' for content type 'application/json'.
2025-12-16 18:48:50.460 +03:00 [DBG] Connection id "0HNHSNA65A1ON", Request id "0HNHSNA65A1ON:0000000B": started reading request body.
2025-12-16 18:48:50.461 +03:00 [DBG] Connection id "0HNHSNA65A1ON", Request id "0HNHSNA65A1ON:0000000B": done reading request body.
2025-12-16 18:48:50.472 +03:00 [DBG] JSON input formatter succeeded, deserializing to type 'AuthService.Entities.DTOs.UserForRegisterDto'
2025-12-16 18:48:50.473 +03:00 [DBG] Done attempting to bind parameter 'userForRegisterDto' of type 'AuthService.Entities.DTOs.UserForRegisterDto'.
2025-12-16 18:48:50.474 +03:00 [DBG] Done attempting to bind parameter 'userForRegisterDto' of type 'AuthService.Entities.DTOs.UserForRegisterDto'.
2025-12-16 18:48:50.475 +03:00 [DBG] Attempting to validate the bound parameter 'userForRegisterDto' of type 'AuthService.Entities.DTOs.UserForRegisterDto' ...
2025-12-16 18:48:50.513 +03:00 [DBG] Done attempting to validate the bound parameter 'userForRegisterDto' of type 'AuthService.Entities.DTOs.UserForRegisterDto'.
2025-12-16 18:49:00.869 +03:00 [DBG] Entity Framework Core 8.0.17 initialized 'AuthDbContext' using provider 'Npgsql.EntityFrameworkCore.PostgreSQL:8.0.10+18d07c54eacaffa5bf8128d47eecdb5255d86376' with options: None
2025-12-16 18:49:00.889 +03:00 [DBG] Compiling query expression: 
'DbSet<User>()
    .FirstOrDefault(u => u.Email == __email_0)'
2025-12-16 18:49:01.014 +03:00 [DBG] Generated query execution expression: 
'queryContext => new SingleQueryingEnumerable<User>(
    (RelationalQueryContext)queryContext, 
    RelationalCommandCache.QueryExpression(
        Projection Mapping:
            EmptyProjectionMember -> Dictionary<IProperty, int> { [Property: User.Id (int) Required PK AfterSave:Throw ValueGenerated.OnAdd, 0], [Property: User.CreatedDate (DateTime) Required, 1], [Property: User.Email (string) Required Index MaxLength(100), 2], [Property: User.FailedLoginAttempts (int) Required, 3], [Property: User.FirstName (string) Required MaxLength(50), 4], [Property: User.IdentityNumber (string) Required MaxLength(11), 5], [Property: User.IsEmailVerified (bool) Required, 6], [Property: User.LastName (string) MaxLength(50), 7], [Property: User.LockoutEndTime (DateTime?), 8], [Property: User.PasswordHash (byte[]) Required, 9], [Property: User.PasswordSalt (byte[]) Required, 10], [Property: User.PhoneNumber (string) MaxLength(20), 11], [Property: User.RefreshToken (string), 12], [Property: User.RefreshTokenExpiration (DateTime?), 13], [Property: User.Status (bool) Required, 14], [Property: User.UpdatedDate (DateTime?), 15] }
        SELECT TOP(1) u.Id, u.CreatedDate, u.Email, u.FailedLoginAttempts, u.FirstName, u.IdentityNumber, u.IsEmailVerified, u.LastName, u.LockoutEndTime, u.PasswordHash, u.PasswordSalt, u.PhoneNumber, u.RefreshToken, u.RefreshTokenExpiration, u.Status, u.UpdatedDate
        FROM Users AS u
        WHERE u.Email == @__email_0), 
    null, 
    Func<QueryContext, DbDataReader, ResultContext, SingleQueryResultCoordinator, User>, 
    AuthService.DataAccess.Concrete.EntityFramework.AuthDbContext, 
    False, 
    False, 
    True
)
    .SingleOrDefault()'
2025-12-16 18:49:01.033 +03:00 [DBG] Creating DbConnection.
2025-12-16 18:49:01.033 +03:00 [DBG] Created DbConnection. (0ms).
2025-12-16 18:49:01.034 +03:00 [DBG] Opening connection to database 'AuthServiceDb_Dev' on server 'tcp://localhost:5432'.
2025-12-16 18:49:01.035 +03:00 [DBG] Opened connection to database 'AuthServiceDb_Dev' on server 'tcp://localhost:5432'.
2025-12-16 18:49:01.036 +03:00 [DBG] Creating DbCommand for 'ExecuteReader'.
2025-12-16 18:49:01.036 +03:00 [DBG] Created DbCommand for 'ExecuteReader' (0ms).
2025-12-16 18:49:01.040 +03:00 [DBG] Initialized DbCommand for 'ExecuteReader' (3ms).
2025-12-16 18:49:01.042 +03:00 [DBG] Executing DbCommand [Parameters=[@__email_0='?'], CommandType='"Text"', CommandTimeout='30']
SELECT u."Id", u."CreatedDate", u."Email", u."FailedLoginAttempts", u."FirstName", u."IdentityNumber", u."IsEmailVerified", u."LastName", u."LockoutEndTime", u."PasswordHash", u."PasswordSalt", u."PhoneNumber", u."RefreshToken", u."RefreshTokenExpiration", u."Status", u."UpdatedDate"
FROM "Users" AS u
WHERE u."Email" = @__email_0
LIMIT 1
2025-12-16 18:49:01.050 +03:00 [INF] Executed DbCommand (10ms) [Parameters=[@__email_0='?'], CommandType='"Text"', CommandTimeout='30']
SELECT u."Id", u."CreatedDate", u."Email", u."FailedLoginAttempts", u."FirstName", u."IdentityNumber", u."IsEmailVerified", u."LastName", u."LockoutEndTime", u."PasswordHash", u."PasswordSalt", u."PhoneNumber", u."RefreshToken", u."RefreshTokenExpiration", u."Status", u."UpdatedDate"
FROM "Users" AS u
WHERE u."Email" = @__email_0
LIMIT 1
2025-12-16 18:49:01.053 +03:00 [DBG] Closing data reader to 'AuthServiceDb_Dev' on server 'tcp://localhost:5432'.
2025-12-16 18:49:01.054 +03:00 [DBG] A data reader for 'AuthServiceDb_Dev' on server 'tcp://localhost:5432' is being disposed after spending 1ms reading results.
2025-12-16 18:49:01.055 +03:00 [DBG] Closing connection to database 'AuthServiceDb_Dev' on server 'tcp://localhost:5432'.
2025-12-16 18:49:01.056 +03:00 [DBG] Closed connection to database 'AuthServiceDb_Dev' on server 'tcp://localhost:5432' (0ms).
2025-12-16 18:49:01.074 +03:00 [DBG] 'AuthDbContext' generated a temporary value for the property 'User.Id'. Consider using 'DbContextOptionsBuilder.EnableSensitiveDataLogging' to see key values.
2025-12-16 18:49:01.119 +03:00 [DBG] Context 'AuthDbContext' started tracking 'User' entity. Consider using 'DbContextOptionsBuilder.EnableSensitiveDataLogging' to see key values.
2025-12-16 18:49:01.122 +03:00 [DBG] SaveChanges starting for 'AuthDbContext'.
2025-12-16 18:49:01.124 +03:00 [DBG] DetectChanges starting for 'AuthDbContext'.
2025-12-16 18:49:01.139 +03:00 [DBG] DetectChanges completed for 'AuthDbContext'.
2025-12-16 18:49:01.175 +03:00 [DBG] Opening connection to database 'AuthServiceDb_Dev' on server 'tcp://localhost:5432'.
2025-12-16 18:49:01.176 +03:00 [DBG] Opened connection to database 'AuthServiceDb_Dev' on server 'tcp://localhost:5432'.
2025-12-16 18:49:01.178 +03:00 [DBG] Creating DbCommand for 'ExecuteReader'.
2025-12-16 18:49:01.179 +03:00 [DBG] Created DbCommand for 'ExecuteReader' (0ms).
2025-12-16 18:49:01.180 +03:00 [DBG] Initialized DbCommand for 'ExecuteReader' (1ms).
2025-12-16 18:49:01.181 +03:00 [DBG] Executing DbCommand [Parameters=[@p0='?' (DbType = DateTime), @p1='?', @p2='?' (DbType = Int32), @p3='?', @p4='?', @p5='?' (DbType = Boolean), @p6='?', @p7='?' (DbType = DateTime), @p8='?' (DbType = Binary), @p9='?' (DbType = Binary), @p10='?', @p11='?', @p12='?' (DbType = DateTime), @p13='?' (DbType = Boolean), @p14='?' (DbType = DateTime)], CommandType='"Text"', CommandTimeout='30']
INSERT INTO "Users" ("CreatedDate", "Email", "FailedLoginAttempts", "FirstName", "IdentityNumber", "IsEmailVerified", "LastName", "LockoutEndTime", "PasswordHash", "PasswordSalt", "PhoneNumber", "RefreshToken", "RefreshTokenExpiration", "Status", "UpdatedDate")
VALUES (@p0, @p1, @p2, @p3, @p4, @p5, @p6, @p7, @p8, @p9, @p10, @p11, @p12, @p13, @p14)
RETURNING "Id";
2025-12-16 18:49:01.189 +03:00 [INF] Executed DbCommand (8ms) [Parameters=[@p0='?' (DbType = DateTime), @p1='?', @p2='?' (DbType = Int32), @p3='?', @p4='?', @p5='?' (DbType = Boolean), @p6='?', @p7='?' (DbType = DateTime), @p8='?' (DbType = Binary), @p9='?' (DbType = Binary), @p10='?', @p11='?', @p12='?' (DbType = DateTime), @p13='?' (DbType = Boolean), @p14='?' (DbType = DateTime)], CommandType='"Text"', CommandTimeout='30']
INSERT INTO "Users" ("CreatedDate", "Email", "FailedLoginAttempts", "FirstName", "IdentityNumber", "IsEmailVerified", "LastName", "LockoutEndTime", "PasswordHash", "PasswordSalt", "PhoneNumber", "RefreshToken", "RefreshTokenExpiration", "Status", "UpdatedDate")
VALUES (@p0, @p1, @p2, @p3, @p4, @p5, @p6, @p7, @p8, @p9, @p10, @p11, @p12, @p13, @p14)
RETURNING "Id";
2025-12-16 18:49:01.198 +03:00 [DBG] The foreign key property 'User.Id' was detected as changed. Consider using 'DbContextOptionsBuilder.EnableSensitiveDataLogging' to see property values.
2025-12-16 18:49:01.201 +03:00 [DBG] Closing data reader to 'AuthServiceDb_Dev' on server 'tcp://localhost:5432'.
2025-12-16 18:49:01.202 +03:00 [DBG] A data reader for 'AuthServiceDb_Dev' on server 'tcp://localhost:5432' is being disposed after spending 11ms reading results.
2025-12-16 18:49:01.204 +03:00 [DBG] Closing connection to database 'AuthServiceDb_Dev' on server 'tcp://localhost:5432'.
2025-12-16 18:49:01.205 +03:00 [DBG] Closed connection to database 'AuthServiceDb_Dev' on server 'tcp://localhost:5432' (0ms).
2025-12-16 18:49:01.213 +03:00 [DBG] An entity of type 'User' tracked by 'AuthDbContext' changed state from '"Added"' to '"Unchanged"'. Consider using 'DbContextOptionsBuilder.EnableSensitiveDataLogging' to see key values.
2025-12-16 18:49:01.215 +03:00 [DBG] SaveChanges completed for 'AuthDbContext' with 1 entities written to the database.
2025-12-16 18:49:01.217 +03:00 [DBG] Compiling query expression: 
'DbSet<OperationClaim>()
    .FirstOrDefault(oc => oc.Name == __name_0)'
2025-12-16 18:49:01.221 +03:00 [DBG] Generated query execution expression: 
'queryContext => new SingleQueryingEnumerable<OperationClaim>(
    (RelationalQueryContext)queryContext, 
    RelationalCommandCache.QueryExpression(
        Projection Mapping:
            EmptyProjectionMember -> Dictionary<IProperty, int> { [Property: OperationClaim.Id (int) Required PK AfterSave:Throw ValueGenerated.OnAdd, 0], [Property: OperationClaim.CreatedDate (DateTime) Required, 1], [Property: OperationClaim.Description (string) MaxLength(200), 2], [Property: OperationClaim.Name (string) Required Index MaxLength(50), 3] }
        SELECT TOP(1) o.Id, o.CreatedDate, o.Description, o.Name
        FROM OperationClaims AS o
        WHERE o.Name == @__name_0), 
    null, 
    Func<QueryContext, DbDataReader, ResultContext, SingleQueryResultCoordinator, OperationClaim>, 
    AuthService.DataAccess.Concrete.EntityFramework.AuthDbContext, 
    False, 
    False, 
    True
)
    .SingleOrDefault()'
2025-12-16 18:49:01.223 +03:00 [DBG] Opening connection to database 'AuthServiceDb_Dev' on server 'tcp://localhost:5432'.
2025-12-16 18:49:01.224 +03:00 [DBG] Opened connection to database 'AuthServiceDb_Dev' on server 'tcp://localhost:5432'.
2025-12-16 18:49:01.224 +03:00 [DBG] Creating DbCommand for 'ExecuteReader'.
2025-12-16 18:49:01.225 +03:00 [DBG] Created DbCommand for 'ExecuteReader' (0ms).
2025-12-16 18:49:01.226 +03:00 [DBG] Initialized DbCommand for 'ExecuteReader' (1ms).
2025-12-16 18:49:01.227 +03:00 [DBG] Executing DbCommand [Parameters=[@__name_0='?'], CommandType='"Text"', CommandTimeout='30']
SELECT o."Id", o."CreatedDate", o."Description", o."Name"
FROM "OperationClaims" AS o
WHERE o."Name" = @__name_0
LIMIT 1
2025-12-16 18:49:01.230 +03:00 [INF] Executed DbCommand (3ms) [Parameters=[@__name_0='?'], CommandType='"Text"', CommandTimeout='30']
SELECT o."Id", o."CreatedDate", o."Description", o."Name"
FROM "OperationClaims" AS o
WHERE o."Name" = @__name_0
LIMIT 1
2025-12-16 18:49:01.237 +03:00 [DBG] Context 'AuthDbContext' started tracking 'OperationClaim' entity. Consider using 'DbContextOptionsBuilder.EnableSensitiveDataLogging' to see key values.
2025-12-16 18:49:01.243 +03:00 [DBG] Closing data reader to 'AuthServiceDb_Dev' on server 'tcp://localhost:5432'.
2025-12-16 18:49:01.244 +03:00 [DBG] A data reader for 'AuthServiceDb_Dev' on server 'tcp://localhost:5432' is being disposed after spending 13ms reading results.
2025-12-16 18:49:01.245 +03:00 [DBG] Closing connection to database 'AuthServiceDb_Dev' on server 'tcp://localhost:5432'.
2025-12-16 18:49:01.246 +03:00 [DBG] Closed connection to database 'AuthServiceDb_Dev' on server 'tcp://localhost:5432' (1ms).
2025-12-16 18:49:01.249 +03:00 [DBG] 'AuthDbContext' generated a temporary value for the property 'UserOperationClaim.Id'. Consider using 'DbContextOptionsBuilder.EnableSensitiveDataLogging' to see key values.
2025-12-16 18:49:01.257 +03:00 [DBG] The navigation 'UserOperationClaim.OperationClaim' was detected as changed. Consider using 'DbContextOptionsBuilder.EnableSensitiveDataLogging' to see key values.
2025-12-16 18:49:01.264 +03:00 [DBG] The navigation 'UserOperationClaim.User' was detected as changed. Consider using 'DbContextOptionsBuilder.EnableSensitiveDataLogging' to see key values.
2025-12-16 18:49:01.267 +03:00 [DBG] Context 'AuthDbContext' started tracking 'UserOperationClaim' entity. Consider using 'DbContextOptionsBuilder.EnableSensitiveDataLogging' to see key values.
2025-12-16 18:49:01.268 +03:00 [DBG] SaveChanges starting for 'AuthDbContext'.
2025-12-16 18:49:01.269 +03:00 [DBG] DetectChanges starting for 'AuthDbContext'.
2025-12-16 18:49:01.274 +03:00 [DBG] DetectChanges completed for 'AuthDbContext'.
2025-12-16 18:49:01.277 +03:00 [DBG] Opening connection to database 'AuthServiceDb_Dev' on server 'tcp://localhost:5432'.
2025-12-16 18:49:01.279 +03:00 [DBG] Opened connection to database 'AuthServiceDb_Dev' on server 'tcp://localhost:5432'.
2025-12-16 18:49:01.279 +03:00 [DBG] Creating DbCommand for 'ExecuteReader'.
2025-12-16 18:49:01.280 +03:00 [DBG] Created DbCommand for 'ExecuteReader' (0ms).
2025-12-16 18:49:01.281 +03:00 [DBG] Initialized DbCommand for 'ExecuteReader' (1ms).
2025-12-16 18:49:01.282 +03:00 [DBG] Executing DbCommand [Parameters=[@p0='?' (DbType = DateTime), @p1='?' (DbType = Int32), @p2='?' (DbType = Int32)], CommandType='"Text"', CommandTimeout='30']
INSERT INTO "UserOperationClaims" ("CreatedDate", "OperationClaimId", "UserId")
VALUES (@p0, @p1, @p2)
RETURNING "Id";
2025-12-16 18:49:01.286 +03:00 [INF] Executed DbCommand (3ms) [Parameters=[@p0='?' (DbType = DateTime), @p1='?' (DbType = Int32), @p2='?' (DbType = Int32)], CommandType='"Text"', CommandTimeout='30']
INSERT INTO "UserOperationClaims" ("CreatedDate", "OperationClaimId", "UserId")
VALUES (@p0, @p1, @p2)
RETURNING "Id";
2025-12-16 18:49:01.288 +03:00 [DBG] The foreign key property 'UserOperationClaim.Id' was detected as changed. Consider using 'DbContextOptionsBuilder.EnableSensitiveDataLogging' to see property values.
2025-12-16 18:49:01.290 +03:00 [DBG] Closing data reader to 'AuthServiceDb_Dev' on server 'tcp://localhost:5432'.
2025-12-16 18:49:01.291 +03:00 [DBG] A data reader for 'AuthServiceDb_Dev' on server 'tcp://localhost:5432' is being disposed after spending 3ms reading results.
2025-12-16 18:49:01.292 +03:00 [DBG] Closing connection to database 'AuthServiceDb_Dev' on server 'tcp://localhost:5432'.
2025-12-16 18:49:01.293 +03:00 [DBG] Closed connection to database 'AuthServiceDb_Dev' on server 'tcp://localhost:5432' (0ms).
2025-12-16 18:49:01.294 +03:00 [DBG] An entity of type 'UserOperationClaim' tracked by 'AuthDbContext' changed state from '"Added"' to '"Unchanged"'. Consider using 'DbContextOptionsBuilder.EnableSensitiveDataLogging' to see key values.
2025-12-16 18:49:01.296 +03:00 [DBG] SaveChanges completed for 'AuthDbContext' with 1 entities written to the database.
2025-12-16 18:49:01.302 +03:00 [DBG] Compiling query expression: 
'DbSet<OperationClaim>()
    .Join(
        inner: DbSet<UserOperationClaim>(), 
        outerKeySelector: operationClaim => operationClaim.Id, 
        innerKeySelector: userOperationClaim => userOperationClaim.OperationClaimId, 
        resultSelector: (operationClaim, userOperationClaim) => new { 
            operationClaim = operationClaim, 
            userOperationClaim = userOperationClaim
         })
    .Where(<>h__TransparentIdentifier0 => <>h__TransparentIdentifier0.userOperationClaim.UserId == __user_Id_0)
    .Select(<>h__TransparentIdentifier0 => new OperationClaim{ 
        Id = <>h__TransparentIdentifier0.operationClaim.Id, 
        Name = <>h__TransparentIdentifier0.operationClaim.Name, 
        Description = <>h__TransparentIdentifier0.operationClaim.Description 
    }
    )'
2025-12-16 18:49:01.337 +03:00 [DBG] Generated query execution expression: 
'queryContext => new SingleQueryingEnumerable<OperationClaim>(
    (RelationalQueryContext)queryContext, 
    RelationalCommandCache.QueryExpression(
        Projection Mapping:
            Id -> 0
            Name -> 1
            Description -> 2
        SELECT o.Id, o.Name, o.Description
        FROM OperationClaims AS o
        INNER JOIN UserOperationClaims AS u ON o.Id == u.OperationClaimId
        WHERE u.UserId == @__user_Id_0), 
    null, 
    Func<QueryContext, DbDataReader, ResultContext, SingleQueryResultCoordinator, OperationClaim>, 
    AuthService.DataAccess.Concrete.EntityFramework.AuthDbContext, 
    False, 
    False, 
    True
)'
2025-12-16 18:49:01.339 +03:00 [DBG] Opening connection to database 'AuthServiceDb_Dev' on server 'tcp://localhost:5432'.
2025-12-16 18:49:01.340 +03:00 [DBG] Opened connection to database 'AuthServiceDb_Dev' on server 'tcp://localhost:5432'.
2025-12-16 18:49:01.341 +03:00 [DBG] Creating DbCommand for 'ExecuteReader'.
2025-12-16 18:49:01.341 +03:00 [DBG] Created DbCommand for 'ExecuteReader' (0ms).
2025-12-16 18:49:01.342 +03:00 [DBG] Initialized DbCommand for 'ExecuteReader' (1ms).
2025-12-16 18:49:01.343 +03:00 [DBG] Executing DbCommand [Parameters=[@__user_Id_0='?' (DbType = Int32)], CommandType='"Text"', CommandTimeout='30']
SELECT o."Id", o."Name", o."Description"
FROM "OperationClaims" AS o
INNER JOIN "UserOperationClaims" AS u ON o."Id" = u."OperationClaimId"
WHERE u."UserId" = @__user_Id_0
2025-12-16 18:49:01.346 +03:00 [INF] Executed DbCommand (3ms) [Parameters=[@__user_Id_0='?' (DbType = Int32)], CommandType='"Text"', CommandTimeout='30']
SELECT o."Id", o."Name", o."Description"
FROM "OperationClaims" AS o
INNER JOIN "UserOperationClaims" AS u ON o."Id" = u."OperationClaimId"
WHERE u."UserId" = @__user_Id_0
2025-12-16 18:49:01.348 +03:00 [DBG] Closing data reader to 'AuthServiceDb_Dev' on server 'tcp://localhost:5432'.
2025-12-16 18:49:01.349 +03:00 [DBG] A data reader for 'AuthServiceDb_Dev' on server 'tcp://localhost:5432' is being disposed after spending 1ms reading results.
2025-12-16 18:49:01.350 +03:00 [DBG] Closing connection to database 'AuthServiceDb_Dev' on server 'tcp://localhost:5432'.
2025-12-16 18:49:01.351 +03:00 [DBG] Closed connection to database 'AuthServiceDb_Dev' on server 'tcp://localhost:5432' (0ms).
2025-12-16 18:49:01.374 +03:00 [DBG] The unchanged property 'User.RefreshToken' was detected as changed and will be marked as modified. Consider using 'DbContextOptionsBuilder.EnableSensitiveDataLogging' to see property values.
2025-12-16 18:49:01.375 +03:00 [DBG] An entity of type 'User' tracked by 'AuthDbContext' changed state from '"Unchanged"' to '"Modified"'. Consider using 'DbContextOptionsBuilder.EnableSensitiveDataLogging' to see key values.
2025-12-16 18:49:01.376 +03:00 [DBG] The unchanged property 'User.RefreshTokenExpiration' was detected as changed and will be marked as modified. Consider using 'DbContextOptionsBuilder.EnableSensitiveDataLogging' to see property values.
2025-12-16 18:49:01.377 +03:00 [DBG] SaveChanges starting for 'AuthDbContext'.
2025-12-16 18:49:01.378 +03:00 [DBG] DetectChanges starting for 'AuthDbContext'.
2025-12-16 18:49:01.379 +03:00 [DBG] DetectChanges completed for 'AuthDbContext'.
2025-12-16 18:49:01.388 +03:00 [DBG] Opening connection to database 'AuthServiceDb_Dev' on server 'tcp://localhost:5432'.
2025-12-16 18:49:01.389 +03:00 [DBG] Opened connection to database 'AuthServiceDb_Dev' on server 'tcp://localhost:5432'.
2025-12-16 18:49:01.390 +03:00 [DBG] Creating DbCommand for 'ExecuteReader'.
2025-12-16 18:49:01.390 +03:00 [DBG] Created DbCommand for 'ExecuteReader' (0ms).
2025-12-16 18:49:01.391 +03:00 [DBG] Initialized DbCommand for 'ExecuteReader' (1ms).
2025-12-16 18:49:01.392 +03:00 [DBG] Executing DbCommand [Parameters=[@p15='?' (DbType = Int32), @p0='?' (DbType = DateTime), @p1='?', @p2='?' (DbType = Int32), @p3='?', @p4='?', @p5='?' (DbType = Boolean), @p6='?', @p7='?' (DbType = DateTime), @p8='?' (DbType = Binary), @p9='?' (DbType = Binary), @p10='?', @p11='?', @p12='?' (DbType = DateTime), @p13='?' (DbType = Boolean), @p14='?' (DbType = DateTime)], CommandType='"Text"', CommandTimeout='30']
UPDATE "Users" SET "CreatedDate" = @p0, "Email" = @p1, "FailedLoginAttempts" = @p2, "FirstName" = @p3, "IdentityNumber" = @p4, "IsEmailVerified" = @p5, "LastName" = @p6, "LockoutEndTime" = @p7, "PasswordHash" = @p8, "PasswordSalt" = @p9, "PhoneNumber" = @p10, "RefreshToken" = @p11, "RefreshTokenExpiration" = @p12, "Status" = @p13, "UpdatedDate" = @p14
WHERE "Id" = @p15;
2025-12-16 18:49:01.395 +03:00 [INF] Executed DbCommand (3ms) [Parameters=[@p15='?' (DbType = Int32), @p0='?' (DbType = DateTime), @p1='?', @p2='?' (DbType = Int32), @p3='?', @p4='?', @p5='?' (DbType = Boolean), @p6='?', @p7='?' (DbType = DateTime), @p8='?' (DbType = Binary), @p9='?' (DbType = Binary), @p10='?', @p11='?', @p12='?' (DbType = DateTime), @p13='?' (DbType = Boolean), @p14='?' (DbType = DateTime)], CommandType='"Text"', CommandTimeout='30']
UPDATE "Users" SET "CreatedDate" = @p0, "Email" = @p1, "FailedLoginAttempts" = @p2, "FirstName" = @p3, "IdentityNumber" = @p4, "IsEmailVerified" = @p5, "LastName" = @p6, "LockoutEndTime" = @p7, "PasswordHash" = @p8, "PasswordSalt" = @p9, "PhoneNumber" = @p10, "RefreshToken" = @p11, "RefreshTokenExpiration" = @p12, "Status" = @p13, "UpdatedDate" = @p14
WHERE "Id" = @p15;
2025-12-16 18:49:01.397 +03:00 [DBG] Closing data reader to 'AuthServiceDb_Dev' on server 'tcp://localhost:5432'.
2025-12-16 18:49:01.398 +03:00 [DBG] A data reader for 'AuthServiceDb_Dev' on server 'tcp://localhost:5432' is being disposed after spending 1ms reading results.
2025-12-16 18:49:01.399 +03:00 [DBG] Closing connection to database 'AuthServiceDb_Dev' on server 'tcp://localhost:5432'.
2025-12-16 18:49:01.400 +03:00 [DBG] Closed connection to database 'AuthServiceDb_Dev' on server 'tcp://localhost:5432' (0ms).
2025-12-16 18:49:01.402 +03:00 [DBG] An entity of type 'User' tracked by 'AuthDbContext' changed state from '"Modified"' to '"Unchanged"'. Consider using 'DbContextOptionsBuilder.EnableSensitiveDataLogging' to see key values.
2025-12-16 18:49:01.403 +03:00 [DBG] SaveChanges completed for 'AuthDbContext' with 1 entities written to the database.
2025-12-16 18:49:04.863 +03:00 [INF] Start processing HTTP request POST https://localhost:7296/api/patients/
2025-12-16 18:49:04.866 +03:00 [INF] Sending HTTP request POST https://localhost:7296/api/patients/
2025-12-16 18:49:04.892 +03:00 [DBG] List of registered output formatters, in the following order: ["Microsoft.AspNetCore.Mvc.Formatters.HttpNoContentOutputFormatter","Microsoft.AspNetCore.Mvc.Formatters.StringOutputFormatter","Microsoft.AspNetCore.Mvc.Formatters.StreamOutputFormatter","Microsoft.AspNetCore.Mvc.Formatters.SystemTextJsonOutputFormatter"]
2025-12-16 18:49:04.896 +03:00 [DBG] Attempting to select an output formatter based on Accept header '["application/json"]' and explicitly specified content types '["application/json"]'. The content types in the accept header must be a subset of the explicitly set content types.
2025-12-16 18:49:04.898 +03:00 [DBG] Selected output formatter 'Microsoft.AspNetCore.Mvc.Formatters.SystemTextJsonOutputFormatter' and content type 'application/json' to write the response.
2025-12-16 18:49:04.900 +03:00 [INF] Executing OkObjectResult, writing value of type 'Core.Extensions.ApiResponse`1[[AuthService.Entities.DTOs.TokenDto, AuthService.Entities, Version=1.0.0.0, Culture=neutral, PublicKeyToken=null]]'.
2025-12-16 18:49:04.912 +03:00 [INF] Executed action AuthService.API.Controllers.AuthController.Register (AuthService.API) in 14535.2534ms
2025-12-16 18:49:04.913 +03:00 [INF] Executed endpoint 'AuthService.API.Controllers.AuthController.Register (AuthService.API)'
2025-12-16 18:49:04.918 +03:00 [INF] [User: Anonymous] [IP: ::1] POST /api/Auth/register -> 200
2025-12-16 18:49:04.920 +03:00 [DBG] 'AuthDbContext' disposed.
2025-12-16 18:49:04.923 +03:00 [DBG] Disposing connection to database 'AuthServiceDb_Dev' on server 'tcp://localhost:5432'.
2025-12-16 18:49:04.926 +03:00 [DBG] Disposed connection to database 'AuthServiceDb_Dev' on server 'tcp://localhost:5432' (2ms).
2025-12-16 18:49:04.928 +03:00 [INF] Request finished HTTP/2 POST https://localhost:7001/api/Auth/register - 200 null application/json; charset=utf-8 14653.7523ms
2025-12-16 18:49:05.049 +03:00 [INF] Received HTTP response headers after 180.0748ms - 400
2025-12-16 18:49:05.050 +03:00 [INF] End processing HTTP request after 188.5502ms - 400
2025-12-16 18:50:19.832 +03:00 [DBG] Registered model binder providers, in the following order: ["Microsoft.AspNetCore.Mvc.ModelBinding.Binders.BinderTypeModelBinderProvider","Microsoft.AspNetCore.Mvc.ModelBinding.Binders.ServicesModelBinderProvider","Microsoft.AspNetCore.Mvc.ModelBinding.Binders.BodyModelBinderProvider","Microsoft.AspNetCore.Mvc.ModelBinding.Binders.HeaderModelBinderProvider","Microsoft.AspNetCore.Mvc.ModelBinding.Binders.FloatingPointTypeModelBinderProvider","Microsoft.AspNetCore.Mvc.ModelBinding.Binders.EnumTypeModelBinderProvider","Microsoft.AspNetCore.Mvc.ModelBinding.Binders.DateTimeModelBinderProvider","Microsoft.AspNetCore.Mvc.ModelBinding.Binders.SimpleTypeModelBinderProvider","Microsoft.AspNetCore.Mvc.ModelBinding.Binders.TryParseModelBinderProvider","Microsoft.AspNetCore.Mvc.ModelBinding.Binders.CancellationTokenModelBinderProvider","Microsoft.AspNetCore.Mvc.ModelBinding.Binders.ByteArrayModelBinderProvider","Microsoft.AspNetCore.Mvc.ModelBinding.Binders.FormFileModelBinderProvider","Microsoft.AspNetCore.Mvc.ModelBinding.Binders.FormCollectionModelBinderProvider","Microsoft.AspNetCore.Mvc.ModelBinding.Binders.KeyValuePairModelBinderProvider","Microsoft.AspNetCore.Mvc.ModelBinding.Binders.DictionaryModelBinderProvider","Microsoft.AspNetCore.Mvc.ModelBinding.Binders.ArrayModelBinderProvider","Microsoft.AspNetCore.Mvc.ModelBinding.Binders.CollectionModelBinderProvider","Microsoft.AspNetCore.Mvc.ModelBinding.Binders.ComplexObjectModelBinderProvider"]
2025-12-16 18:50:20.015 +03:00 [DBG] An 'IServiceProvider' was created for internal use by Entity Framework.
2025-12-16 18:50:20.319 +03:00 [DBG] The index {'UserId'} was not created on entity type 'UserOperationClaim' as the properties are already covered by the index {'UserId', 'OperationClaimId'}.
2025-12-16 18:50:20.519 +03:00 [DBG] Entity Framework Core 8.0.17 initialized 'AuthDbContext' using provider 'Npgsql.EntityFrameworkCore.PostgreSQL:8.0.10+18d07c54eacaffa5bf8128d47eecdb5255d86376' with options: None
2025-12-16 18:50:20.530 +03:00 [DBG] Creating DbConnection.
2025-12-16 18:50:20.561 +03:00 [DBG] Created DbConnection. (30ms).
2025-12-16 18:50:20.569 +03:00 [DBG] Opening connection to database 'AuthServiceDb_Dev' on server 'tcp://localhost:5432'.
2025-12-16 18:50:20.680 +03:00 [DBG] Opened connection to database 'AuthServiceDb_Dev' on server 'tcp://localhost:5432'.
2025-12-16 18:50:20.682 +03:00 [DBG] Closing connection to database 'AuthServiceDb_Dev' on server 'tcp://localhost:5432'.
2025-12-16 18:50:20.689 +03:00 [DBG] Closed connection to database 'AuthServiceDb_Dev' on server 'tcp://localhost:5432' (4ms).
2025-12-16 18:50:20.695 +03:00 [DBG] Creating DbCommand for 'ExecuteScalar'.
2025-12-16 18:50:20.700 +03:00 [DBG] Created DbCommand for 'ExecuteScalar' (3ms).
2025-12-16 18:50:20.702 +03:00 [DBG] Initialized DbCommand for 'ExecuteScalar' (7ms).
2025-12-16 18:50:20.703 +03:00 [DBG] Opening connection to database 'AuthServiceDb_Dev' on server 'tcp://localhost:5432'.
2025-12-16 18:50:20.781 +03:00 [DBG] Opened connection to database 'AuthServiceDb_Dev' on server 'tcp://localhost:5432'.
2025-12-16 18:50:20.793 +03:00 [DBG] Executing DbCommand [Parameters=[], CommandType='"Text"', CommandTimeout='30']
SELECT EXISTS (
    SELECT 1 FROM pg_catalog.pg_class c
    JOIN pg_catalog.pg_namespace n ON n.oid=c.relnamespace
    WHERE n.nspname='public' AND
          c.relname='__EFMigrationsHistory'
)
2025-12-16 18:50:20.860 +03:00 [INF] Executed DbCommand (67ms) [Parameters=[], CommandType='"Text"', CommandTimeout='30']
SELECT EXISTS (
    SELECT 1 FROM pg_catalog.pg_class c
    JOIN pg_catalog.pg_namespace n ON n.oid=c.relnamespace
    WHERE n.nspname='public' AND
          c.relname='__EFMigrationsHistory'
)
2025-12-16 18:50:20.863 +03:00 [DBG] Closing connection to database 'AuthServiceDb_Dev' on server 'tcp://localhost:5432'.
2025-12-16 18:50:20.868 +03:00 [DBG] Closed connection to database 'AuthServiceDb_Dev' on server 'tcp://localhost:5432' (4ms).
2025-12-16 18:50:20.883 +03:00 [DBG] Opening connection to database 'AuthServiceDb_Dev' on server 'tcp://localhost:5432'.
2025-12-16 18:50:20.884 +03:00 [DBG] Opened connection to database 'AuthServiceDb_Dev' on server 'tcp://localhost:5432'.
2025-12-16 18:50:20.886 +03:00 [DBG] Creating DbCommand for 'ExecuteReader'.
2025-12-16 18:50:20.887 +03:00 [DBG] Created DbCommand for 'ExecuteReader' (1ms).
2025-12-16 18:50:20.888 +03:00 [DBG] Initialized DbCommand for 'ExecuteReader' (2ms).
2025-12-16 18:50:20.890 +03:00 [DBG] Executing DbCommand [Parameters=[], CommandType='"Text"', CommandTimeout='30']
SELECT "MigrationId", "ProductVersion"
FROM "__EFMigrationsHistory"
ORDER BY "MigrationId";
2025-12-16 18:50:20.895 +03:00 [INF] Executed DbCommand (5ms) [Parameters=[], CommandType='"Text"', CommandTimeout='30']
SELECT "MigrationId", "ProductVersion"
FROM "__EFMigrationsHistory"
ORDER BY "MigrationId";
2025-12-16 18:50:20.903 +03:00 [DBG] Closing data reader to 'AuthServiceDb_Dev' on server 'tcp://localhost:5432'.
2025-12-16 18:50:20.906 +03:00 [DBG] A data reader for 'AuthServiceDb_Dev' on server 'tcp://localhost:5432' is being disposed after spending 7ms reading results.
2025-12-16 18:50:20.908 +03:00 [DBG] Closing connection to database 'AuthServiceDb_Dev' on server 'tcp://localhost:5432'.
2025-12-16 18:50:20.910 +03:00 [DBG] Closed connection to database 'AuthServiceDb_Dev' on server 'tcp://localhost:5432' (1ms).
2025-12-16 18:50:20.915 +03:00 [DBG] Migrating using database 'AuthServiceDb_Dev' on server 'tcp://localhost:5432'.
2025-12-16 18:50:20.917 +03:00 [DBG] Opening connection to database 'AuthServiceDb_Dev' on server 'tcp://localhost:5432'.
2025-12-16 18:50:28.570 +03:00 [DBG] Registered model binder providers, in the following order: ["Microsoft.AspNetCore.Mvc.ModelBinding.Binders.BinderTypeModelBinderProvider","Microsoft.AspNetCore.Mvc.ModelBinding.Binders.ServicesModelBinderProvider","Microsoft.AspNetCore.Mvc.ModelBinding.Binders.BodyModelBinderProvider","Microsoft.AspNetCore.Mvc.ModelBinding.Binders.HeaderModelBinderProvider","Microsoft.AspNetCore.Mvc.ModelBinding.Binders.FloatingPointTypeModelBinderProvider","Microsoft.AspNetCore.Mvc.ModelBinding.Binders.EnumTypeModelBinderProvider","Microsoft.AspNetCore.Mvc.ModelBinding.Binders.DateTimeModelBinderProvider","Microsoft.AspNetCore.Mvc.ModelBinding.Binders.SimpleTypeModelBinderProvider","Microsoft.AspNetCore.Mvc.ModelBinding.Binders.TryParseModelBinderProvider","Microsoft.AspNetCore.Mvc.ModelBinding.Binders.CancellationTokenModelBinderProvider","Microsoft.AspNetCore.Mvc.ModelBinding.Binders.ByteArrayModelBinderProvider","Microsoft.AspNetCore.Mvc.ModelBinding.Binders.FormFileModelBinderProvider","Microsoft.AspNetCore.Mvc.ModelBinding.Binders.FormCollectionModelBinderProvider","Microsoft.AspNetCore.Mvc.ModelBinding.Binders.KeyValuePairModelBinderProvider","Microsoft.AspNetCore.Mvc.ModelBinding.Binders.DictionaryModelBinderProvider","Microsoft.AspNetCore.Mvc.ModelBinding.Binders.ArrayModelBinderProvider","Microsoft.AspNetCore.Mvc.ModelBinding.Binders.CollectionModelBinderProvider","Microsoft.AspNetCore.Mvc.ModelBinding.Binders.ComplexObjectModelBinderProvider"]
2025-12-16 18:50:28.749 +03:00 [DBG] An 'IServiceProvider' was created for internal use by Entity Framework.
2025-12-16 18:50:29.054 +03:00 [DBG] The index {'UserId'} was not created on entity type 'UserOperationClaim' as the properties are already covered by the index {'UserId', 'OperationClaimId'}.
2025-12-16 18:50:29.262 +03:00 [DBG] Entity Framework Core 8.0.17 initialized 'AuthDbContext' using provider 'Npgsql.EntityFrameworkCore.PostgreSQL:8.0.10+18d07c54eacaffa5bf8128d47eecdb5255d86376' with options: None
2025-12-16 18:50:29.274 +03:00 [DBG] Creating DbConnection.
2025-12-16 18:50:29.306 +03:00 [DBG] Created DbConnection. (31ms).
2025-12-16 18:50:29.313 +03:00 [DBG] Opening connection to database 'AuthServiceDb_Dev' on server 'tcp://localhost:5432'.
2025-12-16 18:50:29.423 +03:00 [DBG] Opened connection to database 'AuthServiceDb_Dev' on server 'tcp://localhost:5432'.
2025-12-16 18:50:29.426 +03:00 [DBG] Closing connection to database 'AuthServiceDb_Dev' on server 'tcp://localhost:5432'.
2025-12-16 18:50:29.433 +03:00 [DBG] Closed connection to database 'AuthServiceDb_Dev' on server 'tcp://localhost:5432' (4ms).
2025-12-16 18:50:29.438 +03:00 [DBG] Creating DbCommand for 'ExecuteScalar'.
2025-12-16 18:50:29.444 +03:00 [DBG] Created DbCommand for 'ExecuteScalar' (3ms).
2025-12-16 18:50:29.446 +03:00 [DBG] Initialized DbCommand for 'ExecuteScalar' (7ms).
2025-12-16 18:50:29.447 +03:00 [DBG] Opening connection to database 'AuthServiceDb_Dev' on server 'tcp://localhost:5432'.
2025-12-16 18:50:29.506 +03:00 [DBG] Opened connection to database 'AuthServiceDb_Dev' on server 'tcp://localhost:5432'.
2025-12-16 18:50:29.514 +03:00 [DBG] Executing DbCommand [Parameters=[], CommandType='"Text"', CommandTimeout='30']
SELECT EXISTS (
    SELECT 1 FROM pg_catalog.pg_class c
    JOIN pg_catalog.pg_namespace n ON n.oid=c.relnamespace
    WHERE n.nspname='public' AND
          c.relname='__EFMigrationsHistory'
)
2025-12-16 18:50:29.563 +03:00 [INF] Executed DbCommand (48ms) [Parameters=[], CommandType='"Text"', CommandTimeout='30']
SELECT EXISTS (
    SELECT 1 FROM pg_catalog.pg_class c
    JOIN pg_catalog.pg_namespace n ON n.oid=c.relnamespace
    WHERE n.nspname='public' AND
          c.relname='__EFMigrationsHistory'
)
2025-12-16 18:50:29.565 +03:00 [DBG] Closing connection to database 'AuthServiceDb_Dev' on server 'tcp://localhost:5432'.
2025-12-16 18:50:29.567 +03:00 [DBG] Closed connection to database 'AuthServiceDb_Dev' on server 'tcp://localhost:5432' (1ms).
2025-12-16 18:50:29.576 +03:00 [DBG] Opening connection to database 'AuthServiceDb_Dev' on server 'tcp://localhost:5432'.
2025-12-16 18:50:29.578 +03:00 [DBG] Opened connection to database 'AuthServiceDb_Dev' on server 'tcp://localhost:5432'.
2025-12-16 18:50:29.579 +03:00 [DBG] Creating DbCommand for 'ExecuteReader'.
2025-12-16 18:50:29.580 +03:00 [DBG] Created DbCommand for 'ExecuteReader' (0ms).
2025-12-16 18:50:29.581 +03:00 [DBG] Initialized DbCommand for 'ExecuteReader' (1ms).
2025-12-16 18:50:29.582 +03:00 [DBG] Executing DbCommand [Parameters=[], CommandType='"Text"', CommandTimeout='30']
SELECT "MigrationId", "ProductVersion"
FROM "__EFMigrationsHistory"
ORDER BY "MigrationId";
2025-12-16 18:50:29.585 +03:00 [INF] Executed DbCommand (3ms) [Parameters=[], CommandType='"Text"', CommandTimeout='30']
SELECT "MigrationId", "ProductVersion"
FROM "__EFMigrationsHistory"
ORDER BY "MigrationId";
2025-12-16 18:50:29.592 +03:00 [DBG] Closing data reader to 'AuthServiceDb_Dev' on server 'tcp://localhost:5432'.
2025-12-16 18:50:29.594 +03:00 [DBG] A data reader for 'AuthServiceDb_Dev' on server 'tcp://localhost:5432' is being disposed after spending 6ms reading results.
2025-12-16 18:50:29.596 +03:00 [DBG] Closing connection to database 'AuthServiceDb_Dev' on server 'tcp://localhost:5432'.
2025-12-16 18:50:29.596 +03:00 [DBG] Closed connection to database 'AuthServiceDb_Dev' on server 'tcp://localhost:5432' (0ms).
2025-12-16 18:50:29.598 +03:00 [DBG] Migrating using database 'AuthServiceDb_Dev' on server 'tcp://localhost:5432'.
2025-12-16 18:50:29.599 +03:00 [DBG] Opening connection to database 'AuthServiceDb_Dev' on server 'tcp://localhost:5432'.
2025-12-16 18:50:29.639 +03:00 [DBG] Opened connection to database 'AuthServiceDb_Dev' on server 'tcp://localhost:5432'.
2025-12-16 18:50:29.641 +03:00 [DBG] Closing connection to database 'AuthServiceDb_Dev' on server 'tcp://localhost:5432'.
2025-12-16 18:50:29.642 +03:00 [DBG] Closed connection to database 'AuthServiceDb_Dev' on server 'tcp://localhost:5432' (1ms).
2025-12-16 18:50:29.643 +03:00 [DBG] Creating DbCommand for 'ExecuteScalar'.
2025-12-16 18:50:29.644 +03:00 [DBG] Created DbCommand for 'ExecuteScalar' (0ms).
2025-12-16 18:50:29.644 +03:00 [DBG] Initialized DbCommand for 'ExecuteScalar' (1ms).
2025-12-16 18:50:29.645 +03:00 [DBG] Opening connection to database 'AuthServiceDb_Dev' on server 'tcp://localhost:5432'.
2025-12-16 18:50:29.646 +03:00 [DBG] Opened connection to database 'AuthServiceDb_Dev' on server 'tcp://localhost:5432'.
2025-12-16 18:50:29.647 +03:00 [DBG] Executing DbCommand [Parameters=[], CommandType='"Text"', CommandTimeout='30']
SELECT EXISTS (
    SELECT 1 FROM pg_catalog.pg_class c
    JOIN pg_catalog.pg_namespace n ON n.oid=c.relnamespace
    WHERE n.nspname='public' AND
          c.relname='__EFMigrationsHistory'
)
2025-12-16 18:50:29.649 +03:00 [INF] Executed DbCommand (2ms) [Parameters=[], CommandType='"Text"', CommandTimeout='30']
SELECT EXISTS (
    SELECT 1 FROM pg_catalog.pg_class c
    JOIN pg_catalog.pg_namespace n ON n.oid=c.relnamespace
    WHERE n.nspname='public' AND
          c.relname='__EFMigrationsHistory'
)
2025-12-16 18:50:29.650 +03:00 [DBG] Closing connection to database 'AuthServiceDb_Dev' on server 'tcp://localhost:5432'.
2025-12-16 18:50:29.651 +03:00 [DBG] Closed connection to database 'AuthServiceDb_Dev' on server 'tcp://localhost:5432' (0ms).
2025-12-16 18:50:29.652 +03:00 [DBG] Opening connection to database 'AuthServiceDb_Dev' on server 'tcp://localhost:5432'.
2025-12-16 18:50:29.693 +03:00 [DBG] Opened connection to database 'AuthServiceDb_Dev' on server 'tcp://localhost:5432'.
2025-12-16 18:50:29.694 +03:00 [DBG] Closing connection to database 'AuthServiceDb_Dev' on server 'tcp://localhost:5432'.
2025-12-16 18:50:29.695 +03:00 [DBG] Closed connection to database 'AuthServiceDb_Dev' on server 'tcp://localhost:5432' (1ms).
2025-12-16 18:50:29.697 +03:00 [DBG] Creating DbCommand for 'ExecuteScalar'.
2025-12-16 18:50:29.697 +03:00 [DBG] Created DbCommand for 'ExecuteScalar' (0ms).
2025-12-16 18:50:29.698 +03:00 [DBG] Initialized DbCommand for 'ExecuteScalar' (1ms).
2025-12-16 18:50:29.699 +03:00 [DBG] Opening connection to database 'AuthServiceDb_Dev' on server 'tcp://localhost:5432'.
2025-12-16 18:50:29.700 +03:00 [DBG] Opened connection to database 'AuthServiceDb_Dev' on server 'tcp://localhost:5432'.
2025-12-16 18:50:29.701 +03:00 [DBG] Executing DbCommand [Parameters=[], CommandType='"Text"', CommandTimeout='30']
SELECT EXISTS (
    SELECT 1 FROM pg_catalog.pg_class c
    JOIN pg_catalog.pg_namespace n ON n.oid=c.relnamespace
    WHERE n.nspname='public' AND
          c.relname='__EFMigrationsHistory'
)
2025-12-16 18:50:29.703 +03:00 [INF] Executed DbCommand (2ms) [Parameters=[], CommandType='"Text"', CommandTimeout='30']
SELECT EXISTS (
    SELECT 1 FROM pg_catalog.pg_class c
    JOIN pg_catalog.pg_namespace n ON n.oid=c.relnamespace
    WHERE n.nspname='public' AND
          c.relname='__EFMigrationsHistory'
)
2025-12-16 18:50:29.704 +03:00 [DBG] Closing connection to database 'AuthServiceDb_Dev' on server 'tcp://localhost:5432'.
2025-12-16 18:50:29.705 +03:00 [DBG] Closed connection to database 'AuthServiceDb_Dev' on server 'tcp://localhost:5432' (0ms).
2025-12-16 18:50:29.706 +03:00 [DBG] Opening connection to database 'AuthServiceDb_Dev' on server 'tcp://localhost:5432'.
2025-12-16 18:50:29.707 +03:00 [DBG] Opened connection to database 'AuthServiceDb_Dev' on server 'tcp://localhost:5432'.
2025-12-16 18:50:29.708 +03:00 [DBG] Creating DbCommand for 'ExecuteReader'.
2025-12-16 18:50:29.709 +03:00 [DBG] Created DbCommand for 'ExecuteReader' (0ms).
2025-12-16 18:50:29.710 +03:00 [DBG] Initialized DbCommand for 'ExecuteReader' (1ms).
2025-12-16 18:50:29.711 +03:00 [DBG] Executing DbCommand [Parameters=[], CommandType='"Text"', CommandTimeout='30']
SELECT "MigrationId", "ProductVersion"
FROM "__EFMigrationsHistory"
ORDER BY "MigrationId";
2025-12-16 18:50:29.713 +03:00 [INF] Executed DbCommand (2ms) [Parameters=[], CommandType='"Text"', CommandTimeout='30']
SELECT "MigrationId", "ProductVersion"
FROM "__EFMigrationsHistory"
ORDER BY "MigrationId";
2025-12-16 18:50:29.714 +03:00 [DBG] Closing data reader to 'AuthServiceDb_Dev' on server 'tcp://localhost:5432'.
2025-12-16 18:50:29.715 +03:00 [DBG] A data reader for 'AuthServiceDb_Dev' on server 'tcp://localhost:5432' is being disposed after spending 1ms reading results.
2025-12-16 18:50:29.717 +03:00 [DBG] Closing connection to database 'AuthServiceDb_Dev' on server 'tcp://localhost:5432'.
2025-12-16 18:50:29.718 +03:00 [DBG] Closed connection to database 'AuthServiceDb_Dev' on server 'tcp://localhost:5432' (0ms).
2025-12-16 18:50:29.727 +03:00 [INF] No migrations were applied. The database is already up to date.
2025-12-16 18:50:29.730 +03:00 [INF] Database migrations applied successfully.
2025-12-16 18:50:29.732 +03:00 [DBG] 'AuthDbContext' disposed.
2025-12-16 18:50:29.734 +03:00 [DBG] Disposing connection to database 'AuthServiceDb_Dev' on server 'tcp://localhost:5432'.
2025-12-16 18:50:29.735 +03:00 [DBG] Disposed connection to database 'AuthServiceDb_Dev' on server 'tcp://localhost:5432' (1ms).
2025-12-16 18:50:29.738 +03:00 [DBG] Hosting starting
2025-12-16 18:50:29.760 +03:00 [INF] User profile is available. Using 'C:\Users\atura\AppData\Local\ASP.NET\DataProtection-Keys' as key repository and Windows DPAPI to encrypt keys at rest.
2025-12-16 18:50:29.780 +03:00 [DBG] Reading data from file 'C:\Users\atura\AppData\Local\ASP.NET\DataProtection-Keys\key-2b41731a-ff2b-4c58-8083-9dd2e8e06c02.xml'.
2025-12-16 18:50:29.786 +03:00 [DBG] Reading data from file 'C:\Users\atura\AppData\Local\ASP.NET\DataProtection-Keys\key-b1bfbf17-5e54-4bcd-856c-81e8ff116985.xml'.
2025-12-16 18:50:29.788 +03:00 [DBG] Reading data from file 'C:\Users\atura\AppData\Local\ASP.NET\DataProtection-Keys\key-d4db8ae3-c3b6-4a1e-a8e6-5ce936ab3dc1.xml'.
2025-12-16 18:50:29.789 +03:00 [DBG] Reading data from file 'C:\Users\atura\AppData\Local\ASP.NET\DataProtection-Keys\key-d528c6a9-5739-4b20-b71f-eef16136c0e0.xml'.
2025-12-16 18:50:29.790 +03:00 [DBG] Reading data from file 'C:\Users\atura\AppData\Local\ASP.NET\DataProtection-Keys\key-f197c843-1f03-4bc8-9e1b-7ef1bcdd878d.xml'.
2025-12-16 18:50:29.793 +03:00 [DBG] Found key {2b41731a-ff2b-4c58-8083-9dd2e8e06c02}.
2025-12-16 18:50:29.797 +03:00 [DBG] Found key {b1bfbf17-5e54-4bcd-856c-81e8ff116985}.
2025-12-16 18:50:29.798 +03:00 [DBG] Found key {d4db8ae3-c3b6-4a1e-a8e6-5ce936ab3dc1}.
2025-12-16 18:50:29.799 +03:00 [DBG] Found key {d528c6a9-5739-4b20-b71f-eef16136c0e0}.
2025-12-16 18:50:29.799 +03:00 [DBG] Found key {f197c843-1f03-4bc8-9e1b-7ef1bcdd878d}.
2025-12-16 18:50:29.804 +03:00 [DBG] Considering key {d528c6a9-5739-4b20-b71f-eef16136c0e0} with expiration date 2026-01-16 09:53:55Z as default key.
2025-12-16 18:50:29.807 +03:00 [DBG] Forwarded activator type request from Microsoft.AspNetCore.DataProtection.XmlEncryption.DpapiXmlDecryptor, Microsoft.AspNetCore.DataProtection, Version=8.0.0.0, Culture=neutral, PublicKeyToken=adb9793829ddae60 to Microsoft.AspNetCore.DataProtection.XmlEncryption.DpapiXmlDecryptor, Microsoft.AspNetCore.DataProtection, Culture=neutral, PublicKeyToken=adb9793829ddae60
2025-12-16 18:50:29.809 +03:00 [DBG] Decrypting secret element using Windows DPAPI.
2025-12-16 18:50:29.811 +03:00 [DBG] Forwarded activator type request from Microsoft.AspNetCore.DataProtection.AuthenticatedEncryption.ConfigurationModel.AuthenticatedEncryptorDescriptorDeserializer, Microsoft.AspNetCore.DataProtection, Version=8.0.0.0, Culture=neutral, PublicKeyToken=adb9793829ddae60 to Microsoft.AspNetCore.DataProtection.AuthenticatedEncryption.ConfigurationModel.AuthenticatedEncryptorDescriptorDeserializer, Microsoft.AspNetCore.DataProtection, Culture=neutral, PublicKeyToken=adb9793829ddae60
2025-12-16 18:50:29.814 +03:00 [DBG] Opening CNG algorithm 'AES' from provider 'null' with chaining mode CBC.
2025-12-16 18:50:29.816 +03:00 [DBG] Opening CNG algorithm 'SHA256' from provider 'null' with HMAC.
2025-12-16 18:50:29.818 +03:00 [DBG] Using key {d528c6a9-5739-4b20-b71f-eef16136c0e0} as the default key.
2025-12-16 18:50:29.819 +03:00 [DBG] Key ring with default key {d528c6a9-5739-4b20-b71f-eef16136c0e0} was loaded during application startup.
2025-12-16 18:50:29.999 +03:00 [INF] Now listening on: https://localhost:7001
2025-12-16 18:50:30.000 +03:00 [INF] Now listening on: http://localhost:5001
2025-12-16 18:50:30.001 +03:00 [DBG] Loaded hosting startup assembly AuthService.API
2025-12-16 18:50:30.003 +03:00 [DBG] Loaded hosting startup assembly Microsoft.WebTools.ApiEndpointDiscovery
2025-12-16 18:50:30.004 +03:00 [DBG] Loaded hosting startup assembly Microsoft.AspNetCore.Watch.BrowserRefresh
2025-12-16 18:50:30.005 +03:00 [DBG] Loaded hosting startup assembly Microsoft.WebTools.BrowserLink.Net
2025-12-16 18:50:30.047 +03:00 [DBG] Connection id "0HNHSNBBEL55S" accepted.
2025-12-16 18:50:30.047 +03:00 [DBG] Connection id "0HNHSNBBEL55T" accepted.
2025-12-16 18:50:30.049 +03:00 [DBG] Connection id "0HNHSNBBEL55S" started.
2025-12-16 18:50:30.050 +03:00 [DBG] Connection id "0HNHSNBBEL55T" started.
2025-12-16 18:50:30.065 +03:00 [DBG] Connection id "0HNHSNBBEL55S" received FIN.
2025-12-16 18:50:30.065 +03:00 [DBG] Connection id "0HNHSNBBEL55T" received FIN.
2025-12-16 18:50:30.082 +03:00 [DBG] Failed to authenticate HTTPS connection.
System.IO.IOException: Received an unexpected EOF or 0 bytes from the transport stream.
   at System.Net.Security.SslStream.ReceiveHandshakeFrameAsync[TIOAdapter](CancellationToken cancellationToken)
   at System.Net.Security.SslStream.ForceAuthenticationAsync[TIOAdapter](Boolean receiveFirst, Byte[] reAuthenticationData, CancellationToken cancellationToken)
   at System.Net.Security.SslStream.ProcessAuthenticationWithTelemetryAsync(Boolean isAsync, CancellationToken cancellationToken)
   at Microsoft.AspNetCore.Server.Kestrel.Https.Internal.HttpsConnectionMiddleware.OnConnectionAsync(ConnectionContext context)
2025-12-16 18:50:30.082 +03:00 [DBG] Failed to authenticate HTTPS connection.
System.IO.IOException: Received an unexpected EOF or 0 bytes from the transport stream.
   at System.Net.Security.SslStream.ReceiveHandshakeFrameAsync[TIOAdapter](CancellationToken cancellationToken)
   at System.Net.Security.SslStream.ForceAuthenticationAsync[TIOAdapter](Boolean receiveFirst, Byte[] reAuthenticationData, CancellationToken cancellationToken)
   at System.Net.Security.SslStream.ProcessAuthenticationWithTelemetryAsync(Boolean isAsync, CancellationToken cancellationToken)
   at Microsoft.AspNetCore.Server.Kestrel.Https.Internal.HttpsConnectionMiddleware.OnConnectionAsync(ConnectionContext context)
2025-12-16 18:50:30.111 +03:00 [DBG] Connection id "0HNHSNBBEL55T" stopped.
2025-12-16 18:50:30.111 +03:00 [DBG] Connection id "0HNHSNBBEL55S" stopped.
2025-12-16 18:50:30.116 +03:00 [DBG] Connection id "0HNHSNBBEL55T" sending FIN because: "The Socket transport's send loop completed gracefully."
2025-12-16 18:50:30.116 +03:00 [DBG] Connection id "0HNHSNBBEL55S" sending FIN because: "The Socket transport's send loop completed gracefully."
2025-12-16 18:50:30.141 +03:00 [INF] Application started. Press Ctrl+C to shut down.
2025-12-16 18:50:30.142 +03:00 [INF] Hosting environment: Development
2025-12-16 18:50:30.143 +03:00 [INF] Content root path: C:\Users\atura\OneDrive\Masaüstü\Yarışma\appointment-reservation\backend\Services\AuthService\AuthService.API
2025-12-16 18:50:30.144 +03:00 [DBG] Hosting started
2025-12-16 18:50:30.987 +03:00 [DBG] Connection id "0HNHSNBBEL55U" accepted.
2025-12-16 18:50:30.989 +03:00 [DBG] Connection id "0HNHSNBBEL55U" started.
2025-12-16 18:50:31.029 +03:00 [DBG] Connection 0HNHSNBBEL55U established using the following protocol: "Tls13"
2025-12-16 18:50:31.083 +03:00 [INF] Request starting HTTP/2 GET https://localhost:7001/swagger/index.html - null null
2025-12-16 18:50:31.166 +03:00 [DBG] Wildcard detected, all requests with hosts will be allowed.
2025-12-16 18:50:31.182 +03:00 [DBG] No candidates found for the request path '/swagger/index.html'
2025-12-16 18:50:31.183 +03:00 [DBG] Request did not match any endpoints
2025-12-16 18:50:31.234 +03:00 [DBG] Response markup is scheduled to include Browser Link script injection.
2025-12-16 18:50:31.237 +03:00 [DBG] Response markup is scheduled to include browser refresh script injection.
2025-12-16 18:50:31.245 +03:00 [DBG] Response markup was updated to include Browser Link script injection.
2025-12-16 18:50:31.247 +03:00 [DBG] Response markup was updated to include browser refresh script injection.
2025-12-16 18:50:31.254 +03:00 [INF] Request finished HTTP/2 GET https://localhost:7001/swagger/index.html - 200 null text/html;charset=utf-8 178.8535ms
2025-12-16 18:50:31.266 +03:00 [INF] Request starting HTTP/2 GET https://localhost:7001/swagger/index.js - null null
2025-12-16 18:50:31.266 +03:00 [INF] Request starting HTTP/2 GET https://localhost:7001/_framework/aspnetcore-browser-refresh.js - null null
2025-12-16 18:50:31.272 +03:00 [DBG] No candidates found for the request path '/swagger/index.js'
2025-12-16 18:50:31.276 +03:00 [DBG] Request did not match any endpoints
2025-12-16 18:50:31.279 +03:00 [INF] Request finished HTTP/2 GET https://localhost:7001/swagger/index.js - 200 null application/javascript;charset=utf-8 12.7028ms
2025-12-16 18:50:31.283 +03:00 [INF] Request starting HTTP/2 GET https://localhost:7001/_vs/browserLink - null null
2025-12-16 18:50:31.288 +03:00 [INF] Request finished HTTP/2 GET https://localhost:7001/_framework/aspnetcore-browser-refresh.js - 200 13782 application/javascript; charset=utf-8 22.5269ms
2025-12-16 18:50:31.327 +03:00 [INF] Request finished HTTP/2 GET https://localhost:7001/_vs/browserLink - 200 null text/javascript; charset=UTF-8 44.0331ms
2025-12-16 18:50:31.414 +03:00 [INF] Request starting HTTP/2 GET https://localhost:7001/swagger/v1/swagger.json - null null
2025-12-16 18:50:31.416 +03:00 [DBG] No candidates found for the request path '/swagger/v1/swagger.json'
2025-12-16 18:50:31.417 +03:00 [DBG] Request did not match any endpoints
2025-12-16 18:50:31.446 +03:00 [INF] Request finished HTTP/2 GET https://localhost:7001/swagger/v1/swagger.json - 200 null application/json;charset=utf-8 31.4848ms
2025-12-16 18:50:36.874 +03:00 [INF] Request starting HTTP/2 POST https://localhost:7001/api/Auth/register - application/json 177
2025-12-16 18:50:36.883 +03:00 [DBG] 1 candidate(s) found for the request path '/api/Auth/register'
2025-12-16 18:50:36.886 +03:00 [DBG] Endpoint 'AuthService.API.Controllers.AuthController.Register (AuthService.API)' with route pattern 'api/Auth/register' is valid for the request path '/api/Auth/register'
2025-12-16 18:50:36.888 +03:00 [DBG] Request matched endpoint 'AuthService.API.Controllers.AuthController.Register (AuthService.API)'
2025-12-16 18:50:36.892 +03:00 [DBG] Static files was skipped as the request already matched an endpoint.
2025-12-16 18:50:36.895 +03:00 [DBG] The request has an origin header: 'https://localhost:7001'.
2025-12-16 18:50:36.896 +03:00 [INF] CORS policy execution successful.
2025-12-16 18:50:36.960 +03:00 [DBG] AuthenticationScheme: Bearer was not authenticated.
2025-12-16 18:50:36.963 +03:00 [INF] Executing endpoint 'AuthService.API.Controllers.AuthController.Register (AuthService.API)'
2025-12-16 18:50:36.983 +03:00 [INF] Route matched with {action = "Register", controller = "Auth"}. Executing controller action with signature Microsoft.AspNetCore.Mvc.IActionResult Register(AuthService.Entities.DTOs.UserForRegisterDto) on controller AuthService.API.Controllers.AuthController (AuthService.API).
2025-12-16 18:50:36.986 +03:00 [DBG] Execution plan of authorization filters (in the following order): ["None"]
2025-12-16 18:50:36.987 +03:00 [DBG] Execution plan of resource filters (in the following order): ["None"]
2025-12-16 18:50:36.989 +03:00 [DBG] Execution plan of action filters (in the following order): ["Microsoft.AspNetCore.Mvc.ModelBinding.UnsupportedContentTypeFilter (Order: -3000)","Microsoft.AspNetCore.Mvc.Infrastructure.ModelStateInvalidFilter (Order: -2000)"]
2025-12-16 18:50:36.991 +03:00 [DBG] Execution plan of exception filters (in the following order): ["None"]
2025-12-16 18:50:36.992 +03:00 [DBG] Execution plan of result filters (in the following order): ["Microsoft.AspNetCore.Mvc.Infrastructure.ClientErrorResultFilter (Order: -2000)","Microsoft.AspNetCore.Mvc.ProducesAttribute (Order: 0)"]
2025-12-16 18:50:36.994 +03:00 [DBG] Executing controller factory for controller AuthService.API.Controllers.AuthController (AuthService.API)
2025-12-16 18:50:37.063 +03:00 [DBG] Executed controller factory for controller AuthService.API.Controllers.AuthController (AuthService.API)
2025-12-16 18:50:37.075 +03:00 [DBG] Attempting to bind parameter 'userForRegisterDto' of type 'AuthService.Entities.DTOs.UserForRegisterDto' ...
2025-12-16 18:50:37.078 +03:00 [DBG] Attempting to bind parameter 'userForRegisterDto' of type 'AuthService.Entities.DTOs.UserForRegisterDto' using the name '' in request data ...
2025-12-16 18:50:37.080 +03:00 [DBG] Selected input formatter 'Microsoft.AspNetCore.Mvc.Formatters.SystemTextJsonInputFormatter' for content type 'application/json'.
2025-12-16 18:50:37.088 +03:00 [DBG] Connection id "0HNHSNBBEL55U", Request id "0HNHSNBBEL55U:0000000B": started reading request body.
2025-12-16 18:50:37.089 +03:00 [DBG] Connection id "0HNHSNBBEL55U", Request id "0HNHSNBBEL55U:0000000B": done reading request body.
2025-12-16 18:50:37.100 +03:00 [DBG] JSON input formatter succeeded, deserializing to type 'AuthService.Entities.DTOs.UserForRegisterDto'
2025-12-16 18:50:37.102 +03:00 [DBG] Done attempting to bind parameter 'userForRegisterDto' of type 'AuthService.Entities.DTOs.UserForRegisterDto'.
2025-12-16 18:50:37.103 +03:00 [DBG] Done attempting to bind parameter 'userForRegisterDto' of type 'AuthService.Entities.DTOs.UserForRegisterDto'.
2025-12-16 18:50:37.104 +03:00 [DBG] Attempting to validate the bound parameter 'userForRegisterDto' of type 'AuthService.Entities.DTOs.UserForRegisterDto' ...
2025-12-16 18:50:37.144 +03:00 [DBG] Done attempting to validate the bound parameter 'userForRegisterDto' of type 'AuthService.Entities.DTOs.UserForRegisterDto'.
2025-12-16 18:50:39.046 +03:00 [DBG] Entity Framework Core 8.0.17 initialized 'AuthDbContext' using provider 'Npgsql.EntityFrameworkCore.PostgreSQL:8.0.10+18d07c54eacaffa5bf8128d47eecdb5255d86376' with options: None
2025-12-16 18:50:39.070 +03:00 [DBG] Compiling query expression: 
'DbSet<User>()
    .FirstOrDefault(u => u.Email == __email_0)'
2025-12-16 18:50:39.214 +03:00 [DBG] Generated query execution expression: 
'queryContext => new SingleQueryingEnumerable<User>(
    (RelationalQueryContext)queryContext, 
    RelationalCommandCache.QueryExpression(
        Projection Mapping:
            EmptyProjectionMember -> Dictionary<IProperty, int> { [Property: User.Id (int) Required PK AfterSave:Throw ValueGenerated.OnAdd, 0], [Property: User.CreatedDate (DateTime) Required, 1], [Property: User.Email (string) Required Index MaxLength(100), 2], [Property: User.FailedLoginAttempts (int) Required, 3], [Property: User.FirstName (string) Required MaxLength(50), 4], [Property: User.IdentityNumber (string) Required MaxLength(11), 5], [Property: User.IsEmailVerified (bool) Required, 6], [Property: User.LastName (string) MaxLength(50), 7], [Property: User.LockoutEndTime (DateTime?), 8], [Property: User.PasswordHash (byte[]) Required, 9], [Property: User.PasswordSalt (byte[]) Required, 10], [Property: User.PhoneNumber (string) MaxLength(20), 11], [Property: User.RefreshToken (string), 12], [Property: User.RefreshTokenExpiration (DateTime?), 13], [Property: User.Status (bool) Required, 14], [Property: User.UpdatedDate (DateTime?), 15] }
        SELECT TOP(1) u.Id, u.CreatedDate, u.Email, u.FailedLoginAttempts, u.FirstName, u.IdentityNumber, u.IsEmailVerified, u.LastName, u.LockoutEndTime, u.PasswordHash, u.PasswordSalt, u.PhoneNumber, u.RefreshToken, u.RefreshTokenExpiration, u.Status, u.UpdatedDate
        FROM Users AS u
        WHERE u.Email == @__email_0), 
    null, 
    Func<QueryContext, DbDataReader, ResultContext, SingleQueryResultCoordinator, User>, 
    AuthService.DataAccess.Concrete.EntityFramework.AuthDbContext, 
    False, 
    False, 
    True
)
    .SingleOrDefault()'
2025-12-16 18:50:39.245 +03:00 [DBG] Creating DbConnection.
2025-12-16 18:50:39.247 +03:00 [DBG] Created DbConnection. (1ms).
2025-12-16 18:50:39.248 +03:00 [DBG] Opening connection to database 'AuthServiceDb_Dev' on server 'tcp://localhost:5432'.
2025-12-16 18:50:39.249 +03:00 [DBG] Opened connection to database 'AuthServiceDb_Dev' on server 'tcp://localhost:5432'.
2025-12-16 18:50:39.251 +03:00 [DBG] Creating DbCommand for 'ExecuteReader'.
2025-12-16 18:50:39.252 +03:00 [DBG] Created DbCommand for 'ExecuteReader' (1ms).
2025-12-16 18:50:39.257 +03:00 [DBG] Initialized DbCommand for 'ExecuteReader' (6ms).
2025-12-16 18:50:39.261 +03:00 [DBG] Executing DbCommand [Parameters=[@__email_0='?'], CommandType='"Text"', CommandTimeout='30']
SELECT u."Id", u."CreatedDate", u."Email", u."FailedLoginAttempts", u."FirstName", u."IdentityNumber", u."IsEmailVerified", u."LastName", u."LockoutEndTime", u."PasswordHash", u."PasswordSalt", u."PhoneNumber", u."RefreshToken", u."RefreshTokenExpiration", u."Status", u."UpdatedDate"
FROM "Users" AS u
WHERE u."Email" = @__email_0
LIMIT 1
2025-12-16 18:50:39.274 +03:00 [INF] Executed DbCommand (15ms) [Parameters=[@__email_0='?'], CommandType='"Text"', CommandTimeout='30']
SELECT u."Id", u."CreatedDate", u."Email", u."FailedLoginAttempts", u."FirstName", u."IdentityNumber", u."IsEmailVerified", u."LastName", u."LockoutEndTime", u."PasswordHash", u."PasswordSalt", u."PhoneNumber", u."RefreshToken", u."RefreshTokenExpiration", u."Status", u."UpdatedDate"
FROM "Users" AS u
WHERE u."Email" = @__email_0
LIMIT 1
2025-12-16 18:50:39.277 +03:00 [DBG] Closing data reader to 'AuthServiceDb_Dev' on server 'tcp://localhost:5432'.
2025-12-16 18:50:39.278 +03:00 [DBG] A data reader for 'AuthServiceDb_Dev' on server 'tcp://localhost:5432' is being disposed after spending 2ms reading results.
2025-12-16 18:50:39.279 +03:00 [DBG] Closing connection to database 'AuthServiceDb_Dev' on server 'tcp://localhost:5432'.
2025-12-16 18:50:39.280 +03:00 [DBG] Closed connection to database 'AuthServiceDb_Dev' on server 'tcp://localhost:5432' (1ms).
2025-12-16 18:50:39.302 +03:00 [DBG] 'AuthDbContext' generated a temporary value for the property 'User.Id'. Consider using 'DbContextOptionsBuilder.EnableSensitiveDataLogging' to see key values.
2025-12-16 18:50:39.349 +03:00 [DBG] Context 'AuthDbContext' started tracking 'User' entity. Consider using 'DbContextOptionsBuilder.EnableSensitiveDataLogging' to see key values.
2025-12-16 18:50:39.352 +03:00 [DBG] SaveChanges starting for 'AuthDbContext'.
2025-12-16 18:50:39.354 +03:00 [DBG] DetectChanges starting for 'AuthDbContext'.
2025-12-16 18:50:39.370 +03:00 [DBG] DetectChanges completed for 'AuthDbContext'.
2025-12-16 18:50:39.411 +03:00 [DBG] Opening connection to database 'AuthServiceDb_Dev' on server 'tcp://localhost:5432'.
2025-12-16 18:50:39.413 +03:00 [DBG] Opened connection to database 'AuthServiceDb_Dev' on server 'tcp://localhost:5432'.
2025-12-16 18:50:39.415 +03:00 [DBG] Creating DbCommand for 'ExecuteReader'.
2025-12-16 18:50:39.415 +03:00 [DBG] Created DbCommand for 'ExecuteReader' (0ms).
2025-12-16 18:50:39.416 +03:00 [DBG] Initialized DbCommand for 'ExecuteReader' (1ms).
2025-12-16 18:50:39.417 +03:00 [DBG] Executing DbCommand [Parameters=[@p0='?' (DbType = DateTime), @p1='?', @p2='?' (DbType = Int32), @p3='?', @p4='?', @p5='?' (DbType = Boolean), @p6='?', @p7='?' (DbType = DateTime), @p8='?' (DbType = Binary), @p9='?' (DbType = Binary), @p10='?', @p11='?', @p12='?' (DbType = DateTime), @p13='?' (DbType = Boolean), @p14='?' (DbType = DateTime)], CommandType='"Text"', CommandTimeout='30']
INSERT INTO "Users" ("CreatedDate", "Email", "FailedLoginAttempts", "FirstName", "IdentityNumber", "IsEmailVerified", "LastName", "LockoutEndTime", "PasswordHash", "PasswordSalt", "PhoneNumber", "RefreshToken", "RefreshTokenExpiration", "Status", "UpdatedDate")
VALUES (@p0, @p1, @p2, @p3, @p4, @p5, @p6, @p7, @p8, @p9, @p10, @p11, @p12, @p13, @p14)
RETURNING "Id";
2025-12-16 18:50:39.427 +03:00 [INF] Executed DbCommand (9ms) [Parameters=[@p0='?' (DbType = DateTime), @p1='?', @p2='?' (DbType = Int32), @p3='?', @p4='?', @p5='?' (DbType = Boolean), @p6='?', @p7='?' (DbType = DateTime), @p8='?' (DbType = Binary), @p9='?' (DbType = Binary), @p10='?', @p11='?', @p12='?' (DbType = DateTime), @p13='?' (DbType = Boolean), @p14='?' (DbType = DateTime)], CommandType='"Text"', CommandTimeout='30']
INSERT INTO "Users" ("CreatedDate", "Email", "FailedLoginAttempts", "FirstName", "IdentityNumber", "IsEmailVerified", "LastName", "LockoutEndTime", "PasswordHash", "PasswordSalt", "PhoneNumber", "RefreshToken", "RefreshTokenExpiration", "Status", "UpdatedDate")
VALUES (@p0, @p1, @p2, @p3, @p4, @p5, @p6, @p7, @p8, @p9, @p10, @p11, @p12, @p13, @p14)
RETURNING "Id";
2025-12-16 18:50:39.436 +03:00 [DBG] The foreign key property 'User.Id' was detected as changed. Consider using 'DbContextOptionsBuilder.EnableSensitiveDataLogging' to see property values.
2025-12-16 18:50:39.440 +03:00 [DBG] Closing data reader to 'AuthServiceDb_Dev' on server 'tcp://localhost:5432'.
2025-12-16 18:50:39.441 +03:00 [DBG] A data reader for 'AuthServiceDb_Dev' on server 'tcp://localhost:5432' is being disposed after spending 12ms reading results.
2025-12-16 18:50:39.443 +03:00 [DBG] Closing connection to database 'AuthServiceDb_Dev' on server 'tcp://localhost:5432'.
2025-12-16 18:50:39.444 +03:00 [DBG] Closed connection to database 'AuthServiceDb_Dev' on server 'tcp://localhost:5432' (0ms).
2025-12-16 18:50:39.452 +03:00 [DBG] An entity of type 'User' tracked by 'AuthDbContext' changed state from '"Added"' to '"Unchanged"'. Consider using 'DbContextOptionsBuilder.EnableSensitiveDataLogging' to see key values.
2025-12-16 18:50:39.454 +03:00 [DBG] SaveChanges completed for 'AuthDbContext' with 1 entities written to the database.
2025-12-16 18:50:39.457 +03:00 [DBG] Compiling query expression: 
'DbSet<OperationClaim>()
    .FirstOrDefault(oc => oc.Name == __name_0)'
2025-12-16 18:50:39.461 +03:00 [DBG] Generated query execution expression: 
'queryContext => new SingleQueryingEnumerable<OperationClaim>(
    (RelationalQueryContext)queryContext, 
    RelationalCommandCache.QueryExpression(
        Projection Mapping:
            EmptyProjectionMember -> Dictionary<IProperty, int> { [Property: OperationClaim.Id (int) Required PK AfterSave:Throw ValueGenerated.OnAdd, 0], [Property: OperationClaim.CreatedDate (DateTime) Required, 1], [Property: OperationClaim.Description (string) MaxLength(200), 2], [Property: OperationClaim.Name (string) Required Index MaxLength(50), 3] }
        SELECT TOP(1) o.Id, o.CreatedDate, o.Description, o.Name
        FROM OperationClaims AS o
        WHERE o.Name == @__name_0), 
    null, 
    Func<QueryContext, DbDataReader, ResultContext, SingleQueryResultCoordinator, OperationClaim>, 
    AuthService.DataAccess.Concrete.EntityFramework.AuthDbContext, 
    False, 
    False, 
    True
)
    .SingleOrDefault()'
2025-12-16 18:50:39.464 +03:00 [DBG] Opening connection to database 'AuthServiceDb_Dev' on server 'tcp://localhost:5432'.
2025-12-16 18:50:39.465 +03:00 [DBG] Opened connection to database 'AuthServiceDb_Dev' on server 'tcp://localhost:5432'.
2025-12-16 18:50:39.466 +03:00 [DBG] Creating DbCommand for 'ExecuteReader'.
2025-12-16 18:50:39.467 +03:00 [DBG] Created DbCommand for 'ExecuteReader' (0ms).
2025-12-16 18:50:39.468 +03:00 [DBG] Initialized DbCommand for 'ExecuteReader' (1ms).
2025-12-16 18:50:39.469 +03:00 [DBG] Executing DbCommand [Parameters=[@__name_0='?'], CommandType='"Text"', CommandTimeout='30']
SELECT o."Id", o."CreatedDate", o."Description", o."Name"
FROM "OperationClaims" AS o
WHERE o."Name" = @__name_0
LIMIT 1
2025-12-16 18:50:39.473 +03:00 [INF] Executed DbCommand (4ms) [Parameters=[@__name_0='?'], CommandType='"Text"', CommandTimeout='30']
SELECT o."Id", o."CreatedDate", o."Description", o."Name"
FROM "OperationClaims" AS o
WHERE o."Name" = @__name_0
LIMIT 1
2025-12-16 18:50:39.483 +03:00 [DBG] Context 'AuthDbContext' started tracking 'OperationClaim' entity. Consider using 'DbContextOptionsBuilder.EnableSensitiveDataLogging' to see key values.
2025-12-16 18:50:39.488 +03:00 [DBG] Closing data reader to 'AuthServiceDb_Dev' on server 'tcp://localhost:5432'.
2025-12-16 18:50:39.490 +03:00 [DBG] A data reader for 'AuthServiceDb_Dev' on server 'tcp://localhost:5432' is being disposed after spending 14ms reading results.
2025-12-16 18:50:39.491 +03:00 [DBG] Closing connection to database 'AuthServiceDb_Dev' on server 'tcp://localhost:5432'.
2025-12-16 18:50:39.492 +03:00 [DBG] Closed connection to database 'AuthServiceDb_Dev' on server 'tcp://localhost:5432' (1ms).
2025-12-16 18:50:39.495 +03:00 [DBG] 'AuthDbContext' generated a temporary value for the property 'UserOperationClaim.Id'. Consider using 'DbContextOptionsBuilder.EnableSensitiveDataLogging' to see key values.
2025-12-16 18:50:39.504 +03:00 [DBG] The navigation 'UserOperationClaim.OperationClaim' was detected as changed. Consider using 'DbContextOptionsBuilder.EnableSensitiveDataLogging' to see key values.
2025-12-16 18:50:39.513 +03:00 [DBG] The navigation 'UserOperationClaim.User' was detected as changed. Consider using 'DbContextOptionsBuilder.EnableSensitiveDataLogging' to see key values.
2025-12-16 18:50:39.519 +03:00 [DBG] Context 'AuthDbContext' started tracking 'UserOperationClaim' entity. Consider using 'DbContextOptionsBuilder.EnableSensitiveDataLogging' to see key values.
2025-12-16 18:50:39.520 +03:00 [DBG] SaveChanges starting for 'AuthDbContext'.
2025-12-16 18:50:39.522 +03:00 [DBG] DetectChanges starting for 'AuthDbContext'.
2025-12-16 18:50:39.528 +03:00 [DBG] DetectChanges completed for 'AuthDbContext'.
2025-12-16 18:50:39.533 +03:00 [DBG] Opening connection to database 'AuthServiceDb_Dev' on server 'tcp://localhost:5432'.
2025-12-16 18:50:39.534 +03:00 [DBG] Opened connection to database 'AuthServiceDb_Dev' on server 'tcp://localhost:5432'.
2025-12-16 18:50:39.535 +03:00 [DBG] Creating DbCommand for 'ExecuteReader'.
2025-12-16 18:50:39.536 +03:00 [DBG] Created DbCommand for 'ExecuteReader' (0ms).
2025-12-16 18:50:39.537 +03:00 [DBG] Initialized DbCommand for 'ExecuteReader' (2ms).
2025-12-16 18:50:39.538 +03:00 [DBG] Executing DbCommand [Parameters=[@p0='?' (DbType = DateTime), @p1='?' (DbType = Int32), @p2='?' (DbType = Int32)], CommandType='"Text"', CommandTimeout='30']
INSERT INTO "UserOperationClaims" ("CreatedDate", "OperationClaimId", "UserId")
VALUES (@p0, @p1, @p2)
RETURNING "Id";
2025-12-16 18:50:39.541 +03:00 [INF] Executed DbCommand (3ms) [Parameters=[@p0='?' (DbType = DateTime), @p1='?' (DbType = Int32), @p2='?' (DbType = Int32)], CommandType='"Text"', CommandTimeout='30']
INSERT INTO "UserOperationClaims" ("CreatedDate", "OperationClaimId", "UserId")
VALUES (@p0, @p1, @p2)
RETURNING "Id";
2025-12-16 18:50:39.544 +03:00 [DBG] The foreign key property 'UserOperationClaim.Id' was detected as changed. Consider using 'DbContextOptionsBuilder.EnableSensitiveDataLogging' to see property values.
2025-12-16 18:50:39.546 +03:00 [DBG] Closing data reader to 'AuthServiceDb_Dev' on server 'tcp://localhost:5432'.
2025-12-16 18:50:39.547 +03:00 [DBG] A data reader for 'AuthServiceDb_Dev' on server 'tcp://localhost:5432' is being disposed after spending 3ms reading results.
2025-12-16 18:50:39.548 +03:00 [DBG] Closing connection to database 'AuthServiceDb_Dev' on server 'tcp://localhost:5432'.
2025-12-16 18:50:39.549 +03:00 [DBG] Closed connection to database 'AuthServiceDb_Dev' on server 'tcp://localhost:5432' (0ms).
2025-12-16 18:50:39.550 +03:00 [DBG] An entity of type 'UserOperationClaim' tracked by 'AuthDbContext' changed state from '"Added"' to '"Unchanged"'. Consider using 'DbContextOptionsBuilder.EnableSensitiveDataLogging' to see key values.
2025-12-16 18:50:39.552 +03:00 [DBG] SaveChanges completed for 'AuthDbContext' with 1 entities written to the database.
2025-12-16 18:50:39.558 +03:00 [DBG] Compiling query expression: 
'DbSet<OperationClaim>()
    .Join(
        inner: DbSet<UserOperationClaim>(), 
        outerKeySelector: operationClaim => operationClaim.Id, 
        innerKeySelector: userOperationClaim => userOperationClaim.OperationClaimId, 
        resultSelector: (operationClaim, userOperationClaim) => new { 
            operationClaim = operationClaim, 
            userOperationClaim = userOperationClaim
         })
    .Where(<>h__TransparentIdentifier0 => <>h__TransparentIdentifier0.userOperationClaim.UserId == __user_Id_0)
    .Select(<>h__TransparentIdentifier0 => new OperationClaim{ 
        Id = <>h__TransparentIdentifier0.operationClaim.Id, 
        Name = <>h__TransparentIdentifier0.operationClaim.Name, 
        Description = <>h__TransparentIdentifier0.operationClaim.Description 
    }
    )'
2025-12-16 18:50:39.593 +03:00 [DBG] Generated query execution expression: 
'queryContext => new SingleQueryingEnumerable<OperationClaim>(
    (RelationalQueryContext)queryContext, 
    RelationalCommandCache.QueryExpression(
        Projection Mapping:
            Id -> 0
            Name -> 1
            Description -> 2
        SELECT o.Id, o.Name, o.Description
        FROM OperationClaims AS o
        INNER JOIN UserOperationClaims AS u ON o.Id == u.OperationClaimId
        WHERE u.UserId == @__user_Id_0), 
    null, 
    Func<QueryContext, DbDataReader, ResultContext, SingleQueryResultCoordinator, OperationClaim>, 
    AuthService.DataAccess.Concrete.EntityFramework.AuthDbContext, 
    False, 
    False, 
    True
)'
2025-12-16 18:50:39.595 +03:00 [DBG] Opening connection to database 'AuthServiceDb_Dev' on server 'tcp://localhost:5432'.
2025-12-16 18:50:39.596 +03:00 [DBG] Opened connection to database 'AuthServiceDb_Dev' on server 'tcp://localhost:5432'.
2025-12-16 18:50:39.596 +03:00 [DBG] Creating DbCommand for 'ExecuteReader'.
2025-12-16 18:50:39.597 +03:00 [DBG] Created DbCommand for 'ExecuteReader' (0ms).
2025-12-16 18:50:39.598 +03:00 [DBG] Initialized DbCommand for 'ExecuteReader' (1ms).
2025-12-16 18:50:39.599 +03:00 [DBG] Executing DbCommand [Parameters=[@__user_Id_0='?' (DbType = Int32)], CommandType='"Text"', CommandTimeout='30']
SELECT o."Id", o."Name", o."Description"
FROM "OperationClaims" AS o
INNER JOIN "UserOperationClaims" AS u ON o."Id" = u."OperationClaimId"
WHERE u."UserId" = @__user_Id_0
2025-12-16 18:50:39.602 +03:00 [INF] Executed DbCommand (3ms) [Parameters=[@__user_Id_0='?' (DbType = Int32)], CommandType='"Text"', CommandTimeout='30']
SELECT o."Id", o."Name", o."Description"
FROM "OperationClaims" AS o
INNER JOIN "UserOperationClaims" AS u ON o."Id" = u."OperationClaimId"
WHERE u."UserId" = @__user_Id_0
2025-12-16 18:50:39.603 +03:00 [DBG] Closing data reader to 'AuthServiceDb_Dev' on server 'tcp://localhost:5432'.
2025-12-16 18:50:39.604 +03:00 [DBG] A data reader for 'AuthServiceDb_Dev' on server 'tcp://localhost:5432' is being disposed after spending 1ms reading results.
2025-12-16 18:50:39.605 +03:00 [DBG] Closing connection to database 'AuthServiceDb_Dev' on server 'tcp://localhost:5432'.
2025-12-16 18:50:39.606 +03:00 [DBG] Closed connection to database 'AuthServiceDb_Dev' on server 'tcp://localhost:5432' (0ms).
2025-12-16 18:50:39.629 +03:00 [DBG] The unchanged property 'User.RefreshToken' was detected as changed and will be marked as modified. Consider using 'DbContextOptionsBuilder.EnableSensitiveDataLogging' to see property values.
2025-12-16 18:50:39.630 +03:00 [DBG] An entity of type 'User' tracked by 'AuthDbContext' changed state from '"Unchanged"' to '"Modified"'. Consider using 'DbContextOptionsBuilder.EnableSensitiveDataLogging' to see key values.
2025-12-16 18:50:39.632 +03:00 [DBG] The unchanged property 'User.RefreshTokenExpiration' was detected as changed and will be marked as modified. Consider using 'DbContextOptionsBuilder.EnableSensitiveDataLogging' to see property values.
2025-12-16 18:50:39.634 +03:00 [DBG] SaveChanges starting for 'AuthDbContext'.
2025-12-16 18:50:39.635 +03:00 [DBG] DetectChanges starting for 'AuthDbContext'.
2025-12-16 18:50:39.636 +03:00 [DBG] DetectChanges completed for 'AuthDbContext'.
2025-12-16 18:50:39.645 +03:00 [DBG] Opening connection to database 'AuthServiceDb_Dev' on server 'tcp://localhost:5432'.
2025-12-16 18:50:39.646 +03:00 [DBG] Opened connection to database 'AuthServiceDb_Dev' on server 'tcp://localhost:5432'.
2025-12-16 18:50:39.647 +03:00 [DBG] Creating DbCommand for 'ExecuteReader'.
2025-12-16 18:50:39.648 +03:00 [DBG] Created DbCommand for 'ExecuteReader' (1ms).
2025-12-16 18:50:39.649 +03:00 [DBG] Initialized DbCommand for 'ExecuteReader' (2ms).
2025-12-16 18:50:39.650 +03:00 [DBG] Executing DbCommand [Parameters=[@p15='?' (DbType = Int32), @p0='?' (DbType = DateTime), @p1='?', @p2='?' (DbType = Int32), @p3='?', @p4='?', @p5='?' (DbType = Boolean), @p6='?', @p7='?' (DbType = DateTime), @p8='?' (DbType = Binary), @p9='?' (DbType = Binary), @p10='?', @p11='?', @p12='?' (DbType = DateTime), @p13='?' (DbType = Boolean), @p14='?' (DbType = DateTime)], CommandType='"Text"', CommandTimeout='30']
UPDATE "Users" SET "CreatedDate" = @p0, "Email" = @p1, "FailedLoginAttempts" = @p2, "FirstName" = @p3, "IdentityNumber" = @p4, "IsEmailVerified" = @p5, "LastName" = @p6, "LockoutEndTime" = @p7, "PasswordHash" = @p8, "PasswordSalt" = @p9, "PhoneNumber" = @p10, "RefreshToken" = @p11, "RefreshTokenExpiration" = @p12, "Status" = @p13, "UpdatedDate" = @p14
WHERE "Id" = @p15;
2025-12-16 18:50:39.653 +03:00 [INF] Executed DbCommand (3ms) [Parameters=[@p15='?' (DbType = Int32), @p0='?' (DbType = DateTime), @p1='?', @p2='?' (DbType = Int32), @p3='?', @p4='?', @p5='?' (DbType = Boolean), @p6='?', @p7='?' (DbType = DateTime), @p8='?' (DbType = Binary), @p9='?' (DbType = Binary), @p10='?', @p11='?', @p12='?' (DbType = DateTime), @p13='?' (DbType = Boolean), @p14='?' (DbType = DateTime)], CommandType='"Text"', CommandTimeout='30']
UPDATE "Users" SET "CreatedDate" = @p0, "Email" = @p1, "FailedLoginAttempts" = @p2, "FirstName" = @p3, "IdentityNumber" = @p4, "IsEmailVerified" = @p5, "LastName" = @p6, "LockoutEndTime" = @p7, "PasswordHash" = @p8, "PasswordSalt" = @p9, "PhoneNumber" = @p10, "RefreshToken" = @p11, "RefreshTokenExpiration" = @p12, "Status" = @p13, "UpdatedDate" = @p14
WHERE "Id" = @p15;
2025-12-16 18:50:39.655 +03:00 [DBG] Closing data reader to 'AuthServiceDb_Dev' on server 'tcp://localhost:5432'.
2025-12-16 18:50:39.656 +03:00 [DBG] A data reader for 'AuthServiceDb_Dev' on server 'tcp://localhost:5432' is being disposed after spending 1ms reading results.
2025-12-16 18:50:39.657 +03:00 [DBG] Closing connection to database 'AuthServiceDb_Dev' on server 'tcp://localhost:5432'.
2025-12-16 18:50:39.658 +03:00 [DBG] Closed connection to database 'AuthServiceDb_Dev' on server 'tcp://localhost:5432' (0ms).
2025-12-16 18:50:39.660 +03:00 [DBG] An entity of type 'User' tracked by 'AuthDbContext' changed state from '"Modified"' to '"Unchanged"'. Consider using 'DbContextOptionsBuilder.EnableSensitiveDataLogging' to see key values.
2025-12-16 18:50:39.661 +03:00 [DBG] SaveChanges completed for 'AuthDbContext' with 1 entities written to the database.
2025-12-16 18:50:43.331 +03:00 [INF] Start processing HTTP request POST https://localhost:7296/api/patients
2025-12-16 18:50:43.334 +03:00 [INF] Sending HTTP request POST https://localhost:7296/api/patients
2025-12-16 18:50:43.357 +03:00 [DBG] List of registered output formatters, in the following order: ["Microsoft.AspNetCore.Mvc.Formatters.HttpNoContentOutputFormatter","Microsoft.AspNetCore.Mvc.Formatters.StringOutputFormatter","Microsoft.AspNetCore.Mvc.Formatters.StreamOutputFormatter","Microsoft.AspNetCore.Mvc.Formatters.SystemTextJsonOutputFormatter"]
2025-12-16 18:50:43.361 +03:00 [DBG] Attempting to select an output formatter based on Accept header '["application/json"]' and explicitly specified content types '["application/json"]'. The content types in the accept header must be a subset of the explicitly set content types.
2025-12-16 18:50:43.364 +03:00 [DBG] Selected output formatter 'Microsoft.AspNetCore.Mvc.Formatters.SystemTextJsonOutputFormatter' and content type 'application/json' to write the response.
2025-12-16 18:50:43.366 +03:00 [INF] Executing OkObjectResult, writing value of type 'Core.Extensions.ApiResponse`1[[AuthService.Entities.DTOs.TokenDto, AuthService.Entities, Version=1.0.0.0, Culture=neutral, PublicKeyToken=null]]'.
2025-12-16 18:50:43.378 +03:00 [INF] Executed action AuthService.API.Controllers.AuthController.Register (AuthService.API) in 6382.4043ms
2025-12-16 18:50:43.379 +03:00 [INF] Executed endpoint 'AuthService.API.Controllers.AuthController.Register (AuthService.API)'
2025-12-16 18:50:43.383 +03:00 [INF] [User: Anonymous] [IP: ::1] POST /api/Auth/register -> 200
2025-12-16 18:50:43.385 +03:00 [DBG] 'AuthDbContext' disposed.
2025-12-16 18:50:43.389 +03:00 [DBG] Disposing connection to database 'AuthServiceDb_Dev' on server 'tcp://localhost:5432'.
2025-12-16 18:50:43.391 +03:00 [DBG] Disposed connection to database 'AuthServiceDb_Dev' on server 'tcp://localhost:5432' (2ms).
2025-12-16 18:50:43.393 +03:00 [INF] Request finished HTTP/2 POST https://localhost:7001/api/Auth/register - 200 null application/json; charset=utf-8 6519.8118ms
2025-12-16 18:50:43.514 +03:00 [INF] Received HTTP response headers after 177.6165ms - 400
2025-12-16 18:50:43.516 +03:00 [INF] End processing HTTP request after 186.2187ms - 400
2025-12-16 18:51:53.468 +03:00 [DBG] Registered model binder providers, in the following order: ["Microsoft.AspNetCore.Mvc.ModelBinding.Binders.BinderTypeModelBinderProvider","Microsoft.AspNetCore.Mvc.ModelBinding.Binders.ServicesModelBinderProvider","Microsoft.AspNetCore.Mvc.ModelBinding.Binders.BodyModelBinderProvider","Microsoft.AspNetCore.Mvc.ModelBinding.Binders.HeaderModelBinderProvider","Microsoft.AspNetCore.Mvc.ModelBinding.Binders.FloatingPointTypeModelBinderProvider","Microsoft.AspNetCore.Mvc.ModelBinding.Binders.EnumTypeModelBinderProvider","Microsoft.AspNetCore.Mvc.ModelBinding.Binders.DateTimeModelBinderProvider","Microsoft.AspNetCore.Mvc.ModelBinding.Binders.SimpleTypeModelBinderProvider","Microsoft.AspNetCore.Mvc.ModelBinding.Binders.TryParseModelBinderProvider","Microsoft.AspNetCore.Mvc.ModelBinding.Binders.CancellationTokenModelBinderProvider","Microsoft.AspNetCore.Mvc.ModelBinding.Binders.ByteArrayModelBinderProvider","Microsoft.AspNetCore.Mvc.ModelBinding.Binders.FormFileModelBinderProvider","Microsoft.AspNetCore.Mvc.ModelBinding.Binders.FormCollectionModelBinderProvider","Microsoft.AspNetCore.Mvc.ModelBinding.Binders.KeyValuePairModelBinderProvider","Microsoft.AspNetCore.Mvc.ModelBinding.Binders.DictionaryModelBinderProvider","Microsoft.AspNetCore.Mvc.ModelBinding.Binders.ArrayModelBinderProvider","Microsoft.AspNetCore.Mvc.ModelBinding.Binders.CollectionModelBinderProvider","Microsoft.AspNetCore.Mvc.ModelBinding.Binders.ComplexObjectModelBinderProvider"]
2025-12-16 18:51:53.649 +03:00 [DBG] An 'IServiceProvider' was created for internal use by Entity Framework.
2025-12-16 18:51:53.967 +03:00 [DBG] The index {'UserId'} was not created on entity type 'UserOperationClaim' as the properties are already covered by the index {'UserId', 'OperationClaimId'}.
2025-12-16 18:51:54.246 +03:00 [DBG] Entity Framework Core 8.0.17 initialized 'AuthDbContext' using provider 'Npgsql.EntityFrameworkCore.PostgreSQL:8.0.10+18d07c54eacaffa5bf8128d47eecdb5255d86376' with options: None
2025-12-16 18:51:54.259 +03:00 [DBG] Creating DbConnection.
2025-12-16 18:51:54.299 +03:00 [DBG] Created DbConnection. (38ms).
2025-12-16 18:51:54.307 +03:00 [DBG] Opening connection to database 'AuthServiceDb_Dev' on server 'tcp://localhost:5432'.
2025-12-16 18:51:54.417 +03:00 [DBG] Opened connection to database 'AuthServiceDb_Dev' on server 'tcp://localhost:5432'.
2025-12-16 18:51:54.420 +03:00 [DBG] Closing connection to database 'AuthServiceDb_Dev' on server 'tcp://localhost:5432'.
2025-12-16 18:51:54.427 +03:00 [DBG] Closed connection to database 'AuthServiceDb_Dev' on server 'tcp://localhost:5432' (4ms).
2025-12-16 18:51:54.433 +03:00 [DBG] Creating DbCommand for 'ExecuteScalar'.
2025-12-16 18:51:54.439 +03:00 [DBG] Created DbCommand for 'ExecuteScalar' (4ms).
2025-12-16 18:51:54.441 +03:00 [DBG] Initialized DbCommand for 'ExecuteScalar' (9ms).
2025-12-16 18:51:54.443 +03:00 [DBG] Opening connection to database 'AuthServiceDb_Dev' on server 'tcp://localhost:5432'.
2025-12-16 18:51:54.608 +03:00 [DBG] Opened connection to database 'AuthServiceDb_Dev' on server 'tcp://localhost:5432'.
2025-12-16 18:51:54.616 +03:00 [DBG] Executing DbCommand [Parameters=[], CommandType='"Text"', CommandTimeout='30']
SELECT EXISTS (
    SELECT 1 FROM pg_catalog.pg_class c
    JOIN pg_catalog.pg_namespace n ON n.oid=c.relnamespace
    WHERE n.nspname='public' AND
          c.relname='__EFMigrationsHistory'
)
2025-12-16 18:51:54.671 +03:00 [INF] Executed DbCommand (54ms) [Parameters=[], CommandType='"Text"', CommandTimeout='30']
SELECT EXISTS (
    SELECT 1 FROM pg_catalog.pg_class c
    JOIN pg_catalog.pg_namespace n ON n.oid=c.relnamespace
    WHERE n.nspname='public' AND
          c.relname='__EFMigrationsHistory'
)
2025-12-16 18:51:54.673 +03:00 [DBG] Closing connection to database 'AuthServiceDb_Dev' on server 'tcp://localhost:5432'.
2025-12-16 18:51:54.675 +03:00 [DBG] Closed connection to database 'AuthServiceDb_Dev' on server 'tcp://localhost:5432' (2ms).
2025-12-16 18:51:54.684 +03:00 [DBG] Opening connection to database 'AuthServiceDb_Dev' on server 'tcp://localhost:5432'.
2025-12-16 18:51:54.685 +03:00 [DBG] Opened connection to database 'AuthServiceDb_Dev' on server 'tcp://localhost:5432'.
2025-12-16 18:51:54.686 +03:00 [DBG] Creating DbCommand for 'ExecuteReader'.
2025-12-16 18:51:54.687 +03:00 [DBG] Created DbCommand for 'ExecuteReader' (0ms).
2025-12-16 18:51:54.688 +03:00 [DBG] Initialized DbCommand for 'ExecuteReader' (1ms).
2025-12-16 18:51:54.689 +03:00 [DBG] Executing DbCommand [Parameters=[], CommandType='"Text"', CommandTimeout='30']
SELECT "MigrationId", "ProductVersion"
FROM "__EFMigrationsHistory"
ORDER BY "MigrationId";
2025-12-16 18:51:54.693 +03:00 [INF] Executed DbCommand (4ms) [Parameters=[], CommandType='"Text"', CommandTimeout='30']
SELECT "MigrationId", "ProductVersion"
FROM "__EFMigrationsHistory"
ORDER BY "MigrationId";
2025-12-16 18:51:54.699 +03:00 [DBG] Closing data reader to 'AuthServiceDb_Dev' on server 'tcp://localhost:5432'.
2025-12-16 18:51:54.701 +03:00 [DBG] A data reader for 'AuthServiceDb_Dev' on server 'tcp://localhost:5432' is being disposed after spending 5ms reading results.
2025-12-16 18:51:54.702 +03:00 [DBG] Closing connection to database 'AuthServiceDb_Dev' on server 'tcp://localhost:5432'.
2025-12-16 18:51:54.703 +03:00 [DBG] Closed connection to database 'AuthServiceDb_Dev' on server 'tcp://localhost:5432' (0ms).
2025-12-16 18:51:54.705 +03:00 [DBG] Migrating using database 'AuthServiceDb_Dev' on server 'tcp://localhost:5432'.
2025-12-16 18:51:54.706 +03:00 [DBG] Opening connection to database 'AuthServiceDb_Dev' on server 'tcp://localhost:5432'.
2025-12-16 18:51:54.747 +03:00 [DBG] Opened connection to database 'AuthServiceDb_Dev' on server 'tcp://localhost:5432'.
2025-12-16 18:51:54.748 +03:00 [DBG] Closing connection to database 'AuthServiceDb_Dev' on server 'tcp://localhost:5432'.
2025-12-16 18:51:54.749 +03:00 [DBG] Closed connection to database 'AuthServiceDb_Dev' on server 'tcp://localhost:5432' (1ms).
2025-12-16 18:51:54.750 +03:00 [DBG] Creating DbCommand for 'ExecuteScalar'.
2025-12-16 18:51:54.751 +03:00 [DBG] Created DbCommand for 'ExecuteScalar' (0ms).
2025-12-16 18:51:54.752 +03:00 [DBG] Initialized DbCommand for 'ExecuteScalar' (2ms).
2025-12-16 18:51:54.754 +03:00 [DBG] Opening connection to database 'AuthServiceDb_Dev' on server 'tcp://localhost:5432'.
2025-12-16 18:51:54.754 +03:00 [DBG] Opened connection to database 'AuthServiceDb_Dev' on server 'tcp://localhost:5432'.
2025-12-16 18:51:54.755 +03:00 [DBG] Executing DbCommand [Parameters=[], CommandType='"Text"', CommandTimeout='30']
SELECT EXISTS (
    SELECT 1 FROM pg_catalog.pg_class c
    JOIN pg_catalog.pg_namespace n ON n.oid=c.relnamespace
    WHERE n.nspname='public' AND
          c.relname='__EFMigrationsHistory'
)
2025-12-16 18:51:54.757 +03:00 [INF] Executed DbCommand (2ms) [Parameters=[], CommandType='"Text"', CommandTimeout='30']
SELECT EXISTS (
    SELECT 1 FROM pg_catalog.pg_class c
    JOIN pg_catalog.pg_namespace n ON n.oid=c.relnamespace
    WHERE n.nspname='public' AND
          c.relname='__EFMigrationsHistory'
)
2025-12-16 18:51:54.759 +03:00 [DBG] Closing connection to database 'AuthServiceDb_Dev' on server 'tcp://localhost:5432'.
2025-12-16 18:51:54.760 +03:00 [DBG] Closed connection to database 'AuthServiceDb_Dev' on server 'tcp://localhost:5432' (1ms).
2025-12-16 18:51:54.761 +03:00 [DBG] Opening connection to database 'AuthServiceDb_Dev' on server 'tcp://localhost:5432'.
2025-12-16 18:51:54.800 +03:00 [DBG] Opened connection to database 'AuthServiceDb_Dev' on server 'tcp://localhost:5432'.
2025-12-16 18:51:54.802 +03:00 [DBG] Closing connection to database 'AuthServiceDb_Dev' on server 'tcp://localhost:5432'.
2025-12-16 18:51:54.803 +03:00 [DBG] Closed connection to database 'AuthServiceDb_Dev' on server 'tcp://localhost:5432' (1ms).
2025-12-16 18:51:54.804 +03:00 [DBG] Creating DbCommand for 'ExecuteScalar'.
2025-12-16 18:51:54.805 +03:00 [DBG] Created DbCommand for 'ExecuteScalar' (0ms).
2025-12-16 18:51:54.806 +03:00 [DBG] Initialized DbCommand for 'ExecuteScalar' (1ms).
2025-12-16 18:51:54.806 +03:00 [DBG] Opening connection to database 'AuthServiceDb_Dev' on server 'tcp://localhost:5432'.
2025-12-16 18:51:54.807 +03:00 [DBG] Opened connection to database 'AuthServiceDb_Dev' on server 'tcp://localhost:5432'.
2025-12-16 18:51:54.808 +03:00 [DBG] Executing DbCommand [Parameters=[], CommandType='"Text"', CommandTimeout='30']
SELECT EXISTS (
    SELECT 1 FROM pg_catalog.pg_class c
    JOIN pg_catalog.pg_namespace n ON n.oid=c.relnamespace
    WHERE n.nspname='public' AND
          c.relname='__EFMigrationsHistory'
)
2025-12-16 18:51:54.810 +03:00 [INF] Executed DbCommand (2ms) [Parameters=[], CommandType='"Text"', CommandTimeout='30']
SELECT EXISTS (
    SELECT 1 FROM pg_catalog.pg_class c
    JOIN pg_catalog.pg_namespace n ON n.oid=c.relnamespace
    WHERE n.nspname='public' AND
          c.relname='__EFMigrationsHistory'
)
2025-12-16 18:51:54.811 +03:00 [DBG] Closing connection to database 'AuthServiceDb_Dev' on server 'tcp://localhost:5432'.
2025-12-16 18:51:54.812 +03:00 [DBG] Closed connection to database 'AuthServiceDb_Dev' on server 'tcp://localhost:5432' (0ms).
2025-12-16 18:51:54.813 +03:00 [DBG] Opening connection to database 'AuthServiceDb_Dev' on server 'tcp://localhost:5432'.
2025-12-16 18:51:54.814 +03:00 [DBG] Opened connection to database 'AuthServiceDb_Dev' on server 'tcp://localhost:5432'.
2025-12-16 18:51:54.815 +03:00 [DBG] Creating DbCommand for 'ExecuteReader'.
2025-12-16 18:51:54.816 +03:00 [DBG] Created DbCommand for 'ExecuteReader' (0ms).
2025-12-16 18:51:54.817 +03:00 [DBG] Initialized DbCommand for 'ExecuteReader' (2ms).
2025-12-16 18:51:54.818 +03:00 [DBG] Executing DbCommand [Parameters=[], CommandType='"Text"', CommandTimeout='30']
SELECT "MigrationId", "ProductVersion"
FROM "__EFMigrationsHistory"
ORDER BY "MigrationId";
2025-12-16 18:51:54.820 +03:00 [INF] Executed DbCommand (2ms) [Parameters=[], CommandType='"Text"', CommandTimeout='30']
SELECT "MigrationId", "ProductVersion"
FROM "__EFMigrationsHistory"
ORDER BY "MigrationId";
2025-12-16 18:51:54.821 +03:00 [DBG] Closing data reader to 'AuthServiceDb_Dev' on server 'tcp://localhost:5432'.
2025-12-16 18:51:54.822 +03:00 [DBG] A data reader for 'AuthServiceDb_Dev' on server 'tcp://localhost:5432' is being disposed after spending 1ms reading results.
2025-12-16 18:51:54.824 +03:00 [DBG] Closing connection to database 'AuthServiceDb_Dev' on server 'tcp://localhost:5432'.
2025-12-16 18:51:54.824 +03:00 [DBG] Closed connection to database 'AuthServiceDb_Dev' on server 'tcp://localhost:5432' (0ms).
2025-12-16 18:51:54.833 +03:00 [INF] No migrations were applied. The database is already up to date.
2025-12-16 18:51:54.835 +03:00 [INF] Database migrations applied successfully.
2025-12-16 18:51:54.837 +03:00 [DBG] 'AuthDbContext' disposed.
2025-12-16 18:51:54.839 +03:00 [DBG] Disposing connection to database 'AuthServiceDb_Dev' on server 'tcp://localhost:5432'.
2025-12-16 18:51:54.840 +03:00 [DBG] Disposed connection to database 'AuthServiceDb_Dev' on server 'tcp://localhost:5432' (1ms).
2025-12-16 18:51:54.843 +03:00 [DBG] Hosting starting
2025-12-16 18:51:54.865 +03:00 [INF] User profile is available. Using 'C:\Users\atura\AppData\Local\ASP.NET\DataProtection-Keys' as key repository and Windows DPAPI to encrypt keys at rest.
2025-12-16 18:51:54.882 +03:00 [DBG] Reading data from file 'C:\Users\atura\AppData\Local\ASP.NET\DataProtection-Keys\key-2b41731a-ff2b-4c58-8083-9dd2e8e06c02.xml'.
2025-12-16 18:51:54.887 +03:00 [DBG] Reading data from file 'C:\Users\atura\AppData\Local\ASP.NET\DataProtection-Keys\key-b1bfbf17-5e54-4bcd-856c-81e8ff116985.xml'.
2025-12-16 18:51:54.888 +03:00 [DBG] Reading data from file 'C:\Users\atura\AppData\Local\ASP.NET\DataProtection-Keys\key-d4db8ae3-c3b6-4a1e-a8e6-5ce936ab3dc1.xml'.
2025-12-16 18:51:54.889 +03:00 [DBG] Reading data from file 'C:\Users\atura\AppData\Local\ASP.NET\DataProtection-Keys\key-d528c6a9-5739-4b20-b71f-eef16136c0e0.xml'.
2025-12-16 18:51:54.890 +03:00 [DBG] Reading data from file 'C:\Users\atura\AppData\Local\ASP.NET\DataProtection-Keys\key-f197c843-1f03-4bc8-9e1b-7ef1bcdd878d.xml'.
2025-12-16 18:51:54.893 +03:00 [DBG] Found key {2b41731a-ff2b-4c58-8083-9dd2e8e06c02}.
2025-12-16 18:51:54.896 +03:00 [DBG] Found key {b1bfbf17-5e54-4bcd-856c-81e8ff116985}.
2025-12-16 18:51:54.897 +03:00 [DBG] Found key {d4db8ae3-c3b6-4a1e-a8e6-5ce936ab3dc1}.
2025-12-16 18:51:54.898 +03:00 [DBG] Found key {d528c6a9-5739-4b20-b71f-eef16136c0e0}.
2025-12-16 18:51:54.899 +03:00 [DBG] Found key {f197c843-1f03-4bc8-9e1b-7ef1bcdd878d}.
2025-12-16 18:51:54.903 +03:00 [DBG] Considering key {d528c6a9-5739-4b20-b71f-eef16136c0e0} with expiration date 2026-01-16 09:53:55Z as default key.
2025-12-16 18:51:54.906 +03:00 [DBG] Forwarded activator type request from Microsoft.AspNetCore.DataProtection.XmlEncryption.DpapiXmlDecryptor, Microsoft.AspNetCore.DataProtection, Version=8.0.0.0, Culture=neutral, PublicKeyToken=adb9793829ddae60 to Microsoft.AspNetCore.DataProtection.XmlEncryption.DpapiXmlDecryptor, Microsoft.AspNetCore.DataProtection, Culture=neutral, PublicKeyToken=adb9793829ddae60
2025-12-16 18:51:54.907 +03:00 [DBG] Decrypting secret element using Windows DPAPI.
2025-12-16 18:51:54.909 +03:00 [DBG] Forwarded activator type request from Microsoft.AspNetCore.DataProtection.AuthenticatedEncryption.ConfigurationModel.AuthenticatedEncryptorDescriptorDeserializer, Microsoft.AspNetCore.DataProtection, Version=8.0.0.0, Culture=neutral, PublicKeyToken=adb9793829ddae60 to Microsoft.AspNetCore.DataProtection.AuthenticatedEncryption.ConfigurationModel.AuthenticatedEncryptorDescriptorDeserializer, Microsoft.AspNetCore.DataProtection, Culture=neutral, PublicKeyToken=adb9793829ddae60
2025-12-16 18:51:54.911 +03:00 [DBG] Opening CNG algorithm 'AES' from provider 'null' with chaining mode CBC.
2025-12-16 18:51:54.914 +03:00 [DBG] Opening CNG algorithm 'SHA256' from provider 'null' with HMAC.
2025-12-16 18:51:54.916 +03:00 [DBG] Using key {d528c6a9-5739-4b20-b71f-eef16136c0e0} as the default key.
2025-12-16 18:51:54.917 +03:00 [DBG] Key ring with default key {d528c6a9-5739-4b20-b71f-eef16136c0e0} was loaded during application startup.
2025-12-16 18:51:55.052 +03:00 [INF] Now listening on: https://localhost:7001
2025-12-16 18:51:55.053 +03:00 [INF] Now listening on: http://localhost:5001
2025-12-16 18:51:55.053 +03:00 [DBG] Loaded hosting startup assembly AuthService.API
2025-12-16 18:51:55.054 +03:00 [DBG] Loaded hosting startup assembly Microsoft.WebTools.ApiEndpointDiscovery
2025-12-16 18:51:55.055 +03:00 [DBG] Loaded hosting startup assembly Microsoft.AspNetCore.Watch.BrowserRefresh
2025-12-16 18:51:55.055 +03:00 [DBG] Loaded hosting startup assembly Microsoft.WebTools.BrowserLink.Net
2025-12-16 18:51:55.106 +03:00 [DBG] Connection id "0HNHSNC4PR35P" accepted.
2025-12-16 18:51:55.106 +03:00 [DBG] Connection id "0HNHSNC4PR35Q" accepted.
2025-12-16 18:51:55.107 +03:00 [DBG] Connection id "0HNHSNC4PR35P" started.
2025-12-16 18:51:55.108 +03:00 [DBG] Connection id "0HNHSNC4PR35Q" started.
2025-12-16 18:51:55.128 +03:00 [DBG] Connection id "0HNHSNC4PR35Q" received FIN.
2025-12-16 18:51:55.128 +03:00 [DBG] Connection id "0HNHSNC4PR35P" received FIN.
2025-12-16 18:51:55.140 +03:00 [INF] Application started. Press Ctrl+C to shut down.
2025-12-16 18:51:55.141 +03:00 [INF] Hosting environment: Development
2025-12-16 18:51:55.142 +03:00 [INF] Content root path: C:\Users\atura\OneDrive\Masaüstü\Yarışma\appointment-reservation\backend\Services\AuthService\AuthService.API
2025-12-16 18:51:55.143 +03:00 [DBG] Hosting started
2025-12-16 18:51:55.143 +03:00 [DBG] Failed to authenticate HTTPS connection.
System.IO.IOException: Received an unexpected EOF or 0 bytes from the transport stream.
   at System.Net.Security.SslStream.ReceiveHandshakeFrameAsync[TIOAdapter](CancellationToken cancellationToken)
   at System.Net.Security.SslStream.ForceAuthenticationAsync[TIOAdapter](Boolean receiveFirst, Byte[] reAuthenticationData, CancellationToken cancellationToken)
   at System.Net.Security.SslStream.ProcessAuthenticationWithTelemetryAsync(Boolean isAsync, CancellationToken cancellationToken)
   at Microsoft.AspNetCore.Server.Kestrel.Https.Internal.HttpsConnectionMiddleware.OnConnectionAsync(ConnectionContext context)
2025-12-16 18:51:55.143 +03:00 [DBG] Failed to authenticate HTTPS connection.
System.IO.IOException: Received an unexpected EOF or 0 bytes from the transport stream.
   at System.Net.Security.SslStream.ReceiveHandshakeFrameAsync[TIOAdapter](CancellationToken cancellationToken)
   at System.Net.Security.SslStream.ForceAuthenticationAsync[TIOAdapter](Boolean receiveFirst, Byte[] reAuthenticationData, CancellationToken cancellationToken)
   at System.Net.Security.SslStream.ProcessAuthenticationWithTelemetryAsync(Boolean isAsync, CancellationToken cancellationToken)
   at Microsoft.AspNetCore.Server.Kestrel.Https.Internal.HttpsConnectionMiddleware.OnConnectionAsync(ConnectionContext context)
2025-12-16 18:51:55.168 +03:00 [DBG] Connection id "0HNHSNC4PR35P" stopped.
2025-12-16 18:51:55.168 +03:00 [DBG] Connection id "0HNHSNC4PR35Q" stopped.
2025-12-16 18:51:55.171 +03:00 [DBG] Connection id "0HNHSNC4PR35P" sending FIN because: "The Socket transport's send loop completed gracefully."
2025-12-16 18:51:55.171 +03:00 [DBG] Connection id "0HNHSNC4PR35Q" sending FIN because: "The Socket transport's send loop completed gracefully."
2025-12-16 18:51:58.448 +03:00 [DBG] Connection id "0HNHSNC4PR35R" accepted.
2025-12-16 18:51:58.450 +03:00 [DBG] Connection id "0HNHSNC4PR35R" started.
2025-12-16 18:51:58.482 +03:00 [DBG] Connection 0HNHSNC4PR35R established using the following protocol: "Tls13"
2025-12-16 18:51:58.530 +03:00 [INF] Request starting HTTP/2 GET https://localhost:7001/swagger/index.html - null null
2025-12-16 18:51:58.602 +03:00 [DBG] Wildcard detected, all requests with hosts will be allowed.
2025-12-16 18:51:58.618 +03:00 [DBG] No candidates found for the request path '/swagger/index.html'
2025-12-16 18:51:58.619 +03:00 [DBG] Request did not match any endpoints
2025-12-16 18:51:58.670 +03:00 [DBG] Response markup is scheduled to include Browser Link script injection.
2025-12-16 18:51:58.672 +03:00 [DBG] Response markup is scheduled to include browser refresh script injection.
2025-12-16 18:51:58.677 +03:00 [DBG] Response markup was updated to include Browser Link script injection.
2025-12-16 18:51:58.678 +03:00 [DBG] Response markup was updated to include browser refresh script injection.
2025-12-16 18:51:58.684 +03:00 [INF] Request finished HTTP/2 GET https://localhost:7001/swagger/index.html - 200 null text/html;charset=utf-8 160.8214ms
2025-12-16 18:51:58.694 +03:00 [INF] Request starting HTTP/2 GET https://localhost:7001/swagger/index.js - null null
2025-12-16 18:51:58.694 +03:00 [INF] Request starting HTTP/2 GET https://localhost:7001/_framework/aspnetcore-browser-refresh.js - null null
2025-12-16 18:51:58.696 +03:00 [DBG] No candidates found for the request path '/swagger/index.js'
2025-12-16 18:51:58.700 +03:00 [DBG] Request did not match any endpoints
2025-12-16 18:51:58.702 +03:00 [INF] Request finished HTTP/2 GET https://localhost:7001/swagger/index.js - 200 null application/javascript;charset=utf-8 8.1337ms
2025-12-16 18:51:58.705 +03:00 [INF] Request starting HTTP/2 GET https://localhost:7001/_vs/browserLink - null null
2025-12-16 18:51:58.709 +03:00 [INF] Request finished HTTP/2 GET https://localhost:7001/_framework/aspnetcore-browser-refresh.js - 200 13782 application/javascript; charset=utf-8 14.6492ms
2025-12-16 18:51:58.742 +03:00 [INF] Request finished HTTP/2 GET https://localhost:7001/_vs/browserLink - 200 null text/javascript; charset=UTF-8 37.6588ms
2025-12-16 18:51:58.831 +03:00 [INF] Request starting HTTP/2 GET https://localhost:7001/swagger/v1/swagger.json - null null
2025-12-16 18:51:58.832 +03:00 [DBG] No candidates found for the request path '/swagger/v1/swagger.json'
2025-12-16 18:51:58.833 +03:00 [DBG] Request did not match any endpoints
2025-12-16 18:51:58.859 +03:00 [INF] Request finished HTTP/2 GET https://localhost:7001/swagger/v1/swagger.json - 200 null application/json;charset=utf-8 29.15ms
2025-12-16 18:52:10.553 +03:00 [INF] Request starting HTTP/2 POST https://localhost:7001/api/Auth/register - application/json 178
2025-12-16 18:52:10.560 +03:00 [DBG] 1 candidate(s) found for the request path '/api/Auth/register'
2025-12-16 18:52:10.562 +03:00 [DBG] Endpoint 'AuthService.API.Controllers.AuthController.Register (AuthService.API)' with route pattern 'api/Auth/register' is valid for the request path '/api/Auth/register'
2025-12-16 18:52:10.563 +03:00 [DBG] Request matched endpoint 'AuthService.API.Controllers.AuthController.Register (AuthService.API)'
2025-12-16 18:52:10.566 +03:00 [DBG] Static files was skipped as the request already matched an endpoint.
2025-12-16 18:52:10.569 +03:00 [DBG] The request has an origin header: 'https://localhost:7001'.
2025-12-16 18:52:10.570 +03:00 [INF] CORS policy execution successful.
2025-12-16 18:52:10.620 +03:00 [DBG] AuthenticationScheme: Bearer was not authenticated.
2025-12-16 18:52:10.623 +03:00 [INF] Executing endpoint 'AuthService.API.Controllers.AuthController.Register (AuthService.API)'
2025-12-16 18:52:10.643 +03:00 [INF] Route matched with {action = "Register", controller = "Auth"}. Executing controller action with signature Microsoft.AspNetCore.Mvc.IActionResult Register(AuthService.Entities.DTOs.UserForRegisterDto) on controller AuthService.API.Controllers.AuthController (AuthService.API).
2025-12-16 18:52:10.646 +03:00 [DBG] Execution plan of authorization filters (in the following order): ["None"]
2025-12-16 18:52:10.647 +03:00 [DBG] Execution plan of resource filters (in the following order): ["None"]
2025-12-16 18:52:10.648 +03:00 [DBG] Execution plan of action filters (in the following order): ["Microsoft.AspNetCore.Mvc.ModelBinding.UnsupportedContentTypeFilter (Order: -3000)","Microsoft.AspNetCore.Mvc.Infrastructure.ModelStateInvalidFilter (Order: -2000)"]
2025-12-16 18:52:10.650 +03:00 [DBG] Execution plan of exception filters (in the following order): ["None"]
2025-12-16 18:52:10.651 +03:00 [DBG] Execution plan of result filters (in the following order): ["Microsoft.AspNetCore.Mvc.Infrastructure.ClientErrorResultFilter (Order: -2000)","Microsoft.AspNetCore.Mvc.ProducesAttribute (Order: 0)"]
2025-12-16 18:52:10.653 +03:00 [DBG] Executing controller factory for controller AuthService.API.Controllers.AuthController (AuthService.API)
2025-12-16 18:52:10.717 +03:00 [DBG] Executed controller factory for controller AuthService.API.Controllers.AuthController (AuthService.API)
2025-12-16 18:52:10.728 +03:00 [DBG] Attempting to bind parameter 'userForRegisterDto' of type 'AuthService.Entities.DTOs.UserForRegisterDto' ...
2025-12-16 18:52:10.731 +03:00 [DBG] Attempting to bind parameter 'userForRegisterDto' of type 'AuthService.Entities.DTOs.UserForRegisterDto' using the name '' in request data ...
2025-12-16 18:52:10.733 +03:00 [DBG] Selected input formatter 'Microsoft.AspNetCore.Mvc.Formatters.SystemTextJsonInputFormatter' for content type 'application/json'.
2025-12-16 18:52:10.741 +03:00 [DBG] Connection id "0HNHSNC4PR35R", Request id "0HNHSNC4PR35R:0000000B": started reading request body.
2025-12-16 18:52:10.742 +03:00 [DBG] Connection id "0HNHSNC4PR35R", Request id "0HNHSNC4PR35R:0000000B": done reading request body.
2025-12-16 18:52:10.752 +03:00 [DBG] JSON input formatter succeeded, deserializing to type 'AuthService.Entities.DTOs.UserForRegisterDto'
2025-12-16 18:52:10.754 +03:00 [DBG] Done attempting to bind parameter 'userForRegisterDto' of type 'AuthService.Entities.DTOs.UserForRegisterDto'.
2025-12-16 18:52:10.755 +03:00 [DBG] Done attempting to bind parameter 'userForRegisterDto' of type 'AuthService.Entities.DTOs.UserForRegisterDto'.
2025-12-16 18:52:10.756 +03:00 [DBG] Attempting to validate the bound parameter 'userForRegisterDto' of type 'AuthService.Entities.DTOs.UserForRegisterDto' ...
2025-12-16 18:52:10.792 +03:00 [DBG] Done attempting to validate the bound parameter 'userForRegisterDto' of type 'AuthService.Entities.DTOs.UserForRegisterDto'.
2025-12-16 18:52:12.852 +03:00 [DBG] Entity Framework Core 8.0.17 initialized 'AuthDbContext' using provider 'Npgsql.EntityFrameworkCore.PostgreSQL:8.0.10+18d07c54eacaffa5bf8128d47eecdb5255d86376' with options: None
2025-12-16 18:52:12.874 +03:00 [DBG] Compiling query expression: 
'DbSet<User>()
    .FirstOrDefault(u => u.Email == __email_0)'
2025-12-16 18:52:12.996 +03:00 [DBG] Generated query execution expression: 
'queryContext => new SingleQueryingEnumerable<User>(
    (RelationalQueryContext)queryContext, 
    RelationalCommandCache.QueryExpression(
        Projection Mapping:
            EmptyProjectionMember -> Dictionary<IProperty, int> { [Property: User.Id (int) Required PK AfterSave:Throw ValueGenerated.OnAdd, 0], [Property: User.CreatedDate (DateTime) Required, 1], [Property: User.Email (string) Required Index MaxLength(100), 2], [Property: User.FailedLoginAttempts (int) Required, 3], [Property: User.FirstName (string) Required MaxLength(50), 4], [Property: User.IdentityNumber (string) Required MaxLength(11), 5], [Property: User.IsEmailVerified (bool) Required, 6], [Property: User.LastName (string) MaxLength(50), 7], [Property: User.LockoutEndTime (DateTime?), 8], [Property: User.PasswordHash (byte[]) Required, 9], [Property: User.PasswordSalt (byte[]) Required, 10], [Property: User.PhoneNumber (string) MaxLength(20), 11], [Property: User.RefreshToken (string), 12], [Property: User.RefreshTokenExpiration (DateTime?), 13], [Property: User.Status (bool) Required, 14], [Property: User.UpdatedDate (DateTime?), 15] }
        SELECT TOP(1) u.Id, u.CreatedDate, u.Email, u.FailedLoginAttempts, u.FirstName, u.IdentityNumber, u.IsEmailVerified, u.LastName, u.LockoutEndTime, u.PasswordHash, u.PasswordSalt, u.PhoneNumber, u.RefreshToken, u.RefreshTokenExpiration, u.Status, u.UpdatedDate
        FROM Users AS u
        WHERE u.Email == @__email_0), 
    null, 
    Func<QueryContext, DbDataReader, ResultContext, SingleQueryResultCoordinator, User>, 
    AuthService.DataAccess.Concrete.EntityFramework.AuthDbContext, 
    False, 
    False, 
    True
)
    .SingleOrDefault()'
2025-12-16 18:52:13.017 +03:00 [DBG] Creating DbConnection.
2025-12-16 18:52:13.018 +03:00 [DBG] Created DbConnection. (0ms).
2025-12-16 18:52:13.018 +03:00 [DBG] Opening connection to database 'AuthServiceDb_Dev' on server 'tcp://localhost:5432'.
2025-12-16 18:52:13.019 +03:00 [DBG] Opened connection to database 'AuthServiceDb_Dev' on server 'tcp://localhost:5432'.
2025-12-16 18:52:13.020 +03:00 [DBG] Creating DbCommand for 'ExecuteReader'.
2025-12-16 18:52:13.021 +03:00 [DBG] Created DbCommand for 'ExecuteReader' (0ms).
2025-12-16 18:52:13.024 +03:00 [DBG] Initialized DbCommand for 'ExecuteReader' (4ms).
2025-12-16 18:52:13.027 +03:00 [DBG] Executing DbCommand [Parameters=[@__email_0='?'], CommandType='"Text"', CommandTimeout='30']
SELECT u."Id", u."CreatedDate", u."Email", u."FailedLoginAttempts", u."FirstName", u."IdentityNumber", u."IsEmailVerified", u."LastName", u."LockoutEndTime", u."PasswordHash", u."PasswordSalt", u."PhoneNumber", u."RefreshToken", u."RefreshTokenExpiration", u."Status", u."UpdatedDate"
FROM "Users" AS u
WHERE u."Email" = @__email_0
LIMIT 1
2025-12-16 18:52:13.036 +03:00 [INF] Executed DbCommand (11ms) [Parameters=[@__email_0='?'], CommandType='"Text"', CommandTimeout='30']
SELECT u."Id", u."CreatedDate", u."Email", u."FailedLoginAttempts", u."FirstName", u."IdentityNumber", u."IsEmailVerified", u."LastName", u."LockoutEndTime", u."PasswordHash", u."PasswordSalt", u."PhoneNumber", u."RefreshToken", u."RefreshTokenExpiration", u."Status", u."UpdatedDate"
FROM "Users" AS u
WHERE u."Email" = @__email_0
LIMIT 1
2025-12-16 18:52:13.039 +03:00 [DBG] Closing data reader to 'AuthServiceDb_Dev' on server 'tcp://localhost:5432'.
2025-12-16 18:52:13.040 +03:00 [DBG] A data reader for 'AuthServiceDb_Dev' on server 'tcp://localhost:5432' is being disposed after spending 1ms reading results.
2025-12-16 18:52:13.041 +03:00 [DBG] Closing connection to database 'AuthServiceDb_Dev' on server 'tcp://localhost:5432'.
2025-12-16 18:52:13.042 +03:00 [DBG] Closed connection to database 'AuthServiceDb_Dev' on server 'tcp://localhost:5432' (0ms).
2025-12-16 18:52:13.060 +03:00 [DBG] 'AuthDbContext' generated a temporary value for the property 'User.Id'. Consider using 'DbContextOptionsBuilder.EnableSensitiveDataLogging' to see key values.
2025-12-16 18:52:13.103 +03:00 [DBG] Context 'AuthDbContext' started tracking 'User' entity. Consider using 'DbContextOptionsBuilder.EnableSensitiveDataLogging' to see key values.
2025-12-16 18:52:13.106 +03:00 [DBG] SaveChanges starting for 'AuthDbContext'.
2025-12-16 18:52:13.107 +03:00 [DBG] DetectChanges starting for 'AuthDbContext'.
2025-12-16 18:52:13.121 +03:00 [DBG] DetectChanges completed for 'AuthDbContext'.
2025-12-16 18:52:13.157 +03:00 [DBG] Opening connection to database 'AuthServiceDb_Dev' on server 'tcp://localhost:5432'.
2025-12-16 18:52:13.158 +03:00 [DBG] Opened connection to database 'AuthServiceDb_Dev' on server 'tcp://localhost:5432'.
2025-12-16 18:52:13.159 +03:00 [DBG] Creating DbCommand for 'ExecuteReader'.
2025-12-16 18:52:13.160 +03:00 [DBG] Created DbCommand for 'ExecuteReader' (0ms).
2025-12-16 18:52:13.161 +03:00 [DBG] Initialized DbCommand for 'ExecuteReader' (1ms).
2025-12-16 18:52:13.161 +03:00 [DBG] Executing DbCommand [Parameters=[@p0='?' (DbType = DateTime), @p1='?', @p2='?' (DbType = Int32), @p3='?', @p4='?', @p5='?' (DbType = Boolean), @p6='?', @p7='?' (DbType = DateTime), @p8='?' (DbType = Binary), @p9='?' (DbType = Binary), @p10='?', @p11='?', @p12='?' (DbType = DateTime), @p13='?' (DbType = Boolean), @p14='?' (DbType = DateTime)], CommandType='"Text"', CommandTimeout='30']
INSERT INTO "Users" ("CreatedDate", "Email", "FailedLoginAttempts", "FirstName", "IdentityNumber", "IsEmailVerified", "LastName", "LockoutEndTime", "PasswordHash", "PasswordSalt", "PhoneNumber", "RefreshToken", "RefreshTokenExpiration", "Status", "UpdatedDate")
VALUES (@p0, @p1, @p2, @p3, @p4, @p5, @p6, @p7, @p8, @p9, @p10, @p11, @p12, @p13, @p14)
RETURNING "Id";
2025-12-16 18:52:13.169 +03:00 [INF] Executed DbCommand (8ms) [Parameters=[@p0='?' (DbType = DateTime), @p1='?', @p2='?' (DbType = Int32), @p3='?', @p4='?', @p5='?' (DbType = Boolean), @p6='?', @p7='?' (DbType = DateTime), @p8='?' (DbType = Binary), @p9='?' (DbType = Binary), @p10='?', @p11='?', @p12='?' (DbType = DateTime), @p13='?' (DbType = Boolean), @p14='?' (DbType = DateTime)], CommandType='"Text"', CommandTimeout='30']
INSERT INTO "Users" ("CreatedDate", "Email", "FailedLoginAttempts", "FirstName", "IdentityNumber", "IsEmailVerified", "LastName", "LockoutEndTime", "PasswordHash", "PasswordSalt", "PhoneNumber", "RefreshToken", "RefreshTokenExpiration", "Status", "UpdatedDate")
VALUES (@p0, @p1, @p2, @p3, @p4, @p5, @p6, @p7, @p8, @p9, @p10, @p11, @p12, @p13, @p14)
RETURNING "Id";
2025-12-16 18:52:13.178 +03:00 [DBG] The foreign key property 'User.Id' was detected as changed. Consider using 'DbContextOptionsBuilder.EnableSensitiveDataLogging' to see property values.
2025-12-16 18:52:13.181 +03:00 [DBG] Closing data reader to 'AuthServiceDb_Dev' on server 'tcp://localhost:5432'.
2025-12-16 18:52:13.182 +03:00 [DBG] A data reader for 'AuthServiceDb_Dev' on server 'tcp://localhost:5432' is being disposed after spending 11ms reading results.
2025-12-16 18:52:13.183 +03:00 [DBG] Closing connection to database 'AuthServiceDb_Dev' on server 'tcp://localhost:5432'.
2025-12-16 18:52:13.184 +03:00 [DBG] Closed connection to database 'AuthServiceDb_Dev' on server 'tcp://localhost:5432' (0ms).
2025-12-16 18:52:13.192 +03:00 [DBG] An entity of type 'User' tracked by 'AuthDbContext' changed state from '"Added"' to '"Unchanged"'. Consider using 'DbContextOptionsBuilder.EnableSensitiveDataLogging' to see key values.
2025-12-16 18:52:13.193 +03:00 [DBG] SaveChanges completed for 'AuthDbContext' with 1 entities written to the database.
2025-12-16 18:52:13.195 +03:00 [DBG] Compiling query expression: 
'DbSet<OperationClaim>()
    .FirstOrDefault(oc => oc.Name == __name_0)'
2025-12-16 18:52:13.199 +03:00 [DBG] Generated query execution expression: 
'queryContext => new SingleQueryingEnumerable<OperationClaim>(
    (RelationalQueryContext)queryContext, 
    RelationalCommandCache.QueryExpression(
        Projection Mapping:
            EmptyProjectionMember -> Dictionary<IProperty, int> { [Property: OperationClaim.Id (int) Required PK AfterSave:Throw ValueGenerated.OnAdd, 0], [Property: OperationClaim.CreatedDate (DateTime) Required, 1], [Property: OperationClaim.Description (string) MaxLength(200), 2], [Property: OperationClaim.Name (string) Required Index MaxLength(50), 3] }
        SELECT TOP(1) o.Id, o.CreatedDate, o.Description, o.Name
        FROM OperationClaims AS o
        WHERE o.Name == @__name_0), 
    null, 
    Func<QueryContext, DbDataReader, ResultContext, SingleQueryResultCoordinator, OperationClaim>, 
    AuthService.DataAccess.Concrete.EntityFramework.AuthDbContext, 
    False, 
    False, 
    True
)
    .SingleOrDefault()'
2025-12-16 18:52:13.200 +03:00 [DBG] Opening connection to database 'AuthServiceDb_Dev' on server 'tcp://localhost:5432'.
2025-12-16 18:52:13.201 +03:00 [DBG] Opened connection to database 'AuthServiceDb_Dev' on server 'tcp://localhost:5432'.
2025-12-16 18:52:13.202 +03:00 [DBG] Creating DbCommand for 'ExecuteReader'.
2025-12-16 18:52:13.203 +03:00 [DBG] Created DbCommand for 'ExecuteReader' (0ms).
2025-12-16 18:52:13.204 +03:00 [DBG] Initialized DbCommand for 'ExecuteReader' (1ms).
2025-12-16 18:52:13.205 +03:00 [DBG] Executing DbCommand [Parameters=[@__name_0='?'], CommandType='"Text"', CommandTimeout='30']
SELECT o."Id", o."CreatedDate", o."Description", o."Name"
FROM "OperationClaims" AS o
WHERE o."Name" = @__name_0
LIMIT 1
2025-12-16 18:52:13.208 +03:00 [INF] Executed DbCommand (3ms) [Parameters=[@__name_0='?'], CommandType='"Text"', CommandTimeout='30']
SELECT o."Id", o."CreatedDate", o."Description", o."Name"
FROM "OperationClaims" AS o
WHERE o."Name" = @__name_0
LIMIT 1
2025-12-16 18:52:13.215 +03:00 [DBG] Context 'AuthDbContext' started tracking 'OperationClaim' entity. Consider using 'DbContextOptionsBuilder.EnableSensitiveDataLogging' to see key values.
2025-12-16 18:52:13.220 +03:00 [DBG] Closing data reader to 'AuthServiceDb_Dev' on server 'tcp://localhost:5432'.
2025-12-16 18:52:13.221 +03:00 [DBG] A data reader for 'AuthServiceDb_Dev' on server 'tcp://localhost:5432' is being disposed after spending 11ms reading results.
2025-12-16 18:52:13.222 +03:00 [DBG] Closing connection to database 'AuthServiceDb_Dev' on server 'tcp://localhost:5432'.
2025-12-16 18:52:13.223 +03:00 [DBG] Closed connection to database 'AuthServiceDb_Dev' on server 'tcp://localhost:5432' (1ms).
2025-12-16 18:52:13.227 +03:00 [DBG] 'AuthDbContext' generated a temporary value for the property 'UserOperationClaim.Id'. Consider using 'DbContextOptionsBuilder.EnableSensitiveDataLogging' to see key values.
2025-12-16 18:52:13.234 +03:00 [DBG] The navigation 'UserOperationClaim.OperationClaim' was detected as changed. Consider using 'DbContextOptionsBuilder.EnableSensitiveDataLogging' to see key values.
2025-12-16 18:52:13.241 +03:00 [DBG] The navigation 'UserOperationClaim.User' was detected as changed. Consider using 'DbContextOptionsBuilder.EnableSensitiveDataLogging' to see key values.
2025-12-16 18:52:13.244 +03:00 [DBG] Context 'AuthDbContext' started tracking 'UserOperationClaim' entity. Consider using 'DbContextOptionsBuilder.EnableSensitiveDataLogging' to see key values.
2025-12-16 18:52:13.245 +03:00 [DBG] SaveChanges starting for 'AuthDbContext'.
2025-12-16 18:52:13.245 +03:00 [DBG] DetectChanges starting for 'AuthDbContext'.
2025-12-16 18:52:13.250 +03:00 [DBG] DetectChanges completed for 'AuthDbContext'.
2025-12-16 18:52:13.253 +03:00 [DBG] Opening connection to database 'AuthServiceDb_Dev' on server 'tcp://localhost:5432'.
2025-12-16 18:52:13.255 +03:00 [DBG] Opened connection to database 'AuthServiceDb_Dev' on server 'tcp://localhost:5432'.
2025-12-16 18:52:13.256 +03:00 [DBG] Creating DbCommand for 'ExecuteReader'.
2025-12-16 18:52:13.256 +03:00 [DBG] Created DbCommand for 'ExecuteReader' (0ms).
2025-12-16 18:52:13.257 +03:00 [DBG] Initialized DbCommand for 'ExecuteReader' (1ms).
2025-12-16 18:52:13.258 +03:00 [DBG] Executing DbCommand [Parameters=[@p0='?' (DbType = DateTime), @p1='?' (DbType = Int32), @p2='?' (DbType = Int32)], CommandType='"Text"', CommandTimeout='30']
INSERT INTO "UserOperationClaims" ("CreatedDate", "OperationClaimId", "UserId")
VALUES (@p0, @p1, @p2)
RETURNING "Id";
2025-12-16 18:52:13.261 +03:00 [INF] Executed DbCommand (3ms) [Parameters=[@p0='?' (DbType = DateTime), @p1='?' (DbType = Int32), @p2='?' (DbType = Int32)], CommandType='"Text"', CommandTimeout='30']
INSERT INTO "UserOperationClaims" ("CreatedDate", "OperationClaimId", "UserId")
VALUES (@p0, @p1, @p2)
RETURNING "Id";
2025-12-16 18:52:13.263 +03:00 [DBG] The foreign key property 'UserOperationClaim.Id' was detected as changed. Consider using 'DbContextOptionsBuilder.EnableSensitiveDataLogging' to see property values.
2025-12-16 18:52:13.265 +03:00 [DBG] Closing data reader to 'AuthServiceDb_Dev' on server 'tcp://localhost:5432'.
2025-12-16 18:52:13.266 +03:00 [DBG] A data reader for 'AuthServiceDb_Dev' on server 'tcp://localhost:5432' is being disposed after spending 3ms reading results.
2025-12-16 18:52:13.267 +03:00 [DBG] Closing connection to database 'AuthServiceDb_Dev' on server 'tcp://localhost:5432'.
2025-12-16 18:52:13.268 +03:00 [DBG] Closed connection to database 'AuthServiceDb_Dev' on server 'tcp://localhost:5432' (1ms).
2025-12-16 18:52:13.270 +03:00 [DBG] An entity of type 'UserOperationClaim' tracked by 'AuthDbContext' changed state from '"Added"' to '"Unchanged"'. Consider using 'DbContextOptionsBuilder.EnableSensitiveDataLogging' to see key values.
2025-12-16 18:52:13.271 +03:00 [DBG] SaveChanges completed for 'AuthDbContext' with 1 entities written to the database.
2025-12-16 18:52:13.276 +03:00 [DBG] Compiling query expression: 
'DbSet<OperationClaim>()
    .Join(
        inner: DbSet<UserOperationClaim>(), 
        outerKeySelector: operationClaim => operationClaim.Id, 
        innerKeySelector: userOperationClaim => userOperationClaim.OperationClaimId, 
        resultSelector: (operationClaim, userOperationClaim) => new { 
            operationClaim = operationClaim, 
            userOperationClaim = userOperationClaim
         })
    .Where(<>h__TransparentIdentifier0 => <>h__TransparentIdentifier0.userOperationClaim.UserId == __user_Id_0)
    .Select(<>h__TransparentIdentifier0 => new OperationClaim{ 
        Id = <>h__TransparentIdentifier0.operationClaim.Id, 
        Name = <>h__TransparentIdentifier0.operationClaim.Name, 
        Description = <>h__TransparentIdentifier0.operationClaim.Description 
    }
    )'
2025-12-16 18:52:13.308 +03:00 [DBG] Generated query execution expression: 
'queryContext => new SingleQueryingEnumerable<OperationClaim>(
    (RelationalQueryContext)queryContext, 
    RelationalCommandCache.QueryExpression(
        Projection Mapping:
            Id -> 0
            Name -> 1
            Description -> 2
        SELECT o.Id, o.Name, o.Description
        FROM OperationClaims AS o
        INNER JOIN UserOperationClaims AS u ON o.Id == u.OperationClaimId
        WHERE u.UserId == @__user_Id_0), 
    null, 
    Func<QueryContext, DbDataReader, ResultContext, SingleQueryResultCoordinator, OperationClaim>, 
    AuthService.DataAccess.Concrete.EntityFramework.AuthDbContext, 
    False, 
    False, 
    True
)'
2025-12-16 18:52:13.310 +03:00 [DBG] Opening connection to database 'AuthServiceDb_Dev' on server 'tcp://localhost:5432'.
2025-12-16 18:52:13.311 +03:00 [DBG] Opened connection to database 'AuthServiceDb_Dev' on server 'tcp://localhost:5432'.
2025-12-16 18:52:13.312 +03:00 [DBG] Creating DbCommand for 'ExecuteReader'.
2025-12-16 18:52:13.313 +03:00 [DBG] Created DbCommand for 'ExecuteReader' (0ms).
2025-12-16 18:52:13.313 +03:00 [DBG] Initialized DbCommand for 'ExecuteReader' (1ms).
2025-12-16 18:52:13.314 +03:00 [DBG] Executing DbCommand [Parameters=[@__user_Id_0='?' (DbType = Int32)], CommandType='"Text"', CommandTimeout='30']
SELECT o."Id", o."Name", o."Description"
FROM "OperationClaims" AS o
INNER JOIN "UserOperationClaims" AS u ON o."Id" = u."OperationClaimId"
WHERE u."UserId" = @__user_Id_0
2025-12-16 18:52:13.317 +03:00 [INF] Executed DbCommand (3ms) [Parameters=[@__user_Id_0='?' (DbType = Int32)], CommandType='"Text"', CommandTimeout='30']
SELECT o."Id", o."Name", o."Description"
FROM "OperationClaims" AS o
INNER JOIN "UserOperationClaims" AS u ON o."Id" = u."OperationClaimId"
WHERE u."UserId" = @__user_Id_0
2025-12-16 18:52:13.319 +03:00 [DBG] Closing data reader to 'AuthServiceDb_Dev' on server 'tcp://localhost:5432'.
2025-12-16 18:52:13.320 +03:00 [DBG] A data reader for 'AuthServiceDb_Dev' on server 'tcp://localhost:5432' is being disposed after spending 1ms reading results.
2025-12-16 18:52:13.321 +03:00 [DBG] Closing connection to database 'AuthServiceDb_Dev' on server 'tcp://localhost:5432'.
2025-12-16 18:52:13.322 +03:00 [DBG] Closed connection to database 'AuthServiceDb_Dev' on server 'tcp://localhost:5432' (0ms).
2025-12-16 18:52:13.343 +03:00 [DBG] The unchanged property 'User.RefreshToken' was detected as changed and will be marked as modified. Consider using 'DbContextOptionsBuilder.EnableSensitiveDataLogging' to see property values.
2025-12-16 18:52:13.344 +03:00 [DBG] An entity of type 'User' tracked by 'AuthDbContext' changed state from '"Unchanged"' to '"Modified"'. Consider using 'DbContextOptionsBuilder.EnableSensitiveDataLogging' to see key values.
2025-12-16 18:52:13.346 +03:00 [DBG] The unchanged property 'User.RefreshTokenExpiration' was detected as changed and will be marked as modified. Consider using 'DbContextOptionsBuilder.EnableSensitiveDataLogging' to see property values.
2025-12-16 18:52:13.347 +03:00 [DBG] SaveChanges starting for 'AuthDbContext'.
2025-12-16 18:52:13.348 +03:00 [DBG] DetectChanges starting for 'AuthDbContext'.
2025-12-16 18:52:13.349 +03:00 [DBG] DetectChanges completed for 'AuthDbContext'.
2025-12-16 18:52:13.356 +03:00 [DBG] Opening connection to database 'AuthServiceDb_Dev' on server 'tcp://localhost:5432'.
2025-12-16 18:52:13.358 +03:00 [DBG] Opened connection to database 'AuthServiceDb_Dev' on server 'tcp://localhost:5432'.
2025-12-16 18:52:13.359 +03:00 [DBG] Creating DbCommand for 'ExecuteReader'.
2025-12-16 18:52:13.359 +03:00 [DBG] Created DbCommand for 'ExecuteReader' (0ms).
2025-12-16 18:52:13.360 +03:00 [DBG] Initialized DbCommand for 'ExecuteReader' (1ms).
2025-12-16 18:52:13.361 +03:00 [DBG] Executing DbCommand [Parameters=[@p15='?' (DbType = Int32), @p0='?' (DbType = DateTime), @p1='?', @p2='?' (DbType = Int32), @p3='?', @p4='?', @p5='?' (DbType = Boolean), @p6='?', @p7='?' (DbType = DateTime), @p8='?' (DbType = Binary), @p9='?' (DbType = Binary), @p10='?', @p11='?', @p12='?' (DbType = DateTime), @p13='?' (DbType = Boolean), @p14='?' (DbType = DateTime)], CommandType='"Text"', CommandTimeout='30']
UPDATE "Users" SET "CreatedDate" = @p0, "Email" = @p1, "FailedLoginAttempts" = @p2, "FirstName" = @p3, "IdentityNumber" = @p4, "IsEmailVerified" = @p5, "LastName" = @p6, "LockoutEndTime" = @p7, "PasswordHash" = @p8, "PasswordSalt" = @p9, "PhoneNumber" = @p10, "RefreshToken" = @p11, "RefreshTokenExpiration" = @p12, "Status" = @p13, "UpdatedDate" = @p14
WHERE "Id" = @p15;
2025-12-16 18:52:13.364 +03:00 [INF] Executed DbCommand (3ms) [Parameters=[@p15='?' (DbType = Int32), @p0='?' (DbType = DateTime), @p1='?', @p2='?' (DbType = Int32), @p3='?', @p4='?', @p5='?' (DbType = Boolean), @p6='?', @p7='?' (DbType = DateTime), @p8='?' (DbType = Binary), @p9='?' (DbType = Binary), @p10='?', @p11='?', @p12='?' (DbType = DateTime), @p13='?' (DbType = Boolean), @p14='?' (DbType = DateTime)], CommandType='"Text"', CommandTimeout='30']
UPDATE "Users" SET "CreatedDate" = @p0, "Email" = @p1, "FailedLoginAttempts" = @p2, "FirstName" = @p3, "IdentityNumber" = @p4, "IsEmailVerified" = @p5, "LastName" = @p6, "LockoutEndTime" = @p7, "PasswordHash" = @p8, "PasswordSalt" = @p9, "PhoneNumber" = @p10, "RefreshToken" = @p11, "RefreshTokenExpiration" = @p12, "Status" = @p13, "UpdatedDate" = @p14
WHERE "Id" = @p15;
2025-12-16 18:52:13.366 +03:00 [DBG] Closing data reader to 'AuthServiceDb_Dev' on server 'tcp://localhost:5432'.
2025-12-16 18:52:13.367 +03:00 [DBG] A data reader for 'AuthServiceDb_Dev' on server 'tcp://localhost:5432' is being disposed after spending 1ms reading results.
2025-12-16 18:52:13.368 +03:00 [DBG] Closing connection to database 'AuthServiceDb_Dev' on server 'tcp://localhost:5432'.
2025-12-16 18:52:13.368 +03:00 [DBG] Closed connection to database 'AuthServiceDb_Dev' on server 'tcp://localhost:5432' (0ms).
2025-12-16 18:52:13.370 +03:00 [DBG] An entity of type 'User' tracked by 'AuthDbContext' changed state from '"Modified"' to '"Unchanged"'. Consider using 'DbContextOptionsBuilder.EnableSensitiveDataLogging' to see key values.
2025-12-16 18:52:13.371 +03:00 [DBG] SaveChanges completed for 'AuthDbContext' with 1 entities written to the database.
2025-12-16 18:52:16.855 +03:00 [INF] Start processing HTTP request POST https://localhost:7296/api/Patients
2025-12-16 18:52:16.858 +03:00 [INF] Sending HTTP request POST https://localhost:7296/api/Patients
2025-12-16 18:52:16.878 +03:00 [DBG] List of registered output formatters, in the following order: ["Microsoft.AspNetCore.Mvc.Formatters.HttpNoContentOutputFormatter","Microsoft.AspNetCore.Mvc.Formatters.StringOutputFormatter","Microsoft.AspNetCore.Mvc.Formatters.StreamOutputFormatter","Microsoft.AspNetCore.Mvc.Formatters.SystemTextJsonOutputFormatter"]
2025-12-16 18:52:16.882 +03:00 [DBG] Attempting to select an output formatter based on Accept header '["application/json"]' and explicitly specified content types '["application/json"]'. The content types in the accept header must be a subset of the explicitly set content types.
2025-12-16 18:52:16.884 +03:00 [DBG] Selected output formatter 'Microsoft.AspNetCore.Mvc.Formatters.SystemTextJsonOutputFormatter' and content type 'application/json' to write the response.
2025-12-16 18:52:16.886 +03:00 [INF] Executing OkObjectResult, writing value of type 'Core.Extensions.ApiResponse`1[[AuthService.Entities.DTOs.TokenDto, AuthService.Entities, Version=1.0.0.0, Culture=neutral, PublicKeyToken=null]]'.
2025-12-16 18:52:16.897 +03:00 [INF] Executed action AuthService.API.Controllers.AuthController.Register (AuthService.API) in 6242.5121ms
2025-12-16 18:52:16.898 +03:00 [INF] Executed endpoint 'AuthService.API.Controllers.AuthController.Register (AuthService.API)'
2025-12-16 18:52:16.901 +03:00 [INF] [User: Anonymous] [IP: ::1] POST /api/Auth/register -> 200
2025-12-16 18:52:16.903 +03:00 [DBG] 'AuthDbContext' disposed.
2025-12-16 18:52:16.906 +03:00 [DBG] Disposing connection to database 'AuthServiceDb_Dev' on server 'tcp://localhost:5432'.
2025-12-16 18:52:16.909 +03:00 [DBG] Disposed connection to database 'AuthServiceDb_Dev' on server 'tcp://localhost:5432' (2ms).
2025-12-16 18:52:16.911 +03:00 [INF] Request finished HTTP/2 POST https://localhost:7001/api/Auth/register - 200 null application/json; charset=utf-8 6357.2169ms
2025-12-16 18:52:17.022 +03:00 [INF] Received HTTP response headers after 161.5505ms - 400
2025-12-16 18:52:17.023 +03:00 [INF] End processing HTTP request after 169.6665ms - 400
2025-12-16 18:54:39.649 +03:00 [DBG] Registered model binder providers, in the following order: ["Microsoft.AspNetCore.Mvc.ModelBinding.Binders.BinderTypeModelBinderProvider","Microsoft.AspNetCore.Mvc.ModelBinding.Binders.ServicesModelBinderProvider","Microsoft.AspNetCore.Mvc.ModelBinding.Binders.BodyModelBinderProvider","Microsoft.AspNetCore.Mvc.ModelBinding.Binders.HeaderModelBinderProvider","Microsoft.AspNetCore.Mvc.ModelBinding.Binders.FloatingPointTypeModelBinderProvider","Microsoft.AspNetCore.Mvc.ModelBinding.Binders.EnumTypeModelBinderProvider","Microsoft.AspNetCore.Mvc.ModelBinding.Binders.DateTimeModelBinderProvider","Microsoft.AspNetCore.Mvc.ModelBinding.Binders.SimpleTypeModelBinderProvider","Microsoft.AspNetCore.Mvc.ModelBinding.Binders.TryParseModelBinderProvider","Microsoft.AspNetCore.Mvc.ModelBinding.Binders.CancellationTokenModelBinderProvider","Microsoft.AspNetCore.Mvc.ModelBinding.Binders.ByteArrayModelBinderProvider","Microsoft.AspNetCore.Mvc.ModelBinding.Binders.FormFileModelBinderProvider","Microsoft.AspNetCore.Mvc.ModelBinding.Binders.FormCollectionModelBinderProvider","Microsoft.AspNetCore.Mvc.ModelBinding.Binders.KeyValuePairModelBinderProvider","Microsoft.AspNetCore.Mvc.ModelBinding.Binders.DictionaryModelBinderProvider","Microsoft.AspNetCore.Mvc.ModelBinding.Binders.ArrayModelBinderProvider","Microsoft.AspNetCore.Mvc.ModelBinding.Binders.CollectionModelBinderProvider","Microsoft.AspNetCore.Mvc.ModelBinding.Binders.ComplexObjectModelBinderProvider"]
2025-12-16 18:54:39.948 +03:00 [DBG] An 'IServiceProvider' was created for internal use by Entity Framework.
2025-12-16 18:54:40.261 +03:00 [DBG] The index {'UserId'} was not created on entity type 'UserOperationClaim' as the properties are already covered by the index {'UserId', 'OperationClaimId'}.
2025-12-16 18:54:40.471 +03:00 [DBG] Entity Framework Core 8.0.17 initialized 'AuthDbContext' using provider 'Npgsql.EntityFrameworkCore.PostgreSQL:8.0.10+18d07c54eacaffa5bf8128d47eecdb5255d86376' with options: None
2025-12-16 18:54:40.481 +03:00 [DBG] Creating DbConnection.
2025-12-16 18:54:40.516 +03:00 [DBG] Created DbConnection. (33ms).
2025-12-16 18:54:40.523 +03:00 [DBG] Opening connection to database 'AuthServiceDb_Dev' on server 'tcp://localhost:5432'.
2025-12-16 18:54:40.631 +03:00 [DBG] Opened connection to database 'AuthServiceDb_Dev' on server 'tcp://localhost:5432'.
2025-12-16 18:54:40.633 +03:00 [DBG] Closing connection to database 'AuthServiceDb_Dev' on server 'tcp://localhost:5432'.
2025-12-16 18:54:40.640 +03:00 [DBG] Closed connection to database 'AuthServiceDb_Dev' on server 'tcp://localhost:5432' (4ms).
2025-12-16 18:54:40.645 +03:00 [DBG] Creating DbCommand for 'ExecuteScalar'.
2025-12-16 18:54:40.650 +03:00 [DBG] Created DbCommand for 'ExecuteScalar' (3ms).
2025-12-16 18:54:40.652 +03:00 [DBG] Initialized DbCommand for 'ExecuteScalar' (7ms).
2025-12-16 18:54:40.653 +03:00 [DBG] Opening connection to database 'AuthServiceDb_Dev' on server 'tcp://localhost:5432'.
2025-12-16 18:54:40.713 +03:00 [DBG] Opened connection to database 'AuthServiceDb_Dev' on server 'tcp://localhost:5432'.
2025-12-16 18:54:40.721 +03:00 [DBG] Executing DbCommand [Parameters=[], CommandType='"Text"', CommandTimeout='30']
SELECT EXISTS (
    SELECT 1 FROM pg_catalog.pg_class c
    JOIN pg_catalog.pg_namespace n ON n.oid=c.relnamespace
    WHERE n.nspname='public' AND
          c.relname='__EFMigrationsHistory'
)
2025-12-16 18:54:40.773 +03:00 [INF] Executed DbCommand (51ms) [Parameters=[], CommandType='"Text"', CommandTimeout='30']
SELECT EXISTS (
    SELECT 1 FROM pg_catalog.pg_class c
    JOIN pg_catalog.pg_namespace n ON n.oid=c.relnamespace
    WHERE n.nspname='public' AND
          c.relname='__EFMigrationsHistory'
)
2025-12-16 18:54:40.775 +03:00 [DBG] Closing connection to database 'AuthServiceDb_Dev' on server 'tcp://localhost:5432'.
2025-12-16 18:54:40.777 +03:00 [DBG] Closed connection to database 'AuthServiceDb_Dev' on server 'tcp://localhost:5432' (1ms).
2025-12-16 18:54:40.787 +03:00 [DBG] Opening connection to database 'AuthServiceDb_Dev' on server 'tcp://localhost:5432'.
2025-12-16 18:54:40.788 +03:00 [DBG] Opened connection to database 'AuthServiceDb_Dev' on server 'tcp://localhost:5432'.
2025-12-16 18:54:40.789 +03:00 [DBG] Creating DbCommand for 'ExecuteReader'.
2025-12-16 18:54:40.790 +03:00 [DBG] Created DbCommand for 'ExecuteReader' (0ms).
2025-12-16 18:54:40.790 +03:00 [DBG] Initialized DbCommand for 'ExecuteReader' (1ms).
2025-12-16 18:54:40.792 +03:00 [DBG] Executing DbCommand [Parameters=[], CommandType='"Text"', CommandTimeout='30']
SELECT "MigrationId", "ProductVersion"
FROM "__EFMigrationsHistory"
ORDER BY "MigrationId";
2025-12-16 18:54:40.795 +03:00 [INF] Executed DbCommand (3ms) [Parameters=[], CommandType='"Text"', CommandTimeout='30']
SELECT "MigrationId", "ProductVersion"
FROM "__EFMigrationsHistory"
ORDER BY "MigrationId";
2025-12-16 18:54:40.801 +03:00 [DBG] Closing data reader to 'AuthServiceDb_Dev' on server 'tcp://localhost:5432'.
2025-12-16 18:54:40.803 +03:00 [DBG] A data reader for 'AuthServiceDb_Dev' on server 'tcp://localhost:5432' is being disposed after spending 5ms reading results.
2025-12-16 18:54:40.804 +03:00 [DBG] Closing connection to database 'AuthServiceDb_Dev' on server 'tcp://localhost:5432'.
2025-12-16 18:54:40.805 +03:00 [DBG] Closed connection to database 'AuthServiceDb_Dev' on server 'tcp://localhost:5432' (0ms).
2025-12-16 18:54:40.807 +03:00 [DBG] Migrating using database 'AuthServiceDb_Dev' on server 'tcp://localhost:5432'.
2025-12-16 18:54:40.808 +03:00 [DBG] Opening connection to database 'AuthServiceDb_Dev' on server 'tcp://localhost:5432'.
2025-12-16 18:54:40.859 +03:00 [DBG] Opened connection to database 'AuthServiceDb_Dev' on server 'tcp://localhost:5432'.
2025-12-16 18:54:40.861 +03:00 [DBG] Closing connection to database 'AuthServiceDb_Dev' on server 'tcp://localhost:5432'.
2025-12-16 18:54:40.862 +03:00 [DBG] Closed connection to database 'AuthServiceDb_Dev' on server 'tcp://localhost:5432' (1ms).
2025-12-16 18:54:40.863 +03:00 [DBG] Creating DbCommand for 'ExecuteScalar'.
2025-12-16 18:54:40.864 +03:00 [DBG] Created DbCommand for 'ExecuteScalar' (0ms).
2025-12-16 18:54:40.866 +03:00 [DBG] Initialized DbCommand for 'ExecuteScalar' (2ms).
2025-12-16 18:54:40.867 +03:00 [DBG] Opening connection to database 'AuthServiceDb_Dev' on server 'tcp://localhost:5432'.
2025-12-16 18:54:40.867 +03:00 [DBG] Opened connection to database 'AuthServiceDb_Dev' on server 'tcp://localhost:5432'.
2025-12-16 18:54:40.868 +03:00 [DBG] Executing DbCommand [Parameters=[], CommandType='"Text"', CommandTimeout='30']
SELECT EXISTS (
    SELECT 1 FROM pg_catalog.pg_class c
    JOIN pg_catalog.pg_namespace n ON n.oid=c.relnamespace
    WHERE n.nspname='public' AND
          c.relname='__EFMigrationsHistory'
)
2025-12-16 18:54:40.870 +03:00 [INF] Executed DbCommand (2ms) [Parameters=[], CommandType='"Text"', CommandTimeout='30']
SELECT EXISTS (
    SELECT 1 FROM pg_catalog.pg_class c
    JOIN pg_catalog.pg_namespace n ON n.oid=c.relnamespace
    WHERE n.nspname='public' AND
          c.relname='__EFMigrationsHistory'
)
2025-12-16 18:54:40.872 +03:00 [DBG] Closing connection to database 'AuthServiceDb_Dev' on server 'tcp://localhost:5432'.
2025-12-16 18:54:40.873 +03:00 [DBG] Closed connection to database 'AuthServiceDb_Dev' on server 'tcp://localhost:5432' (1ms).
2025-12-16 18:54:40.874 +03:00 [DBG] Opening connection to database 'AuthServiceDb_Dev' on server 'tcp://localhost:5432'.
2025-12-16 18:54:40.917 +03:00 [DBG] Opened connection to database 'AuthServiceDb_Dev' on server 'tcp://localhost:5432'.
2025-12-16 18:54:40.918 +03:00 [DBG] Closing connection to database 'AuthServiceDb_Dev' on server 'tcp://localhost:5432'.
2025-12-16 18:54:40.919 +03:00 [DBG] Closed connection to database 'AuthServiceDb_Dev' on server 'tcp://localhost:5432' (0ms).
2025-12-16 18:54:40.921 +03:00 [DBG] Creating DbCommand for 'ExecuteScalar'.
2025-12-16 18:54:40.921 +03:00 [DBG] Created DbCommand for 'ExecuteScalar' (0ms).
2025-12-16 18:54:40.922 +03:00 [DBG] Initialized DbCommand for 'ExecuteScalar' (1ms).
2025-12-16 18:54:40.923 +03:00 [DBG] Opening connection to database 'AuthServiceDb_Dev' on server 'tcp://localhost:5432'.
2025-12-16 18:54:40.924 +03:00 [DBG] Opened connection to database 'AuthServiceDb_Dev' on server 'tcp://localhost:5432'.
2025-12-16 18:54:40.925 +03:00 [DBG] Executing DbCommand [Parameters=[], CommandType='"Text"', CommandTimeout='30']
SELECT EXISTS (
    SELECT 1 FROM pg_catalog.pg_class c
    JOIN pg_catalog.pg_namespace n ON n.oid=c.relnamespace
    WHERE n.nspname='public' AND
          c.relname='__EFMigrationsHistory'
)
2025-12-16 18:54:40.927 +03:00 [INF] Executed DbCommand (2ms) [Parameters=[], CommandType='"Text"', CommandTimeout='30']
SELECT EXISTS (
    SELECT 1 FROM pg_catalog.pg_class c
    JOIN pg_catalog.pg_namespace n ON n.oid=c.relnamespace
    WHERE n.nspname='public' AND
          c.relname='__EFMigrationsHistory'
)
2025-12-16 18:54:40.928 +03:00 [DBG] Closing connection to database 'AuthServiceDb_Dev' on server 'tcp://localhost:5432'.
2025-12-16 18:54:40.929 +03:00 [DBG] Closed connection to database 'AuthServiceDb_Dev' on server 'tcp://localhost:5432' (0ms).
2025-12-16 18:54:40.930 +03:00 [DBG] Opening connection to database 'AuthServiceDb_Dev' on server 'tcp://localhost:5432'.
2025-12-16 18:54:40.931 +03:00 [DBG] Opened connection to database 'AuthServiceDb_Dev' on server 'tcp://localhost:5432'.
2025-12-16 18:54:40.932 +03:00 [DBG] Creating DbCommand for 'ExecuteReader'.
2025-12-16 18:54:40.933 +03:00 [DBG] Created DbCommand for 'ExecuteReader' (0ms).
2025-12-16 18:54:40.934 +03:00 [DBG] Initialized DbCommand for 'ExecuteReader' (1ms).
2025-12-16 18:54:40.935 +03:00 [DBG] Executing DbCommand [Parameters=[], CommandType='"Text"', CommandTimeout='30']
SELECT "MigrationId", "ProductVersion"
FROM "__EFMigrationsHistory"
ORDER BY "MigrationId";
2025-12-16 18:54:40.936 +03:00 [INF] Executed DbCommand (2ms) [Parameters=[], CommandType='"Text"', CommandTimeout='30']
SELECT "MigrationId", "ProductVersion"
FROM "__EFMigrationsHistory"
ORDER BY "MigrationId";
2025-12-16 18:54:40.938 +03:00 [DBG] Closing data reader to 'AuthServiceDb_Dev' on server 'tcp://localhost:5432'.
2025-12-16 18:54:40.939 +03:00 [DBG] A data reader for 'AuthServiceDb_Dev' on server 'tcp://localhost:5432' is being disposed after spending 1ms reading results.
2025-12-16 18:54:40.940 +03:00 [DBG] Closing connection to database 'AuthServiceDb_Dev' on server 'tcp://localhost:5432'.
2025-12-16 18:54:40.942 +03:00 [DBG] Closed connection to database 'AuthServiceDb_Dev' on server 'tcp://localhost:5432' (1ms).
2025-12-16 18:54:40.951 +03:00 [INF] No migrations were applied. The database is already up to date.
2025-12-16 18:54:40.953 +03:00 [INF] Database migrations applied successfully.
2025-12-16 18:54:40.955 +03:00 [DBG] 'AuthDbContext' disposed.
2025-12-16 18:54:40.957 +03:00 [DBG] Disposing connection to database 'AuthServiceDb_Dev' on server 'tcp://localhost:5432'.
2025-12-16 18:54:40.959 +03:00 [DBG] Disposed connection to database 'AuthServiceDb_Dev' on server 'tcp://localhost:5432' (1ms).
2025-12-16 18:54:40.961 +03:00 [DBG] Hosting starting
2025-12-16 18:54:40.985 +03:00 [INF] User profile is available. Using 'C:\Users\atura\AppData\Local\ASP.NET\DataProtection-Keys' as key repository and Windows DPAPI to encrypt keys at rest.
2025-12-16 18:54:41.002 +03:00 [DBG] Reading data from file 'C:\Users\atura\AppData\Local\ASP.NET\DataProtection-Keys\key-2b41731a-ff2b-4c58-8083-9dd2e8e06c02.xml'.
2025-12-16 18:54:41.009 +03:00 [DBG] Reading data from file 'C:\Users\atura\AppData\Local\ASP.NET\DataProtection-Keys\key-b1bfbf17-5e54-4bcd-856c-81e8ff116985.xml'.
2025-12-16 18:54:41.011 +03:00 [DBG] Reading data from file 'C:\Users\atura\AppData\Local\ASP.NET\DataProtection-Keys\key-d4db8ae3-c3b6-4a1e-a8e6-5ce936ab3dc1.xml'.
2025-12-16 18:54:41.013 +03:00 [DBG] Reading data from file 'C:\Users\atura\AppData\Local\ASP.NET\DataProtection-Keys\key-d528c6a9-5739-4b20-b71f-eef16136c0e0.xml'.
2025-12-16 18:54:41.014 +03:00 [DBG] Reading data from file 'C:\Users\atura\AppData\Local\ASP.NET\DataProtection-Keys\key-f197c843-1f03-4bc8-9e1b-7ef1bcdd878d.xml'.
2025-12-16 18:54:41.020 +03:00 [DBG] Found key {2b41731a-ff2b-4c58-8083-9dd2e8e06c02}.
2025-12-16 18:54:41.024 +03:00 [DBG] Found key {b1bfbf17-5e54-4bcd-856c-81e8ff116985}.
2025-12-16 18:54:41.025 +03:00 [DBG] Found key {d4db8ae3-c3b6-4a1e-a8e6-5ce936ab3dc1}.
2025-12-16 18:54:41.026 +03:00 [DBG] Found key {d528c6a9-5739-4b20-b71f-eef16136c0e0}.
2025-12-16 18:54:41.027 +03:00 [DBG] Found key {f197c843-1f03-4bc8-9e1b-7ef1bcdd878d}.
2025-12-16 18:54:41.033 +03:00 [DBG] Considering key {d528c6a9-5739-4b20-b71f-eef16136c0e0} with expiration date 2026-01-16 09:53:55Z as default key.
2025-12-16 18:54:41.038 +03:00 [DBG] Forwarded activator type request from Microsoft.AspNetCore.DataProtection.XmlEncryption.DpapiXmlDecryptor, Microsoft.AspNetCore.DataProtection, Version=8.0.0.0, Culture=neutral, PublicKeyToken=adb9793829ddae60 to Microsoft.AspNetCore.DataProtection.XmlEncryption.DpapiXmlDecryptor, Microsoft.AspNetCore.DataProtection, Culture=neutral, PublicKeyToken=adb9793829ddae60
2025-12-16 18:54:41.040 +03:00 [DBG] Decrypting secret element using Windows DPAPI.
2025-12-16 18:54:41.042 +03:00 [DBG] Forwarded activator type request from Microsoft.AspNetCore.DataProtection.AuthenticatedEncryption.ConfigurationModel.AuthenticatedEncryptorDescriptorDeserializer, Microsoft.AspNetCore.DataProtection, Version=8.0.0.0, Culture=neutral, PublicKeyToken=adb9793829ddae60 to Microsoft.AspNetCore.DataProtection.AuthenticatedEncryption.ConfigurationModel.AuthenticatedEncryptorDescriptorDeserializer, Microsoft.AspNetCore.DataProtection, Culture=neutral, PublicKeyToken=adb9793829ddae60
2025-12-16 18:54:41.045 +03:00 [DBG] Opening CNG algorithm 'AES' from provider 'null' with chaining mode CBC.
2025-12-16 18:54:41.047 +03:00 [DBG] Opening CNG algorithm 'SHA256' from provider 'null' with HMAC.
2025-12-16 18:54:41.049 +03:00 [DBG] Using key {d528c6a9-5739-4b20-b71f-eef16136c0e0} as the default key.
2025-12-16 18:54:41.050 +03:00 [DBG] Key ring with default key {d528c6a9-5739-4b20-b71f-eef16136c0e0} was loaded during application startup.
2025-12-16 18:54:41.206 +03:00 [INF] Now listening on: https://localhost:7001
2025-12-16 18:54:41.207 +03:00 [INF] Now listening on: http://localhost:5001
2025-12-16 18:54:41.208 +03:00 [DBG] Loaded hosting startup assembly AuthService.API
2025-12-16 18:54:41.208 +03:00 [DBG] Loaded hosting startup assembly Microsoft.WebTools.ApiEndpointDiscovery
2025-12-16 18:54:41.209 +03:00 [DBG] Loaded hosting startup assembly Microsoft.AspNetCore.Watch.BrowserRefresh
2025-12-16 18:54:41.209 +03:00 [DBG] Loaded hosting startup assembly Microsoft.WebTools.BrowserLink.Net
2025-12-16 18:54:41.286 +03:00 [INF] Application started. Press Ctrl+C to shut down.
2025-12-16 18:54:41.287 +03:00 [INF] Hosting environment: Development
2025-12-16 18:54:41.288 +03:00 [INF] Content root path: C:\Users\atura\OneDrive\Masaüstü\Yarışma\appointment-reservation\backend\Services\AuthService\AuthService.API
2025-12-16 18:54:41.289 +03:00 [DBG] Hosting started
2025-12-16 18:54:41.640 +03:00 [DBG] Connection id "0HNHSNDME1A1G" accepted.
2025-12-16 18:54:41.640 +03:00 [DBG] Connection id "0HNHSNDME1A1F" accepted.
2025-12-16 18:54:41.642 +03:00 [DBG] Connection id "0HNHSNDME1A1G" started.
2025-12-16 18:54:41.642 +03:00 [DBG] Connection id "0HNHSNDME1A1F" started.
2025-12-16 18:54:41.658 +03:00 [DBG] Connection id "0HNHSNDME1A1F" received FIN.
2025-12-16 18:54:41.658 +03:00 [DBG] Connection id "0HNHSNDME1A1G" received FIN.
2025-12-16 18:54:41.676 +03:00 [DBG] Failed to authenticate HTTPS connection.
System.IO.IOException: Received an unexpected EOF or 0 bytes from the transport stream.
   at System.Net.Security.SslStream.ReceiveHandshakeFrameAsync[TIOAdapter](CancellationToken cancellationToken)
   at System.Net.Security.SslStream.ForceAuthenticationAsync[TIOAdapter](Boolean receiveFirst, Byte[] reAuthenticationData, CancellationToken cancellationToken)
   at System.Net.Security.SslStream.ProcessAuthenticationWithTelemetryAsync(Boolean isAsync, CancellationToken cancellationToken)
   at Microsoft.AspNetCore.Server.Kestrel.Https.Internal.HttpsConnectionMiddleware.OnConnectionAsync(ConnectionContext context)
2025-12-16 18:54:41.676 +03:00 [DBG] Failed to authenticate HTTPS connection.
System.IO.IOException: Received an unexpected EOF or 0 bytes from the transport stream.
   at System.Net.Security.SslStream.ReceiveHandshakeFrameAsync[TIOAdapter](CancellationToken cancellationToken)
   at System.Net.Security.SslStream.ForceAuthenticationAsync[TIOAdapter](Boolean receiveFirst, Byte[] reAuthenticationData, CancellationToken cancellationToken)
   at System.Net.Security.SslStream.ProcessAuthenticationWithTelemetryAsync(Boolean isAsync, CancellationToken cancellationToken)
   at Microsoft.AspNetCore.Server.Kestrel.Https.Internal.HttpsConnectionMiddleware.OnConnectionAsync(ConnectionContext context)
2025-12-16 18:54:41.702 +03:00 [DBG] Connection id "0HNHSNDME1A1F" stopped.
2025-12-16 18:54:41.702 +03:00 [DBG] Connection id "0HNHSNDME1A1G" stopped.
2025-12-16 18:54:41.705 +03:00 [DBG] Connection id "0HNHSNDME1A1G" sending FIN because: "The Socket transport's send loop completed gracefully."
2025-12-16 18:54:41.705 +03:00 [DBG] Connection id "0HNHSNDME1A1F" sending FIN because: "The Socket transport's send loop completed gracefully."
2025-12-16 18:54:42.253 +03:00 [DBG] Connection id "0HNHSNDME1A1H" accepted.
2025-12-16 18:54:42.255 +03:00 [DBG] Connection id "0HNHSNDME1A1H" started.
2025-12-16 18:54:42.292 +03:00 [DBG] Connection 0HNHSNDME1A1H established using the following protocol: "Tls13"
2025-12-16 18:54:42.355 +03:00 [INF] Request starting HTTP/2 GET https://localhost:7001/swagger/index.html - null null
2025-12-16 18:54:42.444 +03:00 [DBG] Wildcard detected, all requests with hosts will be allowed.
2025-12-16 18:54:42.465 +03:00 [DBG] No candidates found for the request path '/swagger/index.html'
2025-12-16 18:54:42.468 +03:00 [DBG] Request did not match any endpoints
2025-12-16 18:54:42.531 +03:00 [DBG] Response markup is scheduled to include Browser Link script injection.
2025-12-16 18:54:42.533 +03:00 [DBG] Response markup is scheduled to include browser refresh script injection.
2025-12-16 18:54:42.539 +03:00 [DBG] Response markup was updated to include Browser Link script injection.
2025-12-16 18:54:42.540 +03:00 [DBG] Response markup was updated to include browser refresh script injection.
2025-12-16 18:54:42.546 +03:00 [INF] Request finished HTTP/2 GET https://localhost:7001/swagger/index.html - 200 null text/html;charset=utf-8 200.7804ms
2025-12-16 18:54:42.556 +03:00 [INF] Request starting HTTP/2 GET https://localhost:7001/_framework/aspnetcore-browser-refresh.js - null null
2025-12-16 18:54:42.556 +03:00 [INF] Request starting HTTP/2 GET https://localhost:7001/swagger/index.js - null null
2025-12-16 18:54:42.562 +03:00 [DBG] No candidates found for the request path '/swagger/index.js'
2025-12-16 18:54:42.563 +03:00 [DBG] Request did not match any endpoints
2025-12-16 18:54:42.567 +03:00 [INF] Request finished HTTP/2 GET https://localhost:7001/swagger/index.js - 200 null application/javascript;charset=utf-8 11.3458ms
2025-12-16 18:54:42.567 +03:00 [INF] Request starting HTTP/2 GET https://localhost:7001/_vs/browserLink - null null
2025-12-16 18:54:42.569 +03:00 [INF] Request finished HTTP/2 GET https://localhost:7001/_framework/aspnetcore-browser-refresh.js - 200 13782 application/javascript; charset=utf-8 13.5914ms
2025-12-16 18:54:42.608 +03:00 [INF] Request finished HTTP/2 GET https://localhost:7001/_vs/browserLink - 200 null text/javascript; charset=UTF-8 41.1001ms
2025-12-16 18:54:42.705 +03:00 [INF] Request starting HTTP/2 GET https://localhost:7001/swagger/v1/swagger.json - null null
2025-12-16 18:54:42.707 +03:00 [DBG] No candidates found for the request path '/swagger/v1/swagger.json'
2025-12-16 18:54:42.708 +03:00 [DBG] Request did not match any endpoints
2025-12-16 18:54:42.736 +03:00 [INF] Request finished HTTP/2 GET https://localhost:7001/swagger/v1/swagger.json - 200 null application/json;charset=utf-8 31.5821ms
2025-12-16 18:54:56.727 +03:00 [INF] Request starting HTTP/2 POST https://localhost:7001/api/Auth/register - application/json 178
2025-12-16 18:54:56.734 +03:00 [DBG] 1 candidate(s) found for the request path '/api/Auth/register'
2025-12-16 18:54:56.735 +03:00 [DBG] Endpoint 'AuthService.API.Controllers.AuthController.Register (AuthService.API)' with route pattern 'api/Auth/register' is valid for the request path '/api/Auth/register'
2025-12-16 18:54:56.737 +03:00 [DBG] Request matched endpoint 'AuthService.API.Controllers.AuthController.Register (AuthService.API)'
2025-12-16 18:54:56.739 +03:00 [DBG] Static files was skipped as the request already matched an endpoint.
2025-12-16 18:54:56.743 +03:00 [DBG] The request has an origin header: 'https://localhost:7001'.
2025-12-16 18:54:56.744 +03:00 [INF] CORS policy execution successful.
2025-12-16 18:54:56.813 +03:00 [DBG] AuthenticationScheme: Bearer was not authenticated.
2025-12-16 18:54:56.816 +03:00 [INF] Executing endpoint 'AuthService.API.Controllers.AuthController.Register (AuthService.API)'
2025-12-16 18:54:56.838 +03:00 [INF] Route matched with {action = "Register", controller = "Auth"}. Executing controller action with signature Microsoft.AspNetCore.Mvc.IActionResult Register(AuthService.Entities.DTOs.UserForRegisterDto) on controller AuthService.API.Controllers.AuthController (AuthService.API).
2025-12-16 18:54:56.841 +03:00 [DBG] Execution plan of authorization filters (in the following order): ["None"]
2025-12-16 18:54:56.842 +03:00 [DBG] Execution plan of resource filters (in the following order): ["None"]
2025-12-16 18:54:56.843 +03:00 [DBG] Execution plan of action filters (in the following order): ["Microsoft.AspNetCore.Mvc.ModelBinding.UnsupportedContentTypeFilter (Order: -3000)","Microsoft.AspNetCore.Mvc.Infrastructure.ModelStateInvalidFilter (Order: -2000)"]
2025-12-16 18:54:56.844 +03:00 [DBG] Execution plan of exception filters (in the following order): ["None"]
2025-12-16 18:54:56.846 +03:00 [DBG] Execution plan of result filters (in the following order): ["Microsoft.AspNetCore.Mvc.Infrastructure.ClientErrorResultFilter (Order: -2000)","Microsoft.AspNetCore.Mvc.ProducesAttribute (Order: 0)"]
2025-12-16 18:54:56.849 +03:00 [DBG] Executing controller factory for controller AuthService.API.Controllers.AuthController (AuthService.API)
2025-12-16 18:54:56.923 +03:00 [DBG] Executed controller factory for controller AuthService.API.Controllers.AuthController (AuthService.API)
2025-12-16 18:54:56.937 +03:00 [DBG] Attempting to bind parameter 'userForRegisterDto' of type 'AuthService.Entities.DTOs.UserForRegisterDto' ...
2025-12-16 18:54:56.940 +03:00 [DBG] Attempting to bind parameter 'userForRegisterDto' of type 'AuthService.Entities.DTOs.UserForRegisterDto' using the name '' in request data ...
2025-12-16 18:54:56.942 +03:00 [DBG] Selected input formatter 'Microsoft.AspNetCore.Mvc.Formatters.SystemTextJsonInputFormatter' for content type 'application/json'.
2025-12-16 18:54:56.951 +03:00 [DBG] Connection id "0HNHSNDME1A1H", Request id "0HNHSNDME1A1H:0000000B": started reading request body.
2025-12-16 18:54:56.953 +03:00 [DBG] Connection id "0HNHSNDME1A1H", Request id "0HNHSNDME1A1H:0000000B": done reading request body.
2025-12-16 18:54:56.964 +03:00 [DBG] JSON input formatter succeeded, deserializing to type 'AuthService.Entities.DTOs.UserForRegisterDto'
2025-12-16 18:54:56.965 +03:00 [DBG] Done attempting to bind parameter 'userForRegisterDto' of type 'AuthService.Entities.DTOs.UserForRegisterDto'.
2025-12-16 18:54:56.966 +03:00 [DBG] Done attempting to bind parameter 'userForRegisterDto' of type 'AuthService.Entities.DTOs.UserForRegisterDto'.
2025-12-16 18:54:56.967 +03:00 [DBG] Attempting to validate the bound parameter 'userForRegisterDto' of type 'AuthService.Entities.DTOs.UserForRegisterDto' ...
2025-12-16 18:54:57.014 +03:00 [DBG] Done attempting to validate the bound parameter 'userForRegisterDto' of type 'AuthService.Entities.DTOs.UserForRegisterDto'.
2025-12-16 18:54:58.171 +03:00 [DBG] Entity Framework Core 8.0.17 initialized 'AuthDbContext' using provider 'Npgsql.EntityFrameworkCore.PostgreSQL:8.0.10+18d07c54eacaffa5bf8128d47eecdb5255d86376' with options: None
2025-12-16 18:54:58.193 +03:00 [DBG] Compiling query expression: 
'DbSet<User>()
    .FirstOrDefault(u => u.Email == __email_0)'
2025-12-16 18:54:58.332 +03:00 [DBG] Generated query execution expression: 
'queryContext => new SingleQueryingEnumerable<User>(
    (RelationalQueryContext)queryContext, 
    RelationalCommandCache.QueryExpression(
        Projection Mapping:
            EmptyProjectionMember -> Dictionary<IProperty, int> { [Property: User.Id (int) Required PK AfterSave:Throw ValueGenerated.OnAdd, 0], [Property: User.CreatedDate (DateTime) Required, 1], [Property: User.Email (string) Required Index MaxLength(100), 2], [Property: User.FailedLoginAttempts (int) Required, 3], [Property: User.FirstName (string) Required MaxLength(50), 4], [Property: User.IdentityNumber (string) Required MaxLength(11), 5], [Property: User.IsEmailVerified (bool) Required, 6], [Property: User.LastName (string) MaxLength(50), 7], [Property: User.LockoutEndTime (DateTime?), 8], [Property: User.PasswordHash (byte[]) Required, 9], [Property: User.PasswordSalt (byte[]) Required, 10], [Property: User.PhoneNumber (string) MaxLength(20), 11], [Property: User.RefreshToken (string), 12], [Property: User.RefreshTokenExpiration (DateTime?), 13], [Property: User.Status (bool) Required, 14], [Property: User.UpdatedDate (DateTime?), 15] }
        SELECT TOP(1) u.Id, u.CreatedDate, u.Email, u.FailedLoginAttempts, u.FirstName, u.IdentityNumber, u.IsEmailVerified, u.LastName, u.LockoutEndTime, u.PasswordHash, u.PasswordSalt, u.PhoneNumber, u.RefreshToken, u.RefreshTokenExpiration, u.Status, u.UpdatedDate
        FROM Users AS u
        WHERE u.Email == @__email_0), 
    null, 
    Func<QueryContext, DbDataReader, ResultContext, SingleQueryResultCoordinator, User>, 
    AuthService.DataAccess.Concrete.EntityFramework.AuthDbContext, 
    False, 
    False, 
    True
)
    .SingleOrDefault()'
2025-12-16 18:54:58.353 +03:00 [DBG] Creating DbConnection.
2025-12-16 18:54:58.354 +03:00 [DBG] Created DbConnection. (0ms).
2025-12-16 18:54:58.355 +03:00 [DBG] Opening connection to database 'AuthServiceDb_Dev' on server 'tcp://localhost:5432'.
2025-12-16 18:54:58.356 +03:00 [DBG] Opened connection to database 'AuthServiceDb_Dev' on server 'tcp://localhost:5432'.
2025-12-16 18:54:58.357 +03:00 [DBG] Creating DbCommand for 'ExecuteReader'.
2025-12-16 18:54:58.358 +03:00 [DBG] Created DbCommand for 'ExecuteReader' (0ms).
2025-12-16 18:54:58.361 +03:00 [DBG] Initialized DbCommand for 'ExecuteReader' (4ms).
2025-12-16 18:54:58.365 +03:00 [DBG] Executing DbCommand [Parameters=[@__email_0='?'], CommandType='"Text"', CommandTimeout='30']
SELECT u."Id", u."CreatedDate", u."Email", u."FailedLoginAttempts", u."FirstName", u."IdentityNumber", u."IsEmailVerified", u."LastName", u."LockoutEndTime", u."PasswordHash", u."PasswordSalt", u."PhoneNumber", u."RefreshToken", u."RefreshTokenExpiration", u."Status", u."UpdatedDate"
FROM "Users" AS u
WHERE u."Email" = @__email_0
LIMIT 1
2025-12-16 18:54:58.376 +03:00 [INF] Executed DbCommand (13ms) [Parameters=[@__email_0='?'], CommandType='"Text"', CommandTimeout='30']
SELECT u."Id", u."CreatedDate", u."Email", u."FailedLoginAttempts", u."FirstName", u."IdentityNumber", u."IsEmailVerified", u."LastName", u."LockoutEndTime", u."PasswordHash", u."PasswordSalt", u."PhoneNumber", u."RefreshToken", u."RefreshTokenExpiration", u."Status", u."UpdatedDate"
FROM "Users" AS u
WHERE u."Email" = @__email_0
LIMIT 1
2025-12-16 18:54:58.395 +03:00 [ERR] An exception occurred while iterating over the results of a query for context type 'AuthService.DataAccess.Concrete.EntityFramework.AuthDbContext'.
System.InvalidCastException: Column 'IdentityNumber' is null.
   at Npgsql.ThrowHelper.ThrowInvalidCastException_NoValue(FieldDescription field)
   at Npgsql.NpgsqlDataReader.DbNullValueOrThrow[T](Int32 ordinal)
   at Npgsql.NpgsqlDataReader.GetFieldValueCore[T](Int32 ordinal)
   at Npgsql.NpgsqlDataReader.GetString(Int32 ordinal)
   at lambda_method519(Closure, QueryContext, DbDataReader, ResultContext, SingleQueryResultCoordinator)
   at Microsoft.EntityFrameworkCore.Query.Internal.SingleQueryingEnumerable`1.Enumerator.MoveNext()
System.InvalidCastException: Column 'IdentityNumber' is null.
   at Npgsql.ThrowHelper.ThrowInvalidCastException_NoValue(FieldDescription field)
   at Npgsql.NpgsqlDataReader.DbNullValueOrThrow[T](Int32 ordinal)
   at Npgsql.NpgsqlDataReader.GetFieldValueCore[T](Int32 ordinal)
   at Npgsql.NpgsqlDataReader.GetString(Int32 ordinal)
   at lambda_method519(Closure, QueryContext, DbDataReader, ResultContext, SingleQueryResultCoordinator)
   at Microsoft.EntityFrameworkCore.Query.Internal.SingleQueryingEnumerable`1.Enumerator.MoveNext()
2025-12-16 18:54:58.712 +03:00 [DBG] Closing data reader to 'AuthServiceDb_Dev' on server 'tcp://localhost:5432'.
2025-12-16 18:54:58.713 +03:00 [DBG] A data reader for 'AuthServiceDb_Dev' on server 'tcp://localhost:5432' is being disposed after spending 334ms reading results.
2025-12-16 18:54:58.714 +03:00 [DBG] Closing connection to database 'AuthServiceDb_Dev' on server 'tcp://localhost:5432'.
2025-12-16 18:54:58.716 +03:00 [DBG] Closed connection to database 'AuthServiceDb_Dev' on server 'tcp://localhost:5432' (1ms).
2025-12-16 18:54:58.725 +03:00 [INF] Executed action AuthService.API.Controllers.AuthController.Register (AuthService.API) in 1875.9647ms
2025-12-16 18:54:58.731 +03:00 [INF] Executed endpoint 'AuthService.API.Controllers.AuthController.Register (AuthService.API)'
2025-12-16 18:55:10.758 +03:00 [ERR] [User: Anonymous] [IP: ::1] POST /api/Auth/register - InvalidCastException: Column 'IdentityNumber' is null.
System.InvalidCastException: Column 'IdentityNumber' is null.
   at Npgsql.ThrowHelper.ThrowInvalidCastException_NoValue(FieldDescription field)
   at Npgsql.NpgsqlDataReader.DbNullValueOrThrow[T](Int32 ordinal)
   at Npgsql.NpgsqlDataReader.GetFieldValueCore[T](Int32 ordinal)
   at Npgsql.NpgsqlDataReader.GetString(Int32 ordinal)
   at lambda_method519(Closure, QueryContext, DbDataReader, ResultContext, SingleQueryResultCoordinator)
   at Microsoft.EntityFrameworkCore.Query.Internal.SingleQueryingEnumerable`1.Enumerator.MoveNext()
   at System.Linq.Enumerable.TryGetSingle[TSource](IEnumerable`1 source, Boolean& found)
   at lambda_method520(Closure, QueryContext)
   at Microsoft.EntityFrameworkCore.Query.Internal.QueryCompiler.Execute[TResult](Expression query)
   at Microsoft.EntityFrameworkCore.Query.Internal.EntityQueryProvider.Execute[TResult](Expression expression)
   at AuthService.DataAccess.Concrete.EntityFramework.EfUserDal.GetByEmail(String email) in C:\Users\atura\OneDrive\Masaüstü\Yarışma\appointment-reservation\backend\Services\AuthService\AuthService.DataAccess\Concrete\EntityFramework\EfUserDal.cs:line 30
   at AuthService.Business.Concrete.AuthManager.UserExists(String email) in C:\Users\atura\OneDrive\Masaüstü\Yarışma\appointment-reservation\backend\Services\AuthService\AuthService.Business\Concrete\AuthManager.cs:line 318
   at AuthService.Business.Concrete.AuthManager.Register(UserForRegisterDto userForRegisterDto) in C:\Users\atura\OneDrive\Masaüstü\Yarışma\appointment-reservation\backend\Services\AuthService\AuthService.Business\Concrete\AuthManager.cs:line 51
   at AuthService.API.Controllers.AuthController.Register(UserForRegisterDto userForRegisterDto) in C:\Users\atura\OneDrive\Masaüstü\Yarışma\appointment-reservation\backend\Services\AuthService\AuthService.API\Controllers\AuthController.cs:line 35
   at lambda_method488(Closure, Object, Object[])
   at Microsoft.AspNetCore.Mvc.Infrastructure.ActionMethodExecutor.SyncActionResultExecutor.Execute(ActionContext actionContext, IActionResultTypeMapper mapper, ObjectMethodExecutor executor, Object controller, Object[] arguments)
   at Microsoft.AspNetCore.Mvc.Infrastructure.ControllerActionInvoker.InvokeActionMethodAsync()
   at Microsoft.AspNetCore.Mvc.Infrastructure.ControllerActionInvoker.Next(State& next, Scope& scope, Object& state, Boolean& isCompleted)
   at Microsoft.AspNetCore.Mvc.Infrastructure.ControllerActionInvoker.InvokeNextActionFilterAsync()
--- End of stack trace from previous location ---
   at Microsoft.AspNetCore.Mvc.Infrastructure.ControllerActionInvoker.Rethrow(ActionExecutedContextSealed context)
   at Microsoft.AspNetCore.Mvc.Infrastructure.ControllerActionInvoker.Next(State& next, Scope& scope, Object& state, Boolean& isCompleted)
   at Microsoft.AspNetCore.Mvc.Infrastructure.ControllerActionInvoker.InvokeInnerFilterAsync()
--- End of stack trace from previous location ---
   at Microsoft.AspNetCore.Mvc.Infrastructure.ResourceInvoker.<InvokeFilterPipelineAsync>g__Awaited|20_0(ResourceInvoker invoker, Task lastTask, State next, Scope scope, Object state, Boolean isCompleted)
   at Microsoft.AspNetCore.Mvc.Infrastructure.ResourceInvoker.<InvokeAsync>g__Logged|17_1(ResourceInvoker invoker)
   at Microsoft.AspNetCore.Mvc.Infrastructure.ResourceInvoker.<InvokeAsync>g__Logged|17_1(ResourceInvoker invoker)
   at Microsoft.AspNetCore.Routing.EndpointMiddleware.<Invoke>g__AwaitRequestTask|7_0(Endpoint endpoint, Task requestTask, ILogger logger)
   at Microsoft.AspNetCore.Authorization.AuthorizationMiddleware.Invoke(HttpContext context)
   at Microsoft.AspNetCore.Authentication.AuthenticationMiddleware.Invoke(HttpContext context)
   at Core.Extensions.ExceptionMiddleware.InvokeAsync(HttpContext context) in C:\Users\atura\OneDrive\Masaüstü\Yarışma\appointment-reservation\backend\Shared\Core\Extensions\ExceptionMiddleware.cs:line 29
2025-12-16 18:55:10.866 +03:00 [DBG] 'AuthDbContext' disposed.
2025-12-16 18:55:10.869 +03:00 [DBG] Disposing connection to database 'AuthServiceDb_Dev' on server 'tcp://localhost:5432'.
2025-12-16 18:55:10.871 +03:00 [DBG] Disposed connection to database 'AuthServiceDb_Dev' on server 'tcp://localhost:5432' (2ms).
2025-12-16 18:55:10.872 +03:00 [INF] Request finished HTTP/2 POST https://localhost:7001/api/Auth/register - 500 null application/json 14145.2055ms
2025-12-16 18:55:15.143 +03:00 [INF] Request starting HTTP/2 POST https://localhost:7001/api/Auth/register - application/json 176
2025-12-16 18:55:15.146 +03:00 [DBG] 1 candidate(s) found for the request path '/api/Auth/register'
2025-12-16 18:55:15.147 +03:00 [DBG] Endpoint 'AuthService.API.Controllers.AuthController.Register (AuthService.API)' with route pattern 'api/Auth/register' is valid for the request path '/api/Auth/register'
2025-12-16 18:55:15.148 +03:00 [DBG] Request matched endpoint 'AuthService.API.Controllers.AuthController.Register (AuthService.API)'
2025-12-16 18:55:15.150 +03:00 [DBG] Static files was skipped as the request already matched an endpoint.
2025-12-16 18:55:15.151 +03:00 [DBG] The request has an origin header: 'https://localhost:7001'.
2025-12-16 18:55:15.151 +03:00 [INF] CORS policy execution successful.
2025-12-16 18:55:15.152 +03:00 [DBG] AuthenticationScheme: Bearer was not authenticated.
2025-12-16 18:55:15.153 +03:00 [INF] Executing endpoint 'AuthService.API.Controllers.AuthController.Register (AuthService.API)'
2025-12-16 18:55:15.154 +03:00 [INF] Route matched with {action = "Register", controller = "Auth"}. Executing controller action with signature Microsoft.AspNetCore.Mvc.IActionResult Register(AuthService.Entities.DTOs.UserForRegisterDto) on controller AuthService.API.Controllers.AuthController (AuthService.API).
2025-12-16 18:55:15.155 +03:00 [DBG] Execution plan of authorization filters (in the following order): ["None"]
2025-12-16 18:55:15.156 +03:00 [DBG] Execution plan of resource filters (in the following order): ["None"]
2025-12-16 18:55:15.157 +03:00 [DBG] Execution plan of action filters (in the following order): ["Microsoft.AspNetCore.Mvc.ModelBinding.UnsupportedContentTypeFilter (Order: -3000)","Microsoft.AspNetCore.Mvc.Infrastructure.ModelStateInvalidFilter (Order: -2000)"]
2025-12-16 18:55:15.158 +03:00 [DBG] Execution plan of exception filters (in the following order): ["None"]
2025-12-16 18:55:15.159 +03:00 [DBG] Execution plan of result filters (in the following order): ["Microsoft.AspNetCore.Mvc.Infrastructure.ClientErrorResultFilter (Order: -2000)","Microsoft.AspNetCore.Mvc.ProducesAttribute (Order: 0)"]
2025-12-16 18:55:15.160 +03:00 [DBG] Executing controller factory for controller AuthService.API.Controllers.AuthController (AuthService.API)
2025-12-16 18:55:15.162 +03:00 [DBG] Executed controller factory for controller AuthService.API.Controllers.AuthController (AuthService.API)
2025-12-16 18:55:15.163 +03:00 [DBG] Attempting to bind parameter 'userForRegisterDto' of type 'AuthService.Entities.DTOs.UserForRegisterDto' ...
2025-12-16 18:55:15.164 +03:00 [DBG] Attempting to bind parameter 'userForRegisterDto' of type 'AuthService.Entities.DTOs.UserForRegisterDto' using the name '' in request data ...
2025-12-16 18:55:15.165 +03:00 [DBG] Selected input formatter 'Microsoft.AspNetCore.Mvc.Formatters.SystemTextJsonInputFormatter' for content type 'application/json'.
2025-12-16 18:55:15.166 +03:00 [DBG] Connection id "0HNHSNDME1A1H", Request id "0HNHSNDME1A1H:0000000D": started reading request body.
2025-12-16 18:55:15.167 +03:00 [DBG] Connection id "0HNHSNDME1A1H", Request id "0HNHSNDME1A1H:0000000D": done reading request body.
2025-12-16 18:55:15.168 +03:00 [DBG] JSON input formatter succeeded, deserializing to type 'AuthService.Entities.DTOs.UserForRegisterDto'
2025-12-16 18:55:15.169 +03:00 [DBG] Done attempting to bind parameter 'userForRegisterDto' of type 'AuthService.Entities.DTOs.UserForRegisterDto'.
2025-12-16 18:55:15.170 +03:00 [DBG] Done attempting to bind parameter 'userForRegisterDto' of type 'AuthService.Entities.DTOs.UserForRegisterDto'.
2025-12-16 18:55:15.171 +03:00 [DBG] Attempting to validate the bound parameter 'userForRegisterDto' of type 'AuthService.Entities.DTOs.UserForRegisterDto' ...
2025-12-16 18:55:15.173 +03:00 [DBG] Done attempting to validate the bound parameter 'userForRegisterDto' of type 'AuthService.Entities.DTOs.UserForRegisterDto'.
2025-12-16 18:55:16.589 +03:00 [DBG] Entity Framework Core 8.0.17 initialized 'AuthDbContext' using provider 'Npgsql.EntityFrameworkCore.PostgreSQL:8.0.10+18d07c54eacaffa5bf8128d47eecdb5255d86376' with options: None
2025-12-16 18:55:16.593 +03:00 [DBG] Creating DbConnection.
2025-12-16 18:55:16.594 +03:00 [DBG] Created DbConnection. (0ms).
2025-12-16 18:55:16.595 +03:00 [DBG] Opening connection to database 'AuthServiceDb_Dev' on server 'tcp://localhost:5432'.
2025-12-16 18:55:16.596 +03:00 [DBG] Opened connection to database 'AuthServiceDb_Dev' on server 'tcp://localhost:5432'.
2025-12-16 18:55:16.598 +03:00 [DBG] Creating DbCommand for 'ExecuteReader'.
2025-12-16 18:55:16.598 +03:00 [DBG] Created DbCommand for 'ExecuteReader' (0ms).
2025-12-16 18:55:16.599 +03:00 [DBG] Initialized DbCommand for 'ExecuteReader' (1ms).
2025-12-16 18:55:16.601 +03:00 [DBG] Executing DbCommand [Parameters=[@__email_0='?'], CommandType='"Text"', CommandTimeout='30']
SELECT u."Id", u."CreatedDate", u."Email", u."FailedLoginAttempts", u."FirstName", u."IdentityNumber", u."IsEmailVerified", u."LastName", u."LockoutEndTime", u."PasswordHash", u."PasswordSalt", u."PhoneNumber", u."RefreshToken", u."RefreshTokenExpiration", u."Status", u."UpdatedDate"
FROM "Users" AS u
WHERE u."Email" = @__email_0
LIMIT 1
2025-12-16 18:55:16.602 +03:00 [INF] Executed DbCommand (2ms) [Parameters=[@__email_0='?'], CommandType='"Text"', CommandTimeout='30']
SELECT u."Id", u."CreatedDate", u."Email", u."FailedLoginAttempts", u."FirstName", u."IdentityNumber", u."IsEmailVerified", u."LastName", u."LockoutEndTime", u."PasswordHash", u."PasswordSalt", u."PhoneNumber", u."RefreshToken", u."RefreshTokenExpiration", u."Status", u."UpdatedDate"
FROM "Users" AS u
WHERE u."Email" = @__email_0
LIMIT 1
2025-12-16 18:55:16.604 +03:00 [DBG] Closing data reader to 'AuthServiceDb_Dev' on server 'tcp://localhost:5432'.
2025-12-16 18:55:16.605 +03:00 [DBG] A data reader for 'AuthServiceDb_Dev' on server 'tcp://localhost:5432' is being disposed after spending 0ms reading results.
2025-12-16 18:55:16.606 +03:00 [DBG] Closing connection to database 'AuthServiceDb_Dev' on server 'tcp://localhost:5432'.
2025-12-16 18:55:16.607 +03:00 [DBG] Closed connection to database 'AuthServiceDb_Dev' on server 'tcp://localhost:5432' (0ms).
2025-12-16 18:55:16.626 +03:00 [DBG] 'AuthDbContext' generated a temporary value for the property 'User.Id'. Consider using 'DbContextOptionsBuilder.EnableSensitiveDataLogging' to see key values.
2025-12-16 18:55:16.667 +03:00 [DBG] Context 'AuthDbContext' started tracking 'User' entity. Consider using 'DbContextOptionsBuilder.EnableSensitiveDataLogging' to see key values.
2025-12-16 18:55:16.669 +03:00 [DBG] SaveChanges starting for 'AuthDbContext'.
2025-12-16 18:55:16.671 +03:00 [DBG] DetectChanges starting for 'AuthDbContext'.
2025-12-16 18:55:16.684 +03:00 [DBG] DetectChanges completed for 'AuthDbContext'.
2025-12-16 18:55:16.723 +03:00 [DBG] Opening connection to database 'AuthServiceDb_Dev' on server 'tcp://localhost:5432'.
2025-12-16 18:55:16.724 +03:00 [DBG] Opened connection to database 'AuthServiceDb_Dev' on server 'tcp://localhost:5432'.
2025-12-16 18:55:16.726 +03:00 [DBG] Creating DbCommand for 'ExecuteReader'.
2025-12-16 18:55:16.726 +03:00 [DBG] Created DbCommand for 'ExecuteReader' (0ms).
2025-12-16 18:55:16.727 +03:00 [DBG] Initialized DbCommand for 'ExecuteReader' (1ms).
2025-12-16 18:55:16.728 +03:00 [DBG] Executing DbCommand [Parameters=[@p0='?' (DbType = DateTime), @p1='?', @p2='?' (DbType = Int32), @p3='?', @p4='?', @p5='?' (DbType = Boolean), @p6='?', @p7='?' (DbType = DateTime), @p8='?' (DbType = Binary), @p9='?' (DbType = Binary), @p10='?', @p11='?', @p12='?' (DbType = DateTime), @p13='?' (DbType = Boolean), @p14='?' (DbType = DateTime)], CommandType='"Text"', CommandTimeout='30']
INSERT INTO "Users" ("CreatedDate", "Email", "FailedLoginAttempts", "FirstName", "IdentityNumber", "IsEmailVerified", "LastName", "LockoutEndTime", "PasswordHash", "PasswordSalt", "PhoneNumber", "RefreshToken", "RefreshTokenExpiration", "Status", "UpdatedDate")
VALUES (@p0, @p1, @p2, @p3, @p4, @p5, @p6, @p7, @p8, @p9, @p10, @p11, @p12, @p13, @p14)
RETURNING "Id";
2025-12-16 18:55:16.737 +03:00 [INF] Executed DbCommand (9ms) [Parameters=[@p0='?' (DbType = DateTime), @p1='?', @p2='?' (DbType = Int32), @p3='?', @p4='?', @p5='?' (DbType = Boolean), @p6='?', @p7='?' (DbType = DateTime), @p8='?' (DbType = Binary), @p9='?' (DbType = Binary), @p10='?', @p11='?', @p12='?' (DbType = DateTime), @p13='?' (DbType = Boolean), @p14='?' (DbType = DateTime)], CommandType='"Text"', CommandTimeout='30']
INSERT INTO "Users" ("CreatedDate", "Email", "FailedLoginAttempts", "FirstName", "IdentityNumber", "IsEmailVerified", "LastName", "LockoutEndTime", "PasswordHash", "PasswordSalt", "PhoneNumber", "RefreshToken", "RefreshTokenExpiration", "Status", "UpdatedDate")
VALUES (@p0, @p1, @p2, @p3, @p4, @p5, @p6, @p7, @p8, @p9, @p10, @p11, @p12, @p13, @p14)
RETURNING "Id";
2025-12-16 18:55:16.745 +03:00 [DBG] The foreign key property 'User.Id' was detected as changed. Consider using 'DbContextOptionsBuilder.EnableSensitiveDataLogging' to see property values.
2025-12-16 18:55:16.751 +03:00 [DBG] Closing data reader to 'AuthServiceDb_Dev' on server 'tcp://localhost:5432'.
2025-12-16 18:55:16.752 +03:00 [DBG] A data reader for 'AuthServiceDb_Dev' on server 'tcp://localhost:5432' is being disposed after spending 13ms reading results.
2025-12-16 18:55:16.753 +03:00 [DBG] Closing connection to database 'AuthServiceDb_Dev' on server 'tcp://localhost:5432'.
2025-12-16 18:55:16.754 +03:00 [DBG] Closed connection to database 'AuthServiceDb_Dev' on server 'tcp://localhost:5432' (0ms).
2025-12-16 18:55:16.762 +03:00 [DBG] An entity of type 'User' tracked by 'AuthDbContext' changed state from '"Added"' to '"Unchanged"'. Consider using 'DbContextOptionsBuilder.EnableSensitiveDataLogging' to see key values.
2025-12-16 18:55:16.764 +03:00 [DBG] SaveChanges completed for 'AuthDbContext' with 1 entities written to the database.
2025-12-16 18:55:16.766 +03:00 [DBG] Compiling query expression: 
'DbSet<OperationClaim>()
    .FirstOrDefault(oc => oc.Name == __name_0)'
2025-12-16 18:55:16.770 +03:00 [DBG] Generated query execution expression: 
'queryContext => new SingleQueryingEnumerable<OperationClaim>(
    (RelationalQueryContext)queryContext, 
    RelationalCommandCache.QueryExpression(
        Projection Mapping:
            EmptyProjectionMember -> Dictionary<IProperty, int> { [Property: OperationClaim.Id (int) Required PK AfterSave:Throw ValueGenerated.OnAdd, 0], [Property: OperationClaim.CreatedDate (DateTime) Required, 1], [Property: OperationClaim.Description (string) MaxLength(200), 2], [Property: OperationClaim.Name (string) Required Index MaxLength(50), 3] }
        SELECT TOP(1) o.Id, o.CreatedDate, o.Description, o.Name
        FROM OperationClaims AS o
        WHERE o.Name == @__name_0), 
    null, 
    Func<QueryContext, DbDataReader, ResultContext, SingleQueryResultCoordinator, OperationClaim>, 
    AuthService.DataAccess.Concrete.EntityFramework.AuthDbContext, 
    False, 
    False, 
    True
)
    .SingleOrDefault()'
2025-12-16 18:55:16.772 +03:00 [DBG] Opening connection to database 'AuthServiceDb_Dev' on server 'tcp://localhost:5432'.
2025-12-16 18:55:16.772 +03:00 [DBG] Opened connection to database 'AuthServiceDb_Dev' on server 'tcp://localhost:5432'.
2025-12-16 18:55:16.773 +03:00 [DBG] Creating DbCommand for 'ExecuteReader'.
2025-12-16 18:55:16.774 +03:00 [DBG] Created DbCommand for 'ExecuteReader' (0ms).
2025-12-16 18:55:16.775 +03:00 [DBG] Initialized DbCommand for 'ExecuteReader' (1ms).
2025-12-16 18:55:16.776 +03:00 [DBG] Executing DbCommand [Parameters=[@__name_0='?'], CommandType='"Text"', CommandTimeout='30']
SELECT o."Id", o."CreatedDate", o."Description", o."Name"
FROM "OperationClaims" AS o
WHERE o."Name" = @__name_0
LIMIT 1
2025-12-16 18:55:16.778 +03:00 [INF] Executed DbCommand (3ms) [Parameters=[@__name_0='?'], CommandType='"Text"', CommandTimeout='30']
SELECT o."Id", o."CreatedDate", o."Description", o."Name"
FROM "OperationClaims" AS o
WHERE o."Name" = @__name_0
LIMIT 1
2025-12-16 18:55:16.785 +03:00 [DBG] Context 'AuthDbContext' started tracking 'OperationClaim' entity. Consider using 'DbContextOptionsBuilder.EnableSensitiveDataLogging' to see key values.
2025-12-16 18:55:16.790 +03:00 [DBG] Closing data reader to 'AuthServiceDb_Dev' on server 'tcp://localhost:5432'.
2025-12-16 18:55:16.791 +03:00 [DBG] A data reader for 'AuthServiceDb_Dev' on server 'tcp://localhost:5432' is being disposed after spending 10ms reading results.
2025-12-16 18:55:16.792 +03:00 [DBG] Closing connection to database 'AuthServiceDb_Dev' on server 'tcp://localhost:5432'.
2025-12-16 18:55:16.793 +03:00 [DBG] Closed connection to database 'AuthServiceDb_Dev' on server 'tcp://localhost:5432' (0ms).
2025-12-16 18:55:16.795 +03:00 [DBG] 'AuthDbContext' generated a temporary value for the property 'UserOperationClaim.Id'. Consider using 'DbContextOptionsBuilder.EnableSensitiveDataLogging' to see key values.
2025-12-16 18:55:16.803 +03:00 [DBG] The navigation 'UserOperationClaim.OperationClaim' was detected as changed. Consider using 'DbContextOptionsBuilder.EnableSensitiveDataLogging' to see key values.
2025-12-16 18:55:16.810 +03:00 [DBG] The navigation 'UserOperationClaim.User' was detected as changed. Consider using 'DbContextOptionsBuilder.EnableSensitiveDataLogging' to see key values.
2025-12-16 18:55:16.813 +03:00 [DBG] Context 'AuthDbContext' started tracking 'UserOperationClaim' entity. Consider using 'DbContextOptionsBuilder.EnableSensitiveDataLogging' to see key values.
2025-12-16 18:55:16.813 +03:00 [DBG] SaveChanges starting for 'AuthDbContext'.
2025-12-16 18:55:16.814 +03:00 [DBG] DetectChanges starting for 'AuthDbContext'.
2025-12-16 18:55:16.819 +03:00 [DBG] DetectChanges completed for 'AuthDbContext'.
2025-12-16 18:55:16.821 +03:00 [DBG] Opening connection to database 'AuthServiceDb_Dev' on server 'tcp://localhost:5432'.
2025-12-16 18:55:16.822 +03:00 [DBG] Opened connection to database 'AuthServiceDb_Dev' on server 'tcp://localhost:5432'.
2025-12-16 18:55:16.823 +03:00 [DBG] Creating DbCommand for 'ExecuteReader'.
2025-12-16 18:55:16.824 +03:00 [DBG] Created DbCommand for 'ExecuteReader' (0ms).
2025-12-16 18:55:16.825 +03:00 [DBG] Initialized DbCommand for 'ExecuteReader' (1ms).
2025-12-16 18:55:16.825 +03:00 [DBG] Executing DbCommand [Parameters=[@p0='?' (DbType = DateTime), @p1='?' (DbType = Int32), @p2='?' (DbType = Int32)], CommandType='"Text"', CommandTimeout='30']
INSERT INTO "UserOperationClaims" ("CreatedDate", "OperationClaimId", "UserId")
VALUES (@p0, @p1, @p2)
RETURNING "Id";
2025-12-16 18:55:16.830 +03:00 [INF] Executed DbCommand (5ms) [Parameters=[@p0='?' (DbType = DateTime), @p1='?' (DbType = Int32), @p2='?' (DbType = Int32)], CommandType='"Text"', CommandTimeout='30']
INSERT INTO "UserOperationClaims" ("CreatedDate", "OperationClaimId", "UserId")
VALUES (@p0, @p1, @p2)
RETURNING "Id";
2025-12-16 18:55:16.832 +03:00 [DBG] The foreign key property 'UserOperationClaim.Id' was detected as changed. Consider using 'DbContextOptionsBuilder.EnableSensitiveDataLogging' to see property values.
2025-12-16 18:55:16.834 +03:00 [DBG] Closing data reader to 'AuthServiceDb_Dev' on server 'tcp://localhost:5432'.
2025-12-16 18:55:16.835 +03:00 [DBG] A data reader for 'AuthServiceDb_Dev' on server 'tcp://localhost:5432' is being disposed after spending 3ms reading results.
2025-12-16 18:55:16.836 +03:00 [DBG] Closing connection to database 'AuthServiceDb_Dev' on server 'tcp://localhost:5432'.
2025-12-16 18:55:16.837 +03:00 [DBG] Closed connection to database 'AuthServiceDb_Dev' on server 'tcp://localhost:5432' (0ms).
2025-12-16 18:55:16.838 +03:00 [DBG] An entity of type 'UserOperationClaim' tracked by 'AuthDbContext' changed state from '"Added"' to '"Unchanged"'. Consider using 'DbContextOptionsBuilder.EnableSensitiveDataLogging' to see key values.
2025-12-16 18:55:16.840 +03:00 [DBG] SaveChanges completed for 'AuthDbContext' with 1 entities written to the database.
2025-12-16 18:55:16.847 +03:00 [DBG] Compiling query expression: 
'DbSet<OperationClaim>()
    .Join(
        inner: DbSet<UserOperationClaim>(), 
        outerKeySelector: operationClaim => operationClaim.Id, 
        innerKeySelector: userOperationClaim => userOperationClaim.OperationClaimId, 
        resultSelector: (operationClaim, userOperationClaim) => new { 
            operationClaim = operationClaim, 
            userOperationClaim = userOperationClaim
         })
    .Where(<>h__TransparentIdentifier0 => <>h__TransparentIdentifier0.userOperationClaim.UserId == __user_Id_0)
    .Select(<>h__TransparentIdentifier0 => new OperationClaim{ 
        Id = <>h__TransparentIdentifier0.operationClaim.Id, 
        Name = <>h__TransparentIdentifier0.operationClaim.Name, 
        Description = <>h__TransparentIdentifier0.operationClaim.Description 
    }
    )'
2025-12-16 18:55:16.883 +03:00 [DBG] Generated query execution expression: 
'queryContext => new SingleQueryingEnumerable<OperationClaim>(
    (RelationalQueryContext)queryContext, 
    RelationalCommandCache.QueryExpression(
        Projection Mapping:
            Id -> 0
            Name -> 1
            Description -> 2
        SELECT o.Id, o.Name, o.Description
        FROM OperationClaims AS o
        INNER JOIN UserOperationClaims AS u ON o.Id == u.OperationClaimId
        WHERE u.UserId == @__user_Id_0), 
    null, 
    Func<QueryContext, DbDataReader, ResultContext, SingleQueryResultCoordinator, OperationClaim>, 
    AuthService.DataAccess.Concrete.EntityFramework.AuthDbContext, 
    False, 
    False, 
    True
)'
2025-12-16 18:55:16.884 +03:00 [DBG] Opening connection to database 'AuthServiceDb_Dev' on server 'tcp://localhost:5432'.
2025-12-16 18:55:16.885 +03:00 [DBG] Opened connection to database 'AuthServiceDb_Dev' on server 'tcp://localhost:5432'.
2025-12-16 18:55:16.886 +03:00 [DBG] Creating DbCommand for 'ExecuteReader'.
2025-12-16 18:55:16.887 +03:00 [DBG] Created DbCommand for 'ExecuteReader' (0ms).
2025-12-16 18:55:16.887 +03:00 [DBG] Initialized DbCommand for 'ExecuteReader' (1ms).
2025-12-16 18:55:16.888 +03:00 [DBG] Executing DbCommand [Parameters=[@__user_Id_0='?' (DbType = Int32)], CommandType='"Text"', CommandTimeout='30']
SELECT o."Id", o."Name", o."Description"
FROM "OperationClaims" AS o
INNER JOIN "UserOperationClaims" AS u ON o."Id" = u."OperationClaimId"
WHERE u."UserId" = @__user_Id_0
2025-12-16 18:55:16.891 +03:00 [INF] Executed DbCommand (3ms) [Parameters=[@__user_Id_0='?' (DbType = Int32)], CommandType='"Text"', CommandTimeout='30']
SELECT o."Id", o."Name", o."Description"
FROM "OperationClaims" AS o
INNER JOIN "UserOperationClaims" AS u ON o."Id" = u."OperationClaimId"
WHERE u."UserId" = @__user_Id_0
2025-12-16 18:55:16.893 +03:00 [DBG] Closing data reader to 'AuthServiceDb_Dev' on server 'tcp://localhost:5432'.
2025-12-16 18:55:16.894 +03:00 [DBG] A data reader for 'AuthServiceDb_Dev' on server 'tcp://localhost:5432' is being disposed after spending 1ms reading results.
2025-12-16 18:55:16.895 +03:00 [DBG] Closing connection to database 'AuthServiceDb_Dev' on server 'tcp://localhost:5432'.
2025-12-16 18:55:16.896 +03:00 [DBG] Closed connection to database 'AuthServiceDb_Dev' on server 'tcp://localhost:5432' (0ms).
2025-12-16 18:55:16.922 +03:00 [DBG] The unchanged property 'User.RefreshToken' was detected as changed and will be marked as modified. Consider using 'DbContextOptionsBuilder.EnableSensitiveDataLogging' to see property values.
2025-12-16 18:55:16.923 +03:00 [DBG] An entity of type 'User' tracked by 'AuthDbContext' changed state from '"Unchanged"' to '"Modified"'. Consider using 'DbContextOptionsBuilder.EnableSensitiveDataLogging' to see key values.
2025-12-16 18:55:16.924 +03:00 [DBG] The unchanged property 'User.RefreshTokenExpiration' was detected as changed and will be marked as modified. Consider using 'DbContextOptionsBuilder.EnableSensitiveDataLogging' to see property values.
2025-12-16 18:55:16.925 +03:00 [DBG] SaveChanges starting for 'AuthDbContext'.
2025-12-16 18:55:16.926 +03:00 [DBG] DetectChanges starting for 'AuthDbContext'.
2025-12-16 18:55:16.927 +03:00 [DBG] DetectChanges completed for 'AuthDbContext'.
2025-12-16 18:55:16.935 +03:00 [DBG] Opening connection to database 'AuthServiceDb_Dev' on server 'tcp://localhost:5432'.
2025-12-16 18:55:16.936 +03:00 [DBG] Opened connection to database 'AuthServiceDb_Dev' on server 'tcp://localhost:5432'.
2025-12-16 18:55:16.936 +03:00 [DBG] Creating DbCommand for 'ExecuteReader'.
2025-12-16 18:55:16.937 +03:00 [DBG] Created DbCommand for 'ExecuteReader' (0ms).
2025-12-16 18:55:16.938 +03:00 [DBG] Initialized DbCommand for 'ExecuteReader' (1ms).
2025-12-16 18:55:16.939 +03:00 [DBG] Executing DbCommand [Parameters=[@p15='?' (DbType = Int32), @p0='?' (DbType = DateTime), @p1='?', @p2='?' (DbType = Int32), @p3='?', @p4='?', @p5='?' (DbType = Boolean), @p6='?', @p7='?' (DbType = DateTime), @p8='?' (DbType = Binary), @p9='?' (DbType = Binary), @p10='?', @p11='?', @p12='?' (DbType = DateTime), @p13='?' (DbType = Boolean), @p14='?' (DbType = DateTime)], CommandType='"Text"', CommandTimeout='30']
UPDATE "Users" SET "CreatedDate" = @p0, "Email" = @p1, "FailedLoginAttempts" = @p2, "FirstName" = @p3, "IdentityNumber" = @p4, "IsEmailVerified" = @p5, "LastName" = @p6, "LockoutEndTime" = @p7, "PasswordHash" = @p8, "PasswordSalt" = @p9, "PhoneNumber" = @p10, "RefreshToken" = @p11, "RefreshTokenExpiration" = @p12, "Status" = @p13, "UpdatedDate" = @p14
WHERE "Id" = @p15;
2025-12-16 18:55:16.942 +03:00 [INF] Executed DbCommand (3ms) [Parameters=[@p15='?' (DbType = Int32), @p0='?' (DbType = DateTime), @p1='?', @p2='?' (DbType = Int32), @p3='?', @p4='?', @p5='?' (DbType = Boolean), @p6='?', @p7='?' (DbType = DateTime), @p8='?' (DbType = Binary), @p9='?' (DbType = Binary), @p10='?', @p11='?', @p12='?' (DbType = DateTime), @p13='?' (DbType = Boolean), @p14='?' (DbType = DateTime)], CommandType='"Text"', CommandTimeout='30']
UPDATE "Users" SET "CreatedDate" = @p0, "Email" = @p1, "FailedLoginAttempts" = @p2, "FirstName" = @p3, "IdentityNumber" = @p4, "IsEmailVerified" = @p5, "LastName" = @p6, "LockoutEndTime" = @p7, "PasswordHash" = @p8, "PasswordSalt" = @p9, "PhoneNumber" = @p10, "RefreshToken" = @p11, "RefreshTokenExpiration" = @p12, "Status" = @p13, "UpdatedDate" = @p14
WHERE "Id" = @p15;
2025-12-16 18:55:16.944 +03:00 [DBG] Closing data reader to 'AuthServiceDb_Dev' on server 'tcp://localhost:5432'.
2025-12-16 18:55:16.945 +03:00 [DBG] A data reader for 'AuthServiceDb_Dev' on server 'tcp://localhost:5432' is being disposed after spending 1ms reading results.
2025-12-16 18:55:16.946 +03:00 [DBG] Closing connection to database 'AuthServiceDb_Dev' on server 'tcp://localhost:5432'.
2025-12-16 18:55:16.947 +03:00 [DBG] Closed connection to database 'AuthServiceDb_Dev' on server 'tcp://localhost:5432' (0ms).
2025-12-16 18:55:16.949 +03:00 [DBG] An entity of type 'User' tracked by 'AuthDbContext' changed state from '"Modified"' to '"Unchanged"'. Consider using 'DbContextOptionsBuilder.EnableSensitiveDataLogging' to see key values.
2025-12-16 18:55:16.950 +03:00 [DBG] SaveChanges completed for 'AuthDbContext' with 1 entities written to the database.
2025-12-16 18:55:23.561 +03:00 [INF] Start processing HTTP request POST https://localhost:7296/api/Patients
2025-12-16 18:55:23.564 +03:00 [INF] Sending HTTP request POST https://localhost:7296/api/Patients
2025-12-16 18:55:23.590 +03:00 [DBG] List of registered output formatters, in the following order: ["Microsoft.AspNetCore.Mvc.Formatters.HttpNoContentOutputFormatter","Microsoft.AspNetCore.Mvc.Formatters.StringOutputFormatter","Microsoft.AspNetCore.Mvc.Formatters.StreamOutputFormatter","Microsoft.AspNetCore.Mvc.Formatters.SystemTextJsonOutputFormatter"]
2025-12-16 18:55:23.595 +03:00 [DBG] Attempting to select an output formatter based on Accept header '["application/json"]' and explicitly specified content types '["application/json"]'. The content types in the accept header must be a subset of the explicitly set content types.
2025-12-16 18:55:23.597 +03:00 [DBG] Selected output formatter 'Microsoft.AspNetCore.Mvc.Formatters.SystemTextJsonOutputFormatter' and content type 'application/json' to write the response.
2025-12-16 18:55:23.598 +03:00 [INF] Executing OkObjectResult, writing value of type 'Core.Extensions.ApiResponse`1[[AuthService.Entities.DTOs.TokenDto, AuthService.Entities, Version=1.0.0.0, Culture=neutral, PublicKeyToken=null]]'.
2025-12-16 18:55:23.608 +03:00 [INF] Executed action AuthService.API.Controllers.AuthController.Register (AuthService.API) in 8447.6669ms
2025-12-16 18:55:23.609 +03:00 [INF] Executed endpoint 'AuthService.API.Controllers.AuthController.Register (AuthService.API)'
2025-12-16 18:55:23.611 +03:00 [INF] [User: Anonymous] [IP: ::1] POST /api/Auth/register -> 200
2025-12-16 18:55:23.611 +03:00 [DBG] 'AuthDbContext' disposed.
2025-12-16 18:55:23.613 +03:00 [DBG] Disposing connection to database 'AuthServiceDb_Dev' on server 'tcp://localhost:5432'.
2025-12-16 18:55:23.614 +03:00 [DBG] Disposed connection to database 'AuthServiceDb_Dev' on server 'tcp://localhost:5432' (1ms).
2025-12-16 18:55:23.615 +03:00 [INF] Request finished HTTP/2 POST https://localhost:7001/api/Auth/register - 200 null application/json; charset=utf-8 8472.3601ms
2025-12-16 18:55:23.744 +03:00 [INF] Received HTTP response headers after 177.3001ms - 400
2025-12-16 18:55:23.746 +03:00 [INF] End processing HTTP request after 186.5842ms - 400
2025-12-16 18:58:07.902 +03:00 [DBG] Registered model binder providers, in the following order: ["Microsoft.AspNetCore.Mvc.ModelBinding.Binders.BinderTypeModelBinderProvider","Microsoft.AspNetCore.Mvc.ModelBinding.Binders.ServicesModelBinderProvider","Microsoft.AspNetCore.Mvc.ModelBinding.Binders.BodyModelBinderProvider","Microsoft.AspNetCore.Mvc.ModelBinding.Binders.HeaderModelBinderProvider","Microsoft.AspNetCore.Mvc.ModelBinding.Binders.FloatingPointTypeModelBinderProvider","Microsoft.AspNetCore.Mvc.ModelBinding.Binders.EnumTypeModelBinderProvider","Microsoft.AspNetCore.Mvc.ModelBinding.Binders.DateTimeModelBinderProvider","Microsoft.AspNetCore.Mvc.ModelBinding.Binders.SimpleTypeModelBinderProvider","Microsoft.AspNetCore.Mvc.ModelBinding.Binders.TryParseModelBinderProvider","Microsoft.AspNetCore.Mvc.ModelBinding.Binders.CancellationTokenModelBinderProvider","Microsoft.AspNetCore.Mvc.ModelBinding.Binders.ByteArrayModelBinderProvider","Microsoft.AspNetCore.Mvc.ModelBinding.Binders.FormFileModelBinderProvider","Microsoft.AspNetCore.Mvc.ModelBinding.Binders.FormCollectionModelBinderProvider","Microsoft.AspNetCore.Mvc.ModelBinding.Binders.KeyValuePairModelBinderProvider","Microsoft.AspNetCore.Mvc.ModelBinding.Binders.DictionaryModelBinderProvider","Microsoft.AspNetCore.Mvc.ModelBinding.Binders.ArrayModelBinderProvider","Microsoft.AspNetCore.Mvc.ModelBinding.Binders.CollectionModelBinderProvider","Microsoft.AspNetCore.Mvc.ModelBinding.Binders.ComplexObjectModelBinderProvider"]
2025-12-16 18:58:08.095 +03:00 [DBG] An 'IServiceProvider' was created for internal use by Entity Framework.
2025-12-16 18:58:08.467 +03:00 [DBG] The index {'UserId'} was not created on entity type 'UserOperationClaim' as the properties are already covered by the index {'UserId', 'OperationClaimId'}.
2025-12-16 18:58:08.685 +03:00 [DBG] Entity Framework Core 8.0.17 initialized 'AuthDbContext' using provider 'Npgsql.EntityFrameworkCore.PostgreSQL:8.0.10+18d07c54eacaffa5bf8128d47eecdb5255d86376' with options: None
2025-12-16 18:58:08.696 +03:00 [DBG] Creating DbConnection.
2025-12-16 18:58:08.730 +03:00 [DBG] Created DbConnection. (32ms).
2025-12-16 18:58:08.736 +03:00 [DBG] Opening connection to database 'AuthServiceDb_Dev' on server 'tcp://localhost:5432'.
2025-12-16 18:58:08.846 +03:00 [DBG] Opened connection to database 'AuthServiceDb_Dev' on server 'tcp://localhost:5432'.
2025-12-16 18:58:08.848 +03:00 [DBG] Closing connection to database 'AuthServiceDb_Dev' on server 'tcp://localhost:5432'.
2025-12-16 18:58:08.855 +03:00 [DBG] Closed connection to database 'AuthServiceDb_Dev' on server 'tcp://localhost:5432' (4ms).
2025-12-16 18:58:08.859 +03:00 [DBG] Creating DbCommand for 'ExecuteScalar'.
2025-12-16 18:58:08.865 +03:00 [DBG] Created DbCommand for 'ExecuteScalar' (3ms).
2025-12-16 18:58:08.867 +03:00 [DBG] Initialized DbCommand for 'ExecuteScalar' (7ms).
2025-12-16 18:58:08.868 +03:00 [DBG] Opening connection to database 'AuthServiceDb_Dev' on server 'tcp://localhost:5432'.
2025-12-16 18:58:08.926 +03:00 [DBG] Opened connection to database 'AuthServiceDb_Dev' on server 'tcp://localhost:5432'.
2025-12-16 18:58:08.934 +03:00 [DBG] Executing DbCommand [Parameters=[], CommandType='"Text"', CommandTimeout='30']
SELECT EXISTS (
    SELECT 1 FROM pg_catalog.pg_class c
    JOIN pg_catalog.pg_namespace n ON n.oid=c.relnamespace
    WHERE n.nspname='public' AND
          c.relname='__EFMigrationsHistory'
)
2025-12-16 18:58:08.988 +03:00 [INF] Executed DbCommand (52ms) [Parameters=[], CommandType='"Text"', CommandTimeout='30']
SELECT EXISTS (
    SELECT 1 FROM pg_catalog.pg_class c
    JOIN pg_catalog.pg_namespace n ON n.oid=c.relnamespace
    WHERE n.nspname='public' AND
          c.relname='__EFMigrationsHistory'
)
2025-12-16 18:58:08.992 +03:00 [DBG] Closing connection to database 'AuthServiceDb_Dev' on server 'tcp://localhost:5432'.
2025-12-16 18:58:08.995 +03:00 [DBG] Closed connection to database 'AuthServiceDb_Dev' on server 'tcp://localhost:5432' (2ms).
2025-12-16 18:58:09.006 +03:00 [DBG] Opening connection to database 'AuthServiceDb_Dev' on server 'tcp://localhost:5432'.
2025-12-16 18:58:09.007 +03:00 [DBG] Opened connection to database 'AuthServiceDb_Dev' on server 'tcp://localhost:5432'.
2025-12-16 18:58:09.008 +03:00 [DBG] Creating DbCommand for 'ExecuteReader'.
2025-12-16 18:58:09.009 +03:00 [DBG] Created DbCommand for 'ExecuteReader' (0ms).
2025-12-16 18:58:09.011 +03:00 [DBG] Initialized DbCommand for 'ExecuteReader' (2ms).
2025-12-16 18:58:09.013 +03:00 [DBG] Executing DbCommand [Parameters=[], CommandType='"Text"', CommandTimeout='30']
SELECT "MigrationId", "ProductVersion"
FROM "__EFMigrationsHistory"
ORDER BY "MigrationId";
2025-12-16 18:58:09.016 +03:00 [INF] Executed DbCommand (4ms) [Parameters=[], CommandType='"Text"', CommandTimeout='30']
SELECT "MigrationId", "ProductVersion"
FROM "__EFMigrationsHistory"
ORDER BY "MigrationId";
2025-12-16 18:58:09.024 +03:00 [DBG] Closing data reader to 'AuthServiceDb_Dev' on server 'tcp://localhost:5432'.
2025-12-16 18:58:09.026 +03:00 [DBG] A data reader for 'AuthServiceDb_Dev' on server 'tcp://localhost:5432' is being disposed after spending 6ms reading results.
2025-12-16 18:58:09.027 +03:00 [DBG] Closing connection to database 'AuthServiceDb_Dev' on server 'tcp://localhost:5432'.
2025-12-16 18:58:09.028 +03:00 [DBG] Closed connection to database 'AuthServiceDb_Dev' on server 'tcp://localhost:5432' (1ms).
2025-12-16 18:58:09.031 +03:00 [DBG] Migrating using database 'AuthServiceDb_Dev' on server 'tcp://localhost:5432'.
2025-12-16 18:58:09.033 +03:00 [DBG] Opening connection to database 'AuthServiceDb_Dev' on server 'tcp://localhost:5432'.
2025-12-16 18:58:09.076 +03:00 [DBG] Opened connection to database 'AuthServiceDb_Dev' on server 'tcp://localhost:5432'.
2025-12-16 18:58:09.077 +03:00 [DBG] Closing connection to database 'AuthServiceDb_Dev' on server 'tcp://localhost:5432'.
2025-12-16 18:58:09.078 +03:00 [DBG] Closed connection to database 'AuthServiceDb_Dev' on server 'tcp://localhost:5432' (1ms).
2025-12-16 18:58:09.080 +03:00 [DBG] Creating DbCommand for 'ExecuteScalar'.
2025-12-16 18:58:09.081 +03:00 [DBG] Created DbCommand for 'ExecuteScalar' (1ms).
2025-12-16 18:58:09.082 +03:00 [DBG] Initialized DbCommand for 'ExecuteScalar' (2ms).
2025-12-16 18:58:09.083 +03:00 [DBG] Opening connection to database 'AuthServiceDb_Dev' on server 'tcp://localhost:5432'.
2025-12-16 18:58:09.084 +03:00 [DBG] Opened connection to database 'AuthServiceDb_Dev' on server 'tcp://localhost:5432'.
2025-12-16 18:58:09.084 +03:00 [DBG] Executing DbCommand [Parameters=[], CommandType='"Text"', CommandTimeout='30']
SELECT EXISTS (
    SELECT 1 FROM pg_catalog.pg_class c
    JOIN pg_catalog.pg_namespace n ON n.oid=c.relnamespace
    WHERE n.nspname='public' AND
          c.relname='__EFMigrationsHistory'
)
2025-12-16 18:58:09.086 +03:00 [INF] Executed DbCommand (2ms) [Parameters=[], CommandType='"Text"', CommandTimeout='30']
SELECT EXISTS (
    SELECT 1 FROM pg_catalog.pg_class c
    JOIN pg_catalog.pg_namespace n ON n.oid=c.relnamespace
    WHERE n.nspname='public' AND
          c.relname='__EFMigrationsHistory'
)
2025-12-16 18:58:09.088 +03:00 [DBG] Closing connection to database 'AuthServiceDb_Dev' on server 'tcp://localhost:5432'.
2025-12-16 18:58:09.089 +03:00 [DBG] Closed connection to database 'AuthServiceDb_Dev' on server 'tcp://localhost:5432' (0ms).
2025-12-16 18:58:09.090 +03:00 [DBG] Opening connection to database 'AuthServiceDb_Dev' on server 'tcp://localhost:5432'.
2025-12-16 18:58:09.130 +03:00 [DBG] Opened connection to database 'AuthServiceDb_Dev' on server 'tcp://localhost:5432'.
2025-12-16 18:58:09.131 +03:00 [DBG] Closing connection to database 'AuthServiceDb_Dev' on server 'tcp://localhost:5432'.
2025-12-16 18:58:09.132 +03:00 [DBG] Closed connection to database 'AuthServiceDb_Dev' on server 'tcp://localhost:5432' (0ms).
2025-12-16 18:58:09.133 +03:00 [DBG] Creating DbCommand for 'ExecuteScalar'.
2025-12-16 18:58:09.134 +03:00 [DBG] Created DbCommand for 'ExecuteScalar' (0ms).
2025-12-16 18:58:09.135 +03:00 [DBG] Initialized DbCommand for 'ExecuteScalar' (1ms).
2025-12-16 18:58:09.136 +03:00 [DBG] Opening connection to database 'AuthServiceDb_Dev' on server 'tcp://localhost:5432'.
2025-12-16 18:58:09.137 +03:00 [DBG] Opened connection to database 'AuthServiceDb_Dev' on server 'tcp://localhost:5432'.
2025-12-16 18:58:09.138 +03:00 [DBG] Executing DbCommand [Parameters=[], CommandType='"Text"', CommandTimeout='30']
SELECT EXISTS (
    SELECT 1 FROM pg_catalog.pg_class c
    JOIN pg_catalog.pg_namespace n ON n.oid=c.relnamespace
    WHERE n.nspname='public' AND
          c.relname='__EFMigrationsHistory'
)
2025-12-16 18:58:09.139 +03:00 [INF] Executed DbCommand (2ms) [Parameters=[], CommandType='"Text"', CommandTimeout='30']
SELECT EXISTS (
    SELECT 1 FROM pg_catalog.pg_class c
    JOIN pg_catalog.pg_namespace n ON n.oid=c.relnamespace
    WHERE n.nspname='public' AND
          c.relname='__EFMigrationsHistory'
)
2025-12-16 18:58:09.140 +03:00 [DBG] Closing connection to database 'AuthServiceDb_Dev' on server 'tcp://localhost:5432'.
2025-12-16 18:58:09.141 +03:00 [DBG] Closed connection to database 'AuthServiceDb_Dev' on server 'tcp://localhost:5432' (0ms).
2025-12-16 18:58:09.142 +03:00 [DBG] Opening connection to database 'AuthServiceDb_Dev' on server 'tcp://localhost:5432'.
2025-12-16 18:58:09.143 +03:00 [DBG] Opened connection to database 'AuthServiceDb_Dev' on server 'tcp://localhost:5432'.
2025-12-16 18:58:09.144 +03:00 [DBG] Creating DbCommand for 'ExecuteReader'.
2025-12-16 18:58:09.145 +03:00 [DBG] Created DbCommand for 'ExecuteReader' (0ms).
2025-12-16 18:58:09.146 +03:00 [DBG] Initialized DbCommand for 'ExecuteReader' (1ms).
2025-12-16 18:58:09.154 +03:00 [DBG] Executing DbCommand [Parameters=[], CommandType='"Text"', CommandTimeout='30']
SELECT "MigrationId", "ProductVersion"
FROM "__EFMigrationsHistory"
ORDER BY "MigrationId";
2025-12-16 18:58:09.156 +03:00 [INF] Executed DbCommand (9ms) [Parameters=[], CommandType='"Text"', CommandTimeout='30']
SELECT "MigrationId", "ProductVersion"
FROM "__EFMigrationsHistory"
ORDER BY "MigrationId";
2025-12-16 18:58:09.158 +03:00 [DBG] Closing data reader to 'AuthServiceDb_Dev' on server 'tcp://localhost:5432'.
2025-12-16 18:58:09.159 +03:00 [DBG] A data reader for 'AuthServiceDb_Dev' on server 'tcp://localhost:5432' is being disposed after spending 1ms reading results.
2025-12-16 18:58:09.160 +03:00 [DBG] Closing connection to database 'AuthServiceDb_Dev' on server 'tcp://localhost:5432'.
2025-12-16 18:58:09.160 +03:00 [DBG] Closed connection to database 'AuthServiceDb_Dev' on server 'tcp://localhost:5432' (0ms).
2025-12-16 18:58:09.169 +03:00 [INF] No migrations were applied. The database is already up to date.
2025-12-16 18:58:09.171 +03:00 [INF] Database migrations applied successfully.
2025-12-16 18:58:09.172 +03:00 [DBG] 'AuthDbContext' disposed.
2025-12-16 18:58:09.174 +03:00 [DBG] Disposing connection to database 'AuthServiceDb_Dev' on server 'tcp://localhost:5432'.
2025-12-16 18:58:09.175 +03:00 [DBG] Disposed connection to database 'AuthServiceDb_Dev' on server 'tcp://localhost:5432' (1ms).
2025-12-16 18:58:09.178 +03:00 [DBG] Hosting starting
2025-12-16 18:58:09.203 +03:00 [INF] User profile is available. Using 'C:\Users\atura\AppData\Local\ASP.NET\DataProtection-Keys' as key repository and Windows DPAPI to encrypt keys at rest.
2025-12-16 18:58:09.221 +03:00 [DBG] Reading data from file 'C:\Users\atura\AppData\Local\ASP.NET\DataProtection-Keys\key-2b41731a-ff2b-4c58-8083-9dd2e8e06c02.xml'.
2025-12-16 18:58:09.227 +03:00 [DBG] Reading data from file 'C:\Users\atura\AppData\Local\ASP.NET\DataProtection-Keys\key-b1bfbf17-5e54-4bcd-856c-81e8ff116985.xml'.
2025-12-16 18:58:09.228 +03:00 [DBG] Reading data from file 'C:\Users\atura\AppData\Local\ASP.NET\DataProtection-Keys\key-d4db8ae3-c3b6-4a1e-a8e6-5ce936ab3dc1.xml'.
2025-12-16 18:58:09.229 +03:00 [DBG] Reading data from file 'C:\Users\atura\AppData\Local\ASP.NET\DataProtection-Keys\key-d528c6a9-5739-4b20-b71f-eef16136c0e0.xml'.
2025-12-16 18:58:09.229 +03:00 [DBG] Reading data from file 'C:\Users\atura\AppData\Local\ASP.NET\DataProtection-Keys\key-f197c843-1f03-4bc8-9e1b-7ef1bcdd878d.xml'.
2025-12-16 18:58:09.233 +03:00 [DBG] Found key {2b41731a-ff2b-4c58-8083-9dd2e8e06c02}.
2025-12-16 18:58:09.236 +03:00 [DBG] Found key {b1bfbf17-5e54-4bcd-856c-81e8ff116985}.
2025-12-16 18:58:09.237 +03:00 [DBG] Found key {d4db8ae3-c3b6-4a1e-a8e6-5ce936ab3dc1}.
2025-12-16 18:58:09.238 +03:00 [DBG] Found key {d528c6a9-5739-4b20-b71f-eef16136c0e0}.
2025-12-16 18:58:09.238 +03:00 [DBG] Found key {f197c843-1f03-4bc8-9e1b-7ef1bcdd878d}.
2025-12-16 18:58:09.243 +03:00 [DBG] Considering key {d528c6a9-5739-4b20-b71f-eef16136c0e0} with expiration date 2026-01-16 09:53:55Z as default key.
2025-12-16 18:58:09.246 +03:00 [DBG] Forwarded activator type request from Microsoft.AspNetCore.DataProtection.XmlEncryption.DpapiXmlDecryptor, Microsoft.AspNetCore.DataProtection, Version=8.0.0.0, Culture=neutral, PublicKeyToken=adb9793829ddae60 to Microsoft.AspNetCore.DataProtection.XmlEncryption.DpapiXmlDecryptor, Microsoft.AspNetCore.DataProtection, Culture=neutral, PublicKeyToken=adb9793829ddae60
2025-12-16 18:58:09.247 +03:00 [DBG] Decrypting secret element using Windows DPAPI.
2025-12-16 18:58:09.249 +03:00 [DBG] Forwarded activator type request from Microsoft.AspNetCore.DataProtection.AuthenticatedEncryption.ConfigurationModel.AuthenticatedEncryptorDescriptorDeserializer, Microsoft.AspNetCore.DataProtection, Version=8.0.0.0, Culture=neutral, PublicKeyToken=adb9793829ddae60 to Microsoft.AspNetCore.DataProtection.AuthenticatedEncryption.ConfigurationModel.AuthenticatedEncryptorDescriptorDeserializer, Microsoft.AspNetCore.DataProtection, Culture=neutral, PublicKeyToken=adb9793829ddae60
2025-12-16 18:58:09.251 +03:00 [DBG] Opening CNG algorithm 'AES' from provider 'null' with chaining mode CBC.
2025-12-16 18:58:09.253 +03:00 [DBG] Opening CNG algorithm 'SHA256' from provider 'null' with HMAC.
2025-12-16 18:58:09.255 +03:00 [DBG] Using key {d528c6a9-5739-4b20-b71f-eef16136c0e0} as the default key.
2025-12-16 18:58:09.257 +03:00 [DBG] Key ring with default key {d528c6a9-5739-4b20-b71f-eef16136c0e0} was loaded during application startup.
2025-12-16 18:58:09.400 +03:00 [INF] Now listening on: https://localhost:7001
2025-12-16 18:58:09.401 +03:00 [INF] Now listening on: http://localhost:5001
2025-12-16 18:58:09.402 +03:00 [DBG] Loaded hosting startup assembly AuthService.API
2025-12-16 18:58:09.402 +03:00 [DBG] Loaded hosting startup assembly Microsoft.WebTools.ApiEndpointDiscovery
2025-12-16 18:58:09.403 +03:00 [DBG] Loaded hosting startup assembly Microsoft.AspNetCore.Watch.BrowserRefresh
2025-12-16 18:58:09.404 +03:00 [DBG] Loaded hosting startup assembly Microsoft.WebTools.BrowserLink.Net
2025-12-16 18:58:09.482 +03:00 [INF] Application started. Press Ctrl+C to shut down.
2025-12-16 18:58:09.482 +03:00 [INF] Hosting environment: Development
2025-12-16 18:58:09.483 +03:00 [INF] Content root path: C:\Users\atura\OneDrive\Masaüstü\Yarışma\appointment-reservation\backend\Services\AuthService\AuthService.API
2025-12-16 18:58:09.484 +03:00 [DBG] Hosting started
2025-12-16 18:58:09.823 +03:00 [DBG] Connection id "0HNHSNFKFDLJ1" received FIN.
2025-12-16 18:58:09.823 +03:00 [DBG] Connection id "0HNHSNFKFDLJ2" received FIN.
2025-12-16 18:58:09.832 +03:00 [DBG] Connection id "0HNHSNFKFDLJ2" accepted.
2025-12-16 18:58:09.832 +03:00 [DBG] Connection id "0HNHSNFKFDLJ1" accepted.
2025-12-16 18:58:09.834 +03:00 [DBG] Connection id "0HNHSNFKFDLJ2" started.
2025-12-16 18:58:09.834 +03:00 [DBG] Connection id "0HNHSNFKFDLJ1" started.
2025-12-16 18:58:09.853 +03:00 [DBG] Failed to authenticate HTTPS connection.
System.IO.IOException: Received an unexpected EOF or 0 bytes from the transport stream.
   at System.Net.Security.SslStream.ReceiveHandshakeFrameAsync[TIOAdapter](CancellationToken cancellationToken)
   at System.Net.Security.SslStream.ForceAuthenticationAsync[TIOAdapter](Boolean receiveFirst, Byte[] reAuthenticationData, CancellationToken cancellationToken)
   at System.Net.Security.SslStream.ProcessAuthenticationWithTelemetryAsync(Boolean isAsync, CancellationToken cancellationToken)
   at Microsoft.AspNetCore.Server.Kestrel.Https.Internal.HttpsConnectionMiddleware.OnConnectionAsync(ConnectionContext context)
2025-12-16 18:58:09.853 +03:00 [DBG] Failed to authenticate HTTPS connection.
System.IO.IOException: Received an unexpected EOF or 0 bytes from the transport stream.
   at System.Net.Security.SslStream.ReceiveHandshakeFrameAsync[TIOAdapter](CancellationToken cancellationToken)
   at System.Net.Security.SslStream.ForceAuthenticationAsync[TIOAdapter](Boolean receiveFirst, Byte[] reAuthenticationData, CancellationToken cancellationToken)
   at System.Net.Security.SslStream.ProcessAuthenticationWithTelemetryAsync(Boolean isAsync, CancellationToken cancellationToken)
   at Microsoft.AspNetCore.Server.Kestrel.Https.Internal.HttpsConnectionMiddleware.OnConnectionAsync(ConnectionContext context)
2025-12-16 18:58:09.889 +03:00 [DBG] Connection id "0HNHSNFKFDLJ2" stopped.
2025-12-16 18:58:09.889 +03:00 [DBG] Connection id "0HNHSNFKFDLJ1" stopped.
2025-12-16 18:58:09.895 +03:00 [DBG] Connection id "0HNHSNFKFDLJ1" sending FIN because: "The Socket transport's send loop completed gracefully."
2025-12-16 18:58:09.895 +03:00 [DBG] Connection id "0HNHSNFKFDLJ2" sending FIN because: "The Socket transport's send loop completed gracefully."
2025-12-16 18:58:13.792 +03:00 [DBG] Connection id "0HNHSNFKFDLJ3" accepted.
2025-12-16 18:58:13.795 +03:00 [DBG] Connection id "0HNHSNFKFDLJ3" started.
2025-12-16 18:58:13.832 +03:00 [DBG] Connection 0HNHSNFKFDLJ3 established using the following protocol: "Tls13"
2025-12-16 18:58:13.885 +03:00 [INF] Request starting HTTP/2 GET https://localhost:7001/swagger/index.html - null null
2025-12-16 18:58:14.618 +03:00 [DBG] Wildcard detected, all requests with hosts will be allowed.
2025-12-16 18:58:14.632 +03:00 [DBG] No candidates found for the request path '/swagger/index.html'
2025-12-16 18:58:14.633 +03:00 [DBG] Request did not match any endpoints
2025-12-16 18:58:14.676 +03:00 [DBG] Response markup is scheduled to include Browser Link script injection.
2025-12-16 18:58:14.679 +03:00 [DBG] Response markup is scheduled to include browser refresh script injection.
2025-12-16 18:58:14.683 +03:00 [DBG] Response markup was updated to include Browser Link script injection.
2025-12-16 18:58:14.685 +03:00 [DBG] Response markup was updated to include browser refresh script injection.
2025-12-16 18:58:14.690 +03:00 [INF] Request finished HTTP/2 GET https://localhost:7001/swagger/index.html - 200 null text/html;charset=utf-8 811.6755ms
2025-12-16 18:58:14.697 +03:00 [INF] Request starting HTTP/2 GET https://localhost:7001/swagger/index.js - null null
2025-12-16 18:58:14.697 +03:00 [INF] Request starting HTTP/2 GET https://localhost:7001/_framework/aspnetcore-browser-refresh.js - null null
2025-12-16 18:58:14.700 +03:00 [DBG] No candidates found for the request path '/swagger/index.js'
2025-12-16 18:58:14.703 +03:00 [DBG] Request did not match any endpoints
2025-12-16 18:58:14.704 +03:00 [INF] Request finished HTTP/2 GET https://localhost:7001/swagger/index.js - 200 null application/javascript;charset=utf-8 7.2289ms
2025-12-16 18:58:14.710 +03:00 [INF] Request starting HTTP/2 GET https://localhost:7001/_vs/browserLink - null null
2025-12-16 18:58:14.718 +03:00 [INF] Request finished HTTP/2 GET https://localhost:7001/_framework/aspnetcore-browser-refresh.js - 200 13782 application/javascript; charset=utf-8 20.7129ms
2025-12-16 18:58:14.794 +03:00 [INF] Request finished HTTP/2 GET https://localhost:7001/_vs/browserLink - 200 null text/javascript; charset=UTF-8 84.1456ms
2025-12-16 18:58:14.915 +03:00 [INF] Request starting HTTP/2 GET https://localhost:7001/swagger/v1/swagger.json - null null
2025-12-16 18:58:14.918 +03:00 [DBG] No candidates found for the request path '/swagger/v1/swagger.json'
2025-12-16 18:58:14.919 +03:00 [DBG] Request did not match any endpoints
2025-12-16 18:58:14.951 +03:00 [INF] Request finished HTTP/2 GET https://localhost:7001/swagger/v1/swagger.json - 200 null application/json;charset=utf-8 36.3541ms
2025-12-16 18:58:32.758 +03:00 [INF] Request starting HTTP/2 POST https://localhost:7001/api/Auth/register - application/json 229
2025-12-16 18:58:32.765 +03:00 [DBG] 1 candidate(s) found for the request path '/api/Auth/register'
2025-12-16 18:58:32.766 +03:00 [DBG] Endpoint 'AuthService.API.Controllers.AuthController.Register (AuthService.API)' with route pattern 'api/Auth/register' is valid for the request path '/api/Auth/register'
2025-12-16 18:58:32.768 +03:00 [DBG] Request matched endpoint 'AuthService.API.Controllers.AuthController.Register (AuthService.API)'
2025-12-16 18:58:32.772 +03:00 [DBG] Static files was skipped as the request already matched an endpoint.
2025-12-16 18:58:32.774 +03:00 [DBG] The request has an origin header: 'https://localhost:7001'.
2025-12-16 18:58:32.775 +03:00 [INF] CORS policy execution successful.
2025-12-16 18:58:32.827 +03:00 [DBG] AuthenticationScheme: Bearer was not authenticated.
2025-12-16 18:58:32.829 +03:00 [INF] Executing endpoint 'AuthService.API.Controllers.AuthController.Register (AuthService.API)'
2025-12-16 18:58:32.848 +03:00 [INF] Route matched with {action = "Register", controller = "Auth"}. Executing controller action with signature Microsoft.AspNetCore.Mvc.IActionResult Register(AuthService.Entities.DTOs.UserForRegisterDto) on controller AuthService.API.Controllers.AuthController (AuthService.API).
2025-12-16 18:58:32.850 +03:00 [DBG] Execution plan of authorization filters (in the following order): ["None"]
2025-12-16 18:58:32.852 +03:00 [DBG] Execution plan of resource filters (in the following order): ["None"]
2025-12-16 18:58:32.853 +03:00 [DBG] Execution plan of action filters (in the following order): ["Microsoft.AspNetCore.Mvc.ModelBinding.UnsupportedContentTypeFilter (Order: -3000)","Microsoft.AspNetCore.Mvc.Infrastructure.ModelStateInvalidFilter (Order: -2000)"]
2025-12-16 18:58:32.854 +03:00 [DBG] Execution plan of exception filters (in the following order): ["None"]
2025-12-16 18:58:32.855 +03:00 [DBG] Execution plan of result filters (in the following order): ["Microsoft.AspNetCore.Mvc.Infrastructure.ClientErrorResultFilter (Order: -2000)","Microsoft.AspNetCore.Mvc.ProducesAttribute (Order: 0)"]
2025-12-16 18:58:32.857 +03:00 [DBG] Executing controller factory for controller AuthService.API.Controllers.AuthController (AuthService.API)
2025-12-16 18:58:32.920 +03:00 [DBG] Executed controller factory for controller AuthService.API.Controllers.AuthController (AuthService.API)
2025-12-16 18:58:32.931 +03:00 [DBG] Attempting to bind parameter 'userForRegisterDto' of type 'AuthService.Entities.DTOs.UserForRegisterDto' ...
2025-12-16 18:58:32.934 +03:00 [DBG] Attempting to bind parameter 'userForRegisterDto' of type 'AuthService.Entities.DTOs.UserForRegisterDto' using the name '' in request data ...
2025-12-16 18:58:32.936 +03:00 [DBG] Selected input formatter 'Microsoft.AspNetCore.Mvc.Formatters.SystemTextJsonInputFormatter' for content type 'application/json'.
2025-12-16 18:58:32.945 +03:00 [DBG] Connection id "0HNHSNFKFDLJ3", Request id "0HNHSNFKFDLJ3:0000000B": started reading request body.
2025-12-16 18:58:32.946 +03:00 [DBG] Connection id "0HNHSNFKFDLJ3", Request id "0HNHSNFKFDLJ3:0000000B": done reading request body.
2025-12-16 18:58:32.960 +03:00 [DBG] JSON input formatter threw an exception: '"' is invalid after a value. Expected either ',', '}', or ']'. Path: $ | LineNumber: 7 | BytePositionInLine: 2.
2025-12-16 18:58:32.961 +03:00 [DBG] Done attempting to bind parameter 'userForRegisterDto' of type 'AuthService.Entities.DTOs.UserForRegisterDto'.
2025-12-16 18:58:32.962 +03:00 [DBG] Done attempting to bind parameter 'userForRegisterDto' of type 'AuthService.Entities.DTOs.UserForRegisterDto'.
2025-12-16 18:58:32.963 +03:00 [DBG] Attempting to validate the bound parameter 'userForRegisterDto' of type 'AuthService.Entities.DTOs.UserForRegisterDto' ...
2025-12-16 18:58:32.972 +03:00 [DBG] Done attempting to validate the bound parameter 'userForRegisterDto' of type 'AuthService.Entities.DTOs.UserForRegisterDto'.
2025-12-16 18:58:32.974 +03:00 [DBG] The request has model state errors, returning an error response.
2025-12-16 18:58:32.976 +03:00 [DBG] Request was short circuited at action filter 'Microsoft.AspNetCore.Mvc.Infrastructure.ModelStateInvalidFilter'.
2025-12-16 18:58:32.979 +03:00 [DBG] List of registered output formatters, in the following order: ["Microsoft.AspNetCore.Mvc.Formatters.HttpNoContentOutputFormatter","Microsoft.AspNetCore.Mvc.Formatters.StringOutputFormatter","Microsoft.AspNetCore.Mvc.Formatters.StreamOutputFormatter","Microsoft.AspNetCore.Mvc.Formatters.SystemTextJsonOutputFormatter"]
2025-12-16 18:58:32.982 +03:00 [DBG] Attempting to select an output formatter based on Accept header '["application/json"]' and explicitly specified content types '["application/json"]'. The content types in the accept header must be a subset of the explicitly set content types.
2025-12-16 18:58:32.984 +03:00 [DBG] Selected output formatter 'Microsoft.AspNetCore.Mvc.Formatters.SystemTextJsonOutputFormatter' and content type 'application/json' to write the response.
2025-12-16 18:58:32.985 +03:00 [INF] Executing BadRequestObjectResult, writing value of type 'Core.Extensions.ApiResponse'.
2025-12-16 18:58:33.000 +03:00 [INF] Executed action AuthService.API.Controllers.AuthController.Register (AuthService.API) in 142.3185ms
2025-12-16 18:58:33.001 +03:00 [INF] Executed endpoint 'AuthService.API.Controllers.AuthController.Register (AuthService.API)'
2025-12-16 18:58:33.004 +03:00 [INF] [User: Anonymous] [IP: ::1] POST /api/Auth/register -> 400
2025-12-16 18:58:33.007 +03:00 [INF] Request finished HTTP/2 POST https://localhost:7001/api/Auth/register - 400 null application/json; charset=utf-8 248.1686ms
2025-12-16 18:58:52.117 +03:00 [INF] Request starting HTTP/2 POST https://localhost:7001/api/Auth/register - application/json 230
2025-12-16 18:58:52.121 +03:00 [DBG] 1 candidate(s) found for the request path '/api/Auth/register'
2025-12-16 18:58:52.122 +03:00 [DBG] Endpoint 'AuthService.API.Controllers.AuthController.Register (AuthService.API)' with route pattern 'api/Auth/register' is valid for the request path '/api/Auth/register'
2025-12-16 18:58:52.124 +03:00 [DBG] Request matched endpoint 'AuthService.API.Controllers.AuthController.Register (AuthService.API)'
2025-12-16 18:58:52.125 +03:00 [DBG] Static files was skipped as the request already matched an endpoint.
2025-12-16 18:58:52.126 +03:00 [DBG] The request has an origin header: 'https://localhost:7001'.
2025-12-16 18:58:52.126 +03:00 [INF] CORS policy execution successful.
2025-12-16 18:58:52.127 +03:00 [DBG] AuthenticationScheme: Bearer was not authenticated.
2025-12-16 18:58:52.128 +03:00 [INF] Executing endpoint 'AuthService.API.Controllers.AuthController.Register (AuthService.API)'
2025-12-16 18:58:52.130 +03:00 [INF] Route matched with {action = "Register", controller = "Auth"}. Executing controller action with signature Microsoft.AspNetCore.Mvc.IActionResult Register(AuthService.Entities.DTOs.UserForRegisterDto) on controller AuthService.API.Controllers.AuthController (AuthService.API).
2025-12-16 18:58:52.131 +03:00 [DBG] Execution plan of authorization filters (in the following order): ["None"]
2025-12-16 18:58:52.132 +03:00 [DBG] Execution plan of resource filters (in the following order): ["None"]
2025-12-16 18:58:52.133 +03:00 [DBG] Execution plan of action filters (in the following order): ["Microsoft.AspNetCore.Mvc.ModelBinding.UnsupportedContentTypeFilter (Order: -3000)","Microsoft.AspNetCore.Mvc.Infrastructure.ModelStateInvalidFilter (Order: -2000)"]
2025-12-16 18:58:52.134 +03:00 [DBG] Execution plan of exception filters (in the following order): ["None"]
2025-12-16 18:58:52.135 +03:00 [DBG] Execution plan of result filters (in the following order): ["Microsoft.AspNetCore.Mvc.Infrastructure.ClientErrorResultFilter (Order: -2000)","Microsoft.AspNetCore.Mvc.ProducesAttribute (Order: 0)"]
2025-12-16 18:58:52.136 +03:00 [DBG] Executing controller factory for controller AuthService.API.Controllers.AuthController (AuthService.API)
2025-12-16 18:58:52.138 +03:00 [DBG] Executed controller factory for controller AuthService.API.Controllers.AuthController (AuthService.API)
2025-12-16 18:58:52.139 +03:00 [DBG] Attempting to bind parameter 'userForRegisterDto' of type 'AuthService.Entities.DTOs.UserForRegisterDto' ...
2025-12-16 18:58:52.140 +03:00 [DBG] Attempting to bind parameter 'userForRegisterDto' of type 'AuthService.Entities.DTOs.UserForRegisterDto' using the name '' in request data ...
2025-12-16 18:58:52.141 +03:00 [DBG] Selected input formatter 'Microsoft.AspNetCore.Mvc.Formatters.SystemTextJsonInputFormatter' for content type 'application/json'.
2025-12-16 18:58:52.142 +03:00 [DBG] Connection id "0HNHSNFKFDLJ3", Request id "0HNHSNFKFDLJ3:0000000D": started reading request body.
2025-12-16 18:58:52.143 +03:00 [DBG] Connection id "0HNHSNFKFDLJ3", Request id "0HNHSNFKFDLJ3:0000000D": done reading request body.
2025-12-16 18:58:52.147 +03:00 [DBG] JSON input formatter succeeded, deserializing to type 'AuthService.Entities.DTOs.UserForRegisterDto'
2025-12-16 18:58:52.148 +03:00 [DBG] Done attempting to bind parameter 'userForRegisterDto' of type 'AuthService.Entities.DTOs.UserForRegisterDto'.
2025-12-16 18:58:52.149 +03:00 [DBG] Done attempting to bind parameter 'userForRegisterDto' of type 'AuthService.Entities.DTOs.UserForRegisterDto'.
2025-12-16 18:58:52.150 +03:00 [DBG] Attempting to validate the bound parameter 'userForRegisterDto' of type 'AuthService.Entities.DTOs.UserForRegisterDto' ...
2025-12-16 18:58:52.179 +03:00 [DBG] Done attempting to validate the bound parameter 'userForRegisterDto' of type 'AuthService.Entities.DTOs.UserForRegisterDto'.
2025-12-16 18:58:53.500 +03:00 [DBG] Entity Framework Core 8.0.17 initialized 'AuthDbContext' using provider 'Npgsql.EntityFrameworkCore.PostgreSQL:8.0.10+18d07c54eacaffa5bf8128d47eecdb5255d86376' with options: None
2025-12-16 18:58:53.521 +03:00 [DBG] Compiling query expression: 
'DbSet<User>()
    .FirstOrDefault(u => u.Email == __email_0)'
2025-12-16 18:58:53.645 +03:00 [DBG] Generated query execution expression: 
'queryContext => new SingleQueryingEnumerable<User>(
    (RelationalQueryContext)queryContext, 
    RelationalCommandCache.QueryExpression(
        Projection Mapping:
            EmptyProjectionMember -> Dictionary<IProperty, int> { [Property: User.Id (int) Required PK AfterSave:Throw ValueGenerated.OnAdd, 0], [Property: User.CreatedDate (DateTime) Required, 1], [Property: User.Email (string) Required Index MaxLength(100), 2], [Property: User.FailedLoginAttempts (int) Required, 3], [Property: User.FirstName (string) Required MaxLength(50), 4], [Property: User.IdentityNumber (string) Required MaxLength(11), 5], [Property: User.IsEmailVerified (bool) Required, 6], [Property: User.LastName (string) MaxLength(50), 7], [Property: User.LockoutEndTime (DateTime?), 8], [Property: User.PasswordHash (byte[]) Required, 9], [Property: User.PasswordSalt (byte[]) Required, 10], [Property: User.PhoneNumber (string) MaxLength(20), 11], [Property: User.RefreshToken (string), 12], [Property: User.RefreshTokenExpiration (DateTime?), 13], [Property: User.Status (bool) Required, 14], [Property: User.UpdatedDate (DateTime?), 15] }
        SELECT TOP(1) u.Id, u.CreatedDate, u.Email, u.FailedLoginAttempts, u.FirstName, u.IdentityNumber, u.IsEmailVerified, u.LastName, u.LockoutEndTime, u.PasswordHash, u.PasswordSalt, u.PhoneNumber, u.RefreshToken, u.RefreshTokenExpiration, u.Status, u.UpdatedDate
        FROM Users AS u
        WHERE u.Email == @__email_0), 
    null, 
    Func<QueryContext, DbDataReader, ResultContext, SingleQueryResultCoordinator, User>, 
    AuthService.DataAccess.Concrete.EntityFramework.AuthDbContext, 
    False, 
    False, 
    True
)
    .SingleOrDefault()'
2025-12-16 18:58:53.665 +03:00 [DBG] Creating DbConnection.
2025-12-16 18:58:53.666 +03:00 [DBG] Created DbConnection. (1ms).
2025-12-16 18:58:53.667 +03:00 [DBG] Opening connection to database 'AuthServiceDb_Dev' on server 'tcp://localhost:5432'.
2025-12-16 18:58:53.668 +03:00 [DBG] Opened connection to database 'AuthServiceDb_Dev' on server 'tcp://localhost:5432'.
2025-12-16 18:58:53.669 +03:00 [DBG] Creating DbCommand for 'ExecuteReader'.
2025-12-16 18:58:53.670 +03:00 [DBG] Created DbCommand for 'ExecuteReader' (0ms).
2025-12-16 18:58:53.674 +03:00 [DBG] Initialized DbCommand for 'ExecuteReader' (4ms).
2025-12-16 18:58:53.676 +03:00 [DBG] Executing DbCommand [Parameters=[@__email_0='?'], CommandType='"Text"', CommandTimeout='30']
SELECT u."Id", u."CreatedDate", u."Email", u."FailedLoginAttempts", u."FirstName", u."IdentityNumber", u."IsEmailVerified", u."LastName", u."LockoutEndTime", u."PasswordHash", u."PasswordSalt", u."PhoneNumber", u."RefreshToken", u."RefreshTokenExpiration", u."Status", u."UpdatedDate"
FROM "Users" AS u
WHERE u."Email" = @__email_0
LIMIT 1
2025-12-16 18:58:53.685 +03:00 [INF] Executed DbCommand (10ms) [Parameters=[@__email_0='?'], CommandType='"Text"', CommandTimeout='30']
SELECT u."Id", u."CreatedDate", u."Email", u."FailedLoginAttempts", u."FirstName", u."IdentityNumber", u."IsEmailVerified", u."LastName", u."LockoutEndTime", u."PasswordHash", u."PasswordSalt", u."PhoneNumber", u."RefreshToken", u."RefreshTokenExpiration", u."Status", u."UpdatedDate"
FROM "Users" AS u
WHERE u."Email" = @__email_0
LIMIT 1
2025-12-16 18:58:53.687 +03:00 [DBG] Closing data reader to 'AuthServiceDb_Dev' on server 'tcp://localhost:5432'.
2025-12-16 18:58:53.688 +03:00 [DBG] A data reader for 'AuthServiceDb_Dev' on server 'tcp://localhost:5432' is being disposed after spending 1ms reading results.
2025-12-16 18:58:53.689 +03:00 [DBG] Closing connection to database 'AuthServiceDb_Dev' on server 'tcp://localhost:5432'.
2025-12-16 18:58:53.690 +03:00 [DBG] Closed connection to database 'AuthServiceDb_Dev' on server 'tcp://localhost:5432' (0ms).
2025-12-16 18:58:53.708 +03:00 [DBG] 'AuthDbContext' generated a temporary value for the property 'User.Id'. Consider using 'DbContextOptionsBuilder.EnableSensitiveDataLogging' to see key values.
2025-12-16 18:58:53.750 +03:00 [DBG] Context 'AuthDbContext' started tracking 'User' entity. Consider using 'DbContextOptionsBuilder.EnableSensitiveDataLogging' to see key values.
2025-12-16 18:58:53.752 +03:00 [DBG] SaveChanges starting for 'AuthDbContext'.
2025-12-16 18:58:53.754 +03:00 [DBG] DetectChanges starting for 'AuthDbContext'.
2025-12-16 18:58:53.767 +03:00 [DBG] DetectChanges completed for 'AuthDbContext'.
2025-12-16 18:58:53.807 +03:00 [DBG] Opening connection to database 'AuthServiceDb_Dev' on server 'tcp://localhost:5432'.
2025-12-16 18:58:53.808 +03:00 [DBG] Opened connection to database 'AuthServiceDb_Dev' on server 'tcp://localhost:5432'.
2025-12-16 18:58:53.810 +03:00 [DBG] Creating DbCommand for 'ExecuteReader'.
2025-12-16 18:58:53.810 +03:00 [DBG] Created DbCommand for 'ExecuteReader' (0ms).
2025-12-16 18:58:53.811 +03:00 [DBG] Initialized DbCommand for 'ExecuteReader' (1ms).
2025-12-16 18:58:53.812 +03:00 [DBG] Executing DbCommand [Parameters=[@p0='?' (DbType = DateTime), @p1='?', @p2='?' (DbType = Int32), @p3='?', @p4='?', @p5='?' (DbType = Boolean), @p6='?', @p7='?' (DbType = DateTime), @p8='?' (DbType = Binary), @p9='?' (DbType = Binary), @p10='?', @p11='?', @p12='?' (DbType = DateTime), @p13='?' (DbType = Boolean), @p14='?' (DbType = DateTime)], CommandType='"Text"', CommandTimeout='30']
INSERT INTO "Users" ("CreatedDate", "Email", "FailedLoginAttempts", "FirstName", "IdentityNumber", "IsEmailVerified", "LastName", "LockoutEndTime", "PasswordHash", "PasswordSalt", "PhoneNumber", "RefreshToken", "RefreshTokenExpiration", "Status", "UpdatedDate")
VALUES (@p0, @p1, @p2, @p3, @p4, @p5, @p6, @p7, @p8, @p9, @p10, @p11, @p12, @p13, @p14)
RETURNING "Id";
2025-12-16 18:58:53.820 +03:00 [INF] Executed DbCommand (8ms) [Parameters=[@p0='?' (DbType = DateTime), @p1='?', @p2='?' (DbType = Int32), @p3='?', @p4='?', @p5='?' (DbType = Boolean), @p6='?', @p7='?' (DbType = DateTime), @p8='?' (DbType = Binary), @p9='?' (DbType = Binary), @p10='?', @p11='?', @p12='?' (DbType = DateTime), @p13='?' (DbType = Boolean), @p14='?' (DbType = DateTime)], CommandType='"Text"', CommandTimeout='30']
INSERT INTO "Users" ("CreatedDate", "Email", "FailedLoginAttempts", "FirstName", "IdentityNumber", "IsEmailVerified", "LastName", "LockoutEndTime", "PasswordHash", "PasswordSalt", "PhoneNumber", "RefreshToken", "RefreshTokenExpiration", "Status", "UpdatedDate")
VALUES (@p0, @p1, @p2, @p3, @p4, @p5, @p6, @p7, @p8, @p9, @p10, @p11, @p12, @p13, @p14)
RETURNING "Id";
2025-12-16 18:58:53.828 +03:00 [DBG] The foreign key property 'User.Id' was detected as changed. Consider using 'DbContextOptionsBuilder.EnableSensitiveDataLogging' to see property values.
2025-12-16 18:58:53.832 +03:00 [DBG] Closing data reader to 'AuthServiceDb_Dev' on server 'tcp://localhost:5432'.
2025-12-16 18:58:53.833 +03:00 [DBG] A data reader for 'AuthServiceDb_Dev' on server 'tcp://localhost:5432' is being disposed after spending 10ms reading results.
2025-12-16 18:58:53.834 +03:00 [DBG] Closing connection to database 'AuthServiceDb_Dev' on server 'tcp://localhost:5432'.
2025-12-16 18:58:53.835 +03:00 [DBG] Closed connection to database 'AuthServiceDb_Dev' on server 'tcp://localhost:5432' (0ms).
2025-12-16 18:58:53.843 +03:00 [DBG] An entity of type 'User' tracked by 'AuthDbContext' changed state from '"Added"' to '"Unchanged"'. Consider using 'DbContextOptionsBuilder.EnableSensitiveDataLogging' to see key values.
2025-12-16 18:58:53.845 +03:00 [DBG] SaveChanges completed for 'AuthDbContext' with 1 entities written to the database.
2025-12-16 18:58:53.847 +03:00 [DBG] Compiling query expression: 
'DbSet<OperationClaim>()
    .FirstOrDefault(oc => oc.Name == __name_0)'
2025-12-16 18:58:53.851 +03:00 [DBG] Generated query execution expression: 
'queryContext => new SingleQueryingEnumerable<OperationClaim>(
    (RelationalQueryContext)queryContext, 
    RelationalCommandCache.QueryExpression(
        Projection Mapping:
            EmptyProjectionMember -> Dictionary<IProperty, int> { [Property: OperationClaim.Id (int) Required PK AfterSave:Throw ValueGenerated.OnAdd, 0], [Property: OperationClaim.CreatedDate (DateTime) Required, 1], [Property: OperationClaim.Description (string) MaxLength(200), 2], [Property: OperationClaim.Name (string) Required Index MaxLength(50), 3] }
        SELECT TOP(1) o.Id, o.CreatedDate, o.Description, o.Name
        FROM OperationClaims AS o
        WHERE o.Name == @__name_0), 
    null, 
    Func<QueryContext, DbDataReader, ResultContext, SingleQueryResultCoordinator, OperationClaim>, 
    AuthService.DataAccess.Concrete.EntityFramework.AuthDbContext, 
    False, 
    False, 
    True
)
    .SingleOrDefault()'
2025-12-16 18:58:53.852 +03:00 [DBG] Opening connection to database 'AuthServiceDb_Dev' on server 'tcp://localhost:5432'.
2025-12-16 18:58:53.853 +03:00 [DBG] Opened connection to database 'AuthServiceDb_Dev' on server 'tcp://localhost:5432'.
2025-12-16 18:58:53.854 +03:00 [DBG] Creating DbCommand for 'ExecuteReader'.
2025-12-16 18:58:53.855 +03:00 [DBG] Created DbCommand for 'ExecuteReader' (0ms).
2025-12-16 18:58:53.856 +03:00 [DBG] Initialized DbCommand for 'ExecuteReader' (1ms).
2025-12-16 18:58:53.857 +03:00 [DBG] Executing DbCommand [Parameters=[@__name_0='?'], CommandType='"Text"', CommandTimeout='30']
SELECT o."Id", o."CreatedDate", o."Description", o."Name"
FROM "OperationClaims" AS o
WHERE o."Name" = @__name_0
LIMIT 1
2025-12-16 18:58:53.860 +03:00 [INF] Executed DbCommand (3ms) [Parameters=[@__name_0='?'], CommandType='"Text"', CommandTimeout='30']
SELECT o."Id", o."CreatedDate", o."Description", o."Name"
FROM "OperationClaims" AS o
WHERE o."Name" = @__name_0
LIMIT 1
2025-12-16 18:58:53.867 +03:00 [DBG] Context 'AuthDbContext' started tracking 'OperationClaim' entity. Consider using 'DbContextOptionsBuilder.EnableSensitiveDataLogging' to see key values.
2025-12-16 18:58:53.873 +03:00 [DBG] Closing data reader to 'AuthServiceDb_Dev' on server 'tcp://localhost:5432'.
2025-12-16 18:58:53.874 +03:00 [DBG] A data reader for 'AuthServiceDb_Dev' on server 'tcp://localhost:5432' is being disposed after spending 13ms reading results.
2025-12-16 18:58:53.875 +03:00 [DBG] Closing connection to database 'AuthServiceDb_Dev' on server 'tcp://localhost:5432'.
2025-12-16 18:58:53.876 +03:00 [DBG] Closed connection to database 'AuthServiceDb_Dev' on server 'tcp://localhost:5432' (0ms).
2025-12-16 18:58:53.879 +03:00 [DBG] 'AuthDbContext' generated a temporary value for the property 'UserOperationClaim.Id'. Consider using 'DbContextOptionsBuilder.EnableSensitiveDataLogging' to see key values.
2025-12-16 18:58:53.885 +03:00 [DBG] The navigation 'UserOperationClaim.OperationClaim' was detected as changed. Consider using 'DbContextOptionsBuilder.EnableSensitiveDataLogging' to see key values.
2025-12-16 18:58:53.893 +03:00 [DBG] The navigation 'UserOperationClaim.User' was detected as changed. Consider using 'DbContextOptionsBuilder.EnableSensitiveDataLogging' to see key values.
2025-12-16 18:58:53.895 +03:00 [DBG] Context 'AuthDbContext' started tracking 'UserOperationClaim' entity. Consider using 'DbContextOptionsBuilder.EnableSensitiveDataLogging' to see key values.
2025-12-16 18:58:53.896 +03:00 [DBG] SaveChanges starting for 'AuthDbContext'.
2025-12-16 18:58:53.897 +03:00 [DBG] DetectChanges starting for 'AuthDbContext'.
2025-12-16 18:58:53.901 +03:00 [DBG] DetectChanges completed for 'AuthDbContext'.
2025-12-16 18:58:53.904 +03:00 [DBG] Opening connection to database 'AuthServiceDb_Dev' on server 'tcp://localhost:5432'.
2025-12-16 18:58:53.905 +03:00 [DBG] Opened connection to database 'AuthServiceDb_Dev' on server 'tcp://localhost:5432'.
2025-12-16 18:58:53.906 +03:00 [DBG] Creating DbCommand for 'ExecuteReader'.
2025-12-16 18:58:53.906 +03:00 [DBG] Created DbCommand for 'ExecuteReader' (0ms).
2025-12-16 18:58:53.907 +03:00 [DBG] Initialized DbCommand for 'ExecuteReader' (1ms).
2025-12-16 18:58:53.908 +03:00 [DBG] Executing DbCommand [Parameters=[@p0='?' (DbType = DateTime), @p1='?' (DbType = Int32), @p2='?' (DbType = Int32)], CommandType='"Text"', CommandTimeout='30']
INSERT INTO "UserOperationClaims" ("CreatedDate", "OperationClaimId", "UserId")
VALUES (@p0, @p1, @p2)
RETURNING "Id";
2025-12-16 18:58:53.911 +03:00 [INF] Executed DbCommand (3ms) [Parameters=[@p0='?' (DbType = DateTime), @p1='?' (DbType = Int32), @p2='?' (DbType = Int32)], CommandType='"Text"', CommandTimeout='30']
INSERT INTO "UserOperationClaims" ("CreatedDate", "OperationClaimId", "UserId")
VALUES (@p0, @p1, @p2)
RETURNING "Id";
2025-12-16 18:58:53.914 +03:00 [DBG] The foreign key property 'UserOperationClaim.Id' was detected as changed. Consider using 'DbContextOptionsBuilder.EnableSensitiveDataLogging' to see property values.
2025-12-16 18:58:53.915 +03:00 [DBG] Closing data reader to 'AuthServiceDb_Dev' on server 'tcp://localhost:5432'.
2025-12-16 18:58:53.916 +03:00 [DBG] A data reader for 'AuthServiceDb_Dev' on server 'tcp://localhost:5432' is being disposed after spending 3ms reading results.
2025-12-16 18:58:53.917 +03:00 [DBG] Closing connection to database 'AuthServiceDb_Dev' on server 'tcp://localhost:5432'.
2025-12-16 18:58:53.918 +03:00 [DBG] Closed connection to database 'AuthServiceDb_Dev' on server 'tcp://localhost:5432' (0ms).
2025-12-16 18:58:53.919 +03:00 [DBG] An entity of type 'UserOperationClaim' tracked by 'AuthDbContext' changed state from '"Added"' to '"Unchanged"'. Consider using 'DbContextOptionsBuilder.EnableSensitiveDataLogging' to see key values.
2025-12-16 18:58:53.921 +03:00 [DBG] SaveChanges completed for 'AuthDbContext' with 1 entities written to the database.
2025-12-16 18:58:53.927 +03:00 [DBG] Compiling query expression: 
'DbSet<OperationClaim>()
    .Join(
        inner: DbSet<UserOperationClaim>(), 
        outerKeySelector: operationClaim => operationClaim.Id, 
        innerKeySelector: userOperationClaim => userOperationClaim.OperationClaimId, 
        resultSelector: (operationClaim, userOperationClaim) => new { 
            operationClaim = operationClaim, 
            userOperationClaim = userOperationClaim
         })
    .Where(<>h__TransparentIdentifier0 => <>h__TransparentIdentifier0.userOperationClaim.UserId == __user_Id_0)
    .Select(<>h__TransparentIdentifier0 => new OperationClaim{ 
        Id = <>h__TransparentIdentifier0.operationClaim.Id, 
        Name = <>h__TransparentIdentifier0.operationClaim.Name, 
        Description = <>h__TransparentIdentifier0.operationClaim.Description 
    }
    )'
2025-12-16 18:58:53.960 +03:00 [DBG] Generated query execution expression: 
'queryContext => new SingleQueryingEnumerable<OperationClaim>(
    (RelationalQueryContext)queryContext, 
    RelationalCommandCache.QueryExpression(
        Projection Mapping:
            Id -> 0
            Name -> 1
            Description -> 2
        SELECT o.Id, o.Name, o.Description
        FROM OperationClaims AS o
        INNER JOIN UserOperationClaims AS u ON o.Id == u.OperationClaimId
        WHERE u.UserId == @__user_Id_0), 
    null, 
    Func<QueryContext, DbDataReader, ResultContext, SingleQueryResultCoordinator, OperationClaim>, 
    AuthService.DataAccess.Concrete.EntityFramework.AuthDbContext, 
    False, 
    False, 
    True
)'
2025-12-16 18:58:53.962 +03:00 [DBG] Opening connection to database 'AuthServiceDb_Dev' on server 'tcp://localhost:5432'.
2025-12-16 18:58:53.963 +03:00 [DBG] Opened connection to database 'AuthServiceDb_Dev' on server 'tcp://localhost:5432'.
2025-12-16 18:58:53.963 +03:00 [DBG] Creating DbCommand for 'ExecuteReader'.
2025-12-16 18:58:53.964 +03:00 [DBG] Created DbCommand for 'ExecuteReader' (0ms).
2025-12-16 18:58:53.965 +03:00 [DBG] Initialized DbCommand for 'ExecuteReader' (1ms).
2025-12-16 18:58:53.966 +03:00 [DBG] Executing DbCommand [Parameters=[@__user_Id_0='?' (DbType = Int32)], CommandType='"Text"', CommandTimeout='30']
SELECT o."Id", o."Name", o."Description"
FROM "OperationClaims" AS o
INNER JOIN "UserOperationClaims" AS u ON o."Id" = u."OperationClaimId"
WHERE u."UserId" = @__user_Id_0
2025-12-16 18:58:53.969 +03:00 [INF] Executed DbCommand (3ms) [Parameters=[@__user_Id_0='?' (DbType = Int32)], CommandType='"Text"', CommandTimeout='30']
SELECT o."Id", o."Name", o."Description"
FROM "OperationClaims" AS o
INNER JOIN "UserOperationClaims" AS u ON o."Id" = u."OperationClaimId"
WHERE u."UserId" = @__user_Id_0
2025-12-16 18:58:53.970 +03:00 [DBG] Closing data reader to 'AuthServiceDb_Dev' on server 'tcp://localhost:5432'.
2025-12-16 18:58:53.971 +03:00 [DBG] A data reader for 'AuthServiceDb_Dev' on server 'tcp://localhost:5432' is being disposed after spending 1ms reading results.
2025-12-16 18:58:53.972 +03:00 [DBG] Closing connection to database 'AuthServiceDb_Dev' on server 'tcp://localhost:5432'.
2025-12-16 18:58:53.973 +03:00 [DBG] Closed connection to database 'AuthServiceDb_Dev' on server 'tcp://localhost:5432' (0ms).
2025-12-16 18:58:53.994 +03:00 [DBG] The unchanged property 'User.RefreshToken' was detected as changed and will be marked as modified. Consider using 'DbContextOptionsBuilder.EnableSensitiveDataLogging' to see property values.
2025-12-16 18:58:53.995 +03:00 [DBG] An entity of type 'User' tracked by 'AuthDbContext' changed state from '"Unchanged"' to '"Modified"'. Consider using 'DbContextOptionsBuilder.EnableSensitiveDataLogging' to see key values.
2025-12-16 18:58:53.996 +03:00 [DBG] The unchanged property 'User.RefreshTokenExpiration' was detected as changed and will be marked as modified. Consider using 'DbContextOptionsBuilder.EnableSensitiveDataLogging' to see property values.
2025-12-16 18:58:53.997 +03:00 [DBG] SaveChanges starting for 'AuthDbContext'.
2025-12-16 18:58:53.999 +03:00 [DBG] DetectChanges starting for 'AuthDbContext'.
2025-12-16 18:58:54.000 +03:00 [DBG] DetectChanges completed for 'AuthDbContext'.
2025-12-16 18:58:54.007 +03:00 [DBG] Opening connection to database 'AuthServiceDb_Dev' on server 'tcp://localhost:5432'.
2025-12-16 18:58:54.008 +03:00 [DBG] Opened connection to database 'AuthServiceDb_Dev' on server 'tcp://localhost:5432'.
2025-12-16 18:58:54.009 +03:00 [DBG] Creating DbCommand for 'ExecuteReader'.
2025-12-16 18:58:54.010 +03:00 [DBG] Created DbCommand for 'ExecuteReader' (0ms).
2025-12-16 18:58:54.011 +03:00 [DBG] Initialized DbCommand for 'ExecuteReader' (1ms).
2025-12-16 18:58:54.012 +03:00 [DBG] Executing DbCommand [Parameters=[@p15='?' (DbType = Int32), @p0='?' (DbType = DateTime), @p1='?', @p2='?' (DbType = Int32), @p3='?', @p4='?', @p5='?' (DbType = Boolean), @p6='?', @p7='?' (DbType = DateTime), @p8='?' (DbType = Binary), @p9='?' (DbType = Binary), @p10='?', @p11='?', @p12='?' (DbType = DateTime), @p13='?' (DbType = Boolean), @p14='?' (DbType = DateTime)], CommandType='"Text"', CommandTimeout='30']
UPDATE "Users" SET "CreatedDate" = @p0, "Email" = @p1, "FailedLoginAttempts" = @p2, "FirstName" = @p3, "IdentityNumber" = @p4, "IsEmailVerified" = @p5, "LastName" = @p6, "LockoutEndTime" = @p7, "PasswordHash" = @p8, "PasswordSalt" = @p9, "PhoneNumber" = @p10, "RefreshToken" = @p11, "RefreshTokenExpiration" = @p12, "Status" = @p13, "UpdatedDate" = @p14
WHERE "Id" = @p15;
2025-12-16 18:58:54.014 +03:00 [INF] Executed DbCommand (2ms) [Parameters=[@p15='?' (DbType = Int32), @p0='?' (DbType = DateTime), @p1='?', @p2='?' (DbType = Int32), @p3='?', @p4='?', @p5='?' (DbType = Boolean), @p6='?', @p7='?' (DbType = DateTime), @p8='?' (DbType = Binary), @p9='?' (DbType = Binary), @p10='?', @p11='?', @p12='?' (DbType = DateTime), @p13='?' (DbType = Boolean), @p14='?' (DbType = DateTime)], CommandType='"Text"', CommandTimeout='30']
UPDATE "Users" SET "CreatedDate" = @p0, "Email" = @p1, "FailedLoginAttempts" = @p2, "FirstName" = @p3, "IdentityNumber" = @p4, "IsEmailVerified" = @p5, "LastName" = @p6, "LockoutEndTime" = @p7, "PasswordHash" = @p8, "PasswordSalt" = @p9, "PhoneNumber" = @p10, "RefreshToken" = @p11, "RefreshTokenExpiration" = @p12, "Status" = @p13, "UpdatedDate" = @p14
WHERE "Id" = @p15;
2025-12-16 18:58:54.016 +03:00 [DBG] Closing data reader to 'AuthServiceDb_Dev' on server 'tcp://localhost:5432'.
2025-12-16 18:58:54.016 +03:00 [DBG] A data reader for 'AuthServiceDb_Dev' on server 'tcp://localhost:5432' is being disposed after spending 1ms reading results.
2025-12-16 18:58:54.018 +03:00 [DBG] Closing connection to database 'AuthServiceDb_Dev' on server 'tcp://localhost:5432'.
2025-12-16 18:58:54.018 +03:00 [DBG] Closed connection to database 'AuthServiceDb_Dev' on server 'tcp://localhost:5432' (0ms).
2025-12-16 18:58:54.020 +03:00 [DBG] An entity of type 'User' tracked by 'AuthDbContext' changed state from '"Modified"' to '"Unchanged"'. Consider using 'DbContextOptionsBuilder.EnableSensitiveDataLogging' to see key values.
2025-12-16 18:58:54.021 +03:00 [DBG] SaveChanges completed for 'AuthDbContext' with 1 entities written to the database.
2025-12-16 18:58:57.387 +03:00 [INF] Start processing HTTP request POST https://localhost:7296/api/Patients
2025-12-16 18:58:57.390 +03:00 [INF] Sending HTTP request POST https://localhost:7296/api/Patients
2025-12-16 18:58:57.415 +03:00 [DBG] List of registered output formatters, in the following order: ["Microsoft.AspNetCore.Mvc.Formatters.HttpNoContentOutputFormatter","Microsoft.AspNetCore.Mvc.Formatters.StringOutputFormatter","Microsoft.AspNetCore.Mvc.Formatters.StreamOutputFormatter","Microsoft.AspNetCore.Mvc.Formatters.SystemTextJsonOutputFormatter"]
2025-12-16 18:58:57.417 +03:00 [DBG] Attempting to select an output formatter based on Accept header '["application/json"]' and explicitly specified content types '["application/json"]'. The content types in the accept header must be a subset of the explicitly set content types.
2025-12-16 18:58:57.418 +03:00 [DBG] Selected output formatter 'Microsoft.AspNetCore.Mvc.Formatters.SystemTextJsonOutputFormatter' and content type 'application/json' to write the response.
2025-12-16 18:58:57.419 +03:00 [INF] Executing OkObjectResult, writing value of type 'Core.Extensions.ApiResponse`1[[AuthService.Entities.DTOs.TokenDto, AuthService.Entities, Version=1.0.0.0, Culture=neutral, PublicKeyToken=null]]'.
2025-12-16 18:58:57.426 +03:00 [INF] Executed action AuthService.API.Controllers.AuthController.Register (AuthService.API) in 5289.5912ms
2025-12-16 18:58:57.432 +03:00 [INF] Executed endpoint 'AuthService.API.Controllers.AuthController.Register (AuthService.API)'
2025-12-16 18:58:57.433 +03:00 [INF] [User: Anonymous] [IP: ::1] POST /api/Auth/register -> 200
2025-12-16 18:58:57.434 +03:00 [DBG] 'AuthDbContext' disposed.
2025-12-16 18:58:57.437 +03:00 [DBG] Disposing connection to database 'AuthServiceDb_Dev' on server 'tcp://localhost:5432'.
2025-12-16 18:58:57.440 +03:00 [DBG] Disposed connection to database 'AuthServiceDb_Dev' on server 'tcp://localhost:5432' (2ms).
2025-12-16 18:58:57.441 +03:00 [INF] Request finished HTTP/2 POST https://localhost:7001/api/Auth/register - 200 null application/json; charset=utf-8 5324.2832ms
2025-12-16 20:06:41.001 +03:00 [DBG] Registered model binder providers, in the following order: ["Microsoft.AspNetCore.Mvc.ModelBinding.Binders.BinderTypeModelBinderProvider","Microsoft.AspNetCore.Mvc.ModelBinding.Binders.ServicesModelBinderProvider","Microsoft.AspNetCore.Mvc.ModelBinding.Binders.BodyModelBinderProvider","Microsoft.AspNetCore.Mvc.ModelBinding.Binders.HeaderModelBinderProvider","Microsoft.AspNetCore.Mvc.ModelBinding.Binders.FloatingPointTypeModelBinderProvider","Microsoft.AspNetCore.Mvc.ModelBinding.Binders.EnumTypeModelBinderProvider","Microsoft.AspNetCore.Mvc.ModelBinding.Binders.DateTimeModelBinderProvider","Microsoft.AspNetCore.Mvc.ModelBinding.Binders.SimpleTypeModelBinderProvider","Microsoft.AspNetCore.Mvc.ModelBinding.Binders.TryParseModelBinderProvider","Microsoft.AspNetCore.Mvc.ModelBinding.Binders.CancellationTokenModelBinderProvider","Microsoft.AspNetCore.Mvc.ModelBinding.Binders.ByteArrayModelBinderProvider","Microsoft.AspNetCore.Mvc.ModelBinding.Binders.FormFileModelBinderProvider","Microsoft.AspNetCore.Mvc.ModelBinding.Binders.FormCollectionModelBinderProvider","Microsoft.AspNetCore.Mvc.ModelBinding.Binders.KeyValuePairModelBinderProvider","Microsoft.AspNetCore.Mvc.ModelBinding.Binders.DictionaryModelBinderProvider","Microsoft.AspNetCore.Mvc.ModelBinding.Binders.ArrayModelBinderProvider","Microsoft.AspNetCore.Mvc.ModelBinding.Binders.CollectionModelBinderProvider","Microsoft.AspNetCore.Mvc.ModelBinding.Binders.ComplexObjectModelBinderProvider"]
2025-12-16 20:06:41.212 +03:00 [DBG] An 'IServiceProvider' was created for internal use by Entity Framework.
2025-12-16 20:06:41.527 +03:00 [DBG] The index {'UserId'} was not created on entity type 'UserOperationClaim' as the properties are already covered by the index {'UserId', 'OperationClaimId'}.
2025-12-16 20:06:41.723 +03:00 [DBG] Entity Framework Core 8.0.17 initialized 'AuthDbContext' using provider 'Npgsql.EntityFrameworkCore.PostgreSQL:8.0.10+18d07c54eacaffa5bf8128d47eecdb5255d86376' with options: None
2025-12-16 20:06:41.734 +03:00 [DBG] Creating DbConnection.
2025-12-16 20:06:41.769 +03:00 [DBG] Created DbConnection. (31ms).
2025-12-16 20:06:41.777 +03:00 [DBG] Opening connection to database 'AuthServiceDb_Dev' on server 'tcp://localhost:5432'.
2025-12-16 20:06:41.889 +03:00 [DBG] Opened connection to database 'AuthServiceDb_Dev' on server 'tcp://localhost:5432'.
2025-12-16 20:06:41.892 +03:00 [DBG] Closing connection to database 'AuthServiceDb_Dev' on server 'tcp://localhost:5432'.
2025-12-16 20:06:41.901 +03:00 [DBG] Closed connection to database 'AuthServiceDb_Dev' on server 'tcp://localhost:5432' (6ms).
2025-12-16 20:06:41.912 +03:00 [DBG] Creating DbCommand for 'ExecuteScalar'.
2025-12-16 20:06:41.919 +03:00 [DBG] Created DbCommand for 'ExecuteScalar' (5ms).
2025-12-16 20:06:41.921 +03:00 [DBG] Initialized DbCommand for 'ExecuteScalar' (10ms).
2025-12-16 20:06:41.922 +03:00 [DBG] Opening connection to database 'AuthServiceDb_Dev' on server 'tcp://localhost:5432'.
2025-12-16 20:06:42.021 +03:00 [DBG] Opened connection to database 'AuthServiceDb_Dev' on server 'tcp://localhost:5432'.
2025-12-16 20:06:42.042 +03:00 [DBG] Executing DbCommand [Parameters=[], CommandType='"Text"', CommandTimeout='30']
SELECT EXISTS (
    SELECT 1 FROM pg_catalog.pg_class c
    JOIN pg_catalog.pg_namespace n ON n.oid=c.relnamespace
    WHERE n.nspname='public' AND
          c.relname='__EFMigrationsHistory'
)
2025-12-16 20:06:42.120 +03:00 [INF] Executed DbCommand (78ms) [Parameters=[], CommandType='"Text"', CommandTimeout='30']
SELECT EXISTS (
    SELECT 1 FROM pg_catalog.pg_class c
    JOIN pg_catalog.pg_namespace n ON n.oid=c.relnamespace
    WHERE n.nspname='public' AND
          c.relname='__EFMigrationsHistory'
)
2025-12-16 20:06:42.124 +03:00 [DBG] Closing connection to database 'AuthServiceDb_Dev' on server 'tcp://localhost:5432'.
2025-12-16 20:06:42.127 +03:00 [DBG] Closed connection to database 'AuthServiceDb_Dev' on server 'tcp://localhost:5432' (3ms).
2025-12-16 20:06:42.140 +03:00 [DBG] Opening connection to database 'AuthServiceDb_Dev' on server 'tcp://localhost:5432'.
2025-12-16 20:06:42.142 +03:00 [DBG] Opened connection to database 'AuthServiceDb_Dev' on server 'tcp://localhost:5432'.
2025-12-16 20:06:42.143 +03:00 [DBG] Creating DbCommand for 'ExecuteReader'.
2025-12-16 20:06:42.144 +03:00 [DBG] Created DbCommand for 'ExecuteReader' (0ms).
2025-12-16 20:06:42.145 +03:00 [DBG] Initialized DbCommand for 'ExecuteReader' (1ms).
2025-12-16 20:06:42.147 +03:00 [DBG] Executing DbCommand [Parameters=[], CommandType='"Text"', CommandTimeout='30']
SELECT "MigrationId", "ProductVersion"
FROM "__EFMigrationsHistory"
ORDER BY "MigrationId";
2025-12-16 20:06:42.151 +03:00 [INF] Executed DbCommand (4ms) [Parameters=[], CommandType='"Text"', CommandTimeout='30']
SELECT "MigrationId", "ProductVersion"
FROM "__EFMigrationsHistory"
ORDER BY "MigrationId";
2025-12-16 20:06:42.158 +03:00 [DBG] Closing data reader to 'AuthServiceDb_Dev' on server 'tcp://localhost:5432'.
2025-12-16 20:06:42.160 +03:00 [DBG] A data reader for 'AuthServiceDb_Dev' on server 'tcp://localhost:5432' is being disposed after spending 7ms reading results.
2025-12-16 20:06:42.162 +03:00 [DBG] Closing connection to database 'AuthServiceDb_Dev' on server 'tcp://localhost:5432'.
2025-12-16 20:06:42.163 +03:00 [DBG] Closed connection to database 'AuthServiceDb_Dev' on server 'tcp://localhost:5432' (1ms).
2025-12-16 20:06:42.165 +03:00 [DBG] Migrating using database 'AuthServiceDb_Dev' on server 'tcp://localhost:5432'.
2025-12-16 20:06:42.166 +03:00 [DBG] Opening connection to database 'AuthServiceDb_Dev' on server 'tcp://localhost:5432'.
2025-12-16 20:06:42.214 +03:00 [DBG] Opened connection to database 'AuthServiceDb_Dev' on server 'tcp://localhost:5432'.
2025-12-16 20:06:42.215 +03:00 [DBG] Closing connection to database 'AuthServiceDb_Dev' on server 'tcp://localhost:5432'.
2025-12-16 20:06:42.216 +03:00 [DBG] Closed connection to database 'AuthServiceDb_Dev' on server 'tcp://localhost:5432' (1ms).
2025-12-16 20:06:42.218 +03:00 [DBG] Creating DbCommand for 'ExecuteScalar'.
2025-12-16 20:06:42.219 +03:00 [DBG] Created DbCommand for 'ExecuteScalar' (1ms).
2025-12-16 20:06:42.221 +03:00 [DBG] Initialized DbCommand for 'ExecuteScalar' (2ms).
2025-12-16 20:06:42.221 +03:00 [DBG] Opening connection to database 'AuthServiceDb_Dev' on server 'tcp://localhost:5432'.
2025-12-16 20:06:42.223 +03:00 [DBG] Opened connection to database 'AuthServiceDb_Dev' on server 'tcp://localhost:5432'.
2025-12-16 20:06:42.224 +03:00 [DBG] Executing DbCommand [Parameters=[], CommandType='"Text"', CommandTimeout='30']
SELECT EXISTS (
    SELECT 1 FROM pg_catalog.pg_class c
    JOIN pg_catalog.pg_namespace n ON n.oid=c.relnamespace
    WHERE n.nspname='public' AND
          c.relname='__EFMigrationsHistory'
)
2025-12-16 20:06:42.226 +03:00 [INF] Executed DbCommand (3ms) [Parameters=[], CommandType='"Text"', CommandTimeout='30']
SELECT EXISTS (
    SELECT 1 FROM pg_catalog.pg_class c
    JOIN pg_catalog.pg_namespace n ON n.oid=c.relnamespace
    WHERE n.nspname='public' AND
          c.relname='__EFMigrationsHistory'
)
2025-12-16 20:06:42.228 +03:00 [DBG] Closing connection to database 'AuthServiceDb_Dev' on server 'tcp://localhost:5432'.
2025-12-16 20:06:42.229 +03:00 [DBG] Closed connection to database 'AuthServiceDb_Dev' on server 'tcp://localhost:5432' (1ms).
2025-12-16 20:06:42.231 +03:00 [DBG] Opening connection to database 'AuthServiceDb_Dev' on server 'tcp://localhost:5432'.
2025-12-16 20:06:42.277 +03:00 [DBG] Opened connection to database 'AuthServiceDb_Dev' on server 'tcp://localhost:5432'.
2025-12-16 20:06:42.278 +03:00 [DBG] Closing connection to database 'AuthServiceDb_Dev' on server 'tcp://localhost:5432'.
2025-12-16 20:06:42.279 +03:00 [DBG] Closed connection to database 'AuthServiceDb_Dev' on server 'tcp://localhost:5432' (1ms).
2025-12-16 20:06:42.280 +03:00 [DBG] Creating DbCommand for 'ExecuteScalar'.
2025-12-16 20:06:42.281 +03:00 [DBG] Created DbCommand for 'ExecuteScalar' (0ms).
2025-12-16 20:06:42.282 +03:00 [DBG] Initialized DbCommand for 'ExecuteScalar' (1ms).
2025-12-16 20:06:42.283 +03:00 [DBG] Opening connection to database 'AuthServiceDb_Dev' on server 'tcp://localhost:5432'.
2025-12-16 20:06:42.284 +03:00 [DBG] Opened connection to database 'AuthServiceDb_Dev' on server 'tcp://localhost:5432'.
2025-12-16 20:06:42.285 +03:00 [DBG] Executing DbCommand [Parameters=[], CommandType='"Text"', CommandTimeout='30']
SELECT EXISTS (
    SELECT 1 FROM pg_catalog.pg_class c
    JOIN pg_catalog.pg_namespace n ON n.oid=c.relnamespace
    WHERE n.nspname='public' AND
          c.relname='__EFMigrationsHistory'
)
2025-12-16 20:06:42.287 +03:00 [INF] Executed DbCommand (2ms) [Parameters=[], CommandType='"Text"', CommandTimeout='30']
SELECT EXISTS (
    SELECT 1 FROM pg_catalog.pg_class c
    JOIN pg_catalog.pg_namespace n ON n.oid=c.relnamespace
    WHERE n.nspname='public' AND
          c.relname='__EFMigrationsHistory'
)
2025-12-16 20:06:42.289 +03:00 [DBG] Closing connection to database 'AuthServiceDb_Dev' on server 'tcp://localhost:5432'.
2025-12-16 20:06:42.290 +03:00 [DBG] Closed connection to database 'AuthServiceDb_Dev' on server 'tcp://localhost:5432' (1ms).
2025-12-16 20:06:42.292 +03:00 [DBG] Opening connection to database 'AuthServiceDb_Dev' on server 'tcp://localhost:5432'.
2025-12-16 20:06:42.293 +03:00 [DBG] Opened connection to database 'AuthServiceDb_Dev' on server 'tcp://localhost:5432'.
2025-12-16 20:06:42.294 +03:00 [DBG] Creating DbCommand for 'ExecuteReader'.
2025-12-16 20:06:42.295 +03:00 [DBG] Created DbCommand for 'ExecuteReader' (0ms).
2025-12-16 20:06:42.296 +03:00 [DBG] Initialized DbCommand for 'ExecuteReader' (1ms).
2025-12-16 20:06:42.297 +03:00 [DBG] Executing DbCommand [Parameters=[], CommandType='"Text"', CommandTimeout='30']
SELECT "MigrationId", "ProductVersion"
FROM "__EFMigrationsHistory"
ORDER BY "MigrationId";
2025-12-16 20:06:42.299 +03:00 [INF] Executed DbCommand (2ms) [Parameters=[], CommandType='"Text"', CommandTimeout='30']
SELECT "MigrationId", "ProductVersion"
FROM "__EFMigrationsHistory"
ORDER BY "MigrationId";
2025-12-16 20:06:42.301 +03:00 [DBG] Closing data reader to 'AuthServiceDb_Dev' on server 'tcp://localhost:5432'.
2025-12-16 20:06:42.302 +03:00 [DBG] A data reader for 'AuthServiceDb_Dev' on server 'tcp://localhost:5432' is being disposed after spending 1ms reading results.
2025-12-16 20:06:42.303 +03:00 [DBG] Closing connection to database 'AuthServiceDb_Dev' on server 'tcp://localhost:5432'.
2025-12-16 20:06:42.304 +03:00 [DBG] Closed connection to database 'AuthServiceDb_Dev' on server 'tcp://localhost:5432' (0ms).
2025-12-16 20:06:42.312 +03:00 [INF] No migrations were applied. The database is already up to date.
2025-12-16 20:06:42.315 +03:00 [INF] Database migrations applied successfully.
2025-12-16 20:06:42.317 +03:00 [DBG] 'AuthDbContext' disposed.
2025-12-16 20:06:42.319 +03:00 [DBG] Disposing connection to database 'AuthServiceDb_Dev' on server 'tcp://localhost:5432'.
2025-12-16 20:06:42.320 +03:00 [DBG] Disposed connection to database 'AuthServiceDb_Dev' on server 'tcp://localhost:5432' (1ms).
2025-12-16 20:06:42.323 +03:00 [DBG] Hosting starting
2025-12-16 20:06:42.349 +03:00 [INF] User profile is available. Using 'C:\Users\atura\AppData\Local\ASP.NET\DataProtection-Keys' as key repository and Windows DPAPI to encrypt keys at rest.
2025-12-16 20:06:42.367 +03:00 [DBG] Reading data from file 'C:\Users\atura\AppData\Local\ASP.NET\DataProtection-Keys\key-2b41731a-ff2b-4c58-8083-9dd2e8e06c02.xml'.
2025-12-16 20:06:42.373 +03:00 [DBG] Reading data from file 'C:\Users\atura\AppData\Local\ASP.NET\DataProtection-Keys\key-b1bfbf17-5e54-4bcd-856c-81e8ff116985.xml'.
2025-12-16 20:06:42.374 +03:00 [DBG] Reading data from file 'C:\Users\atura\AppData\Local\ASP.NET\DataProtection-Keys\key-d4db8ae3-c3b6-4a1e-a8e6-5ce936ab3dc1.xml'.
2025-12-16 20:06:42.376 +03:00 [DBG] Reading data from file 'C:\Users\atura\AppData\Local\ASP.NET\DataProtection-Keys\key-d528c6a9-5739-4b20-b71f-eef16136c0e0.xml'.
2025-12-16 20:06:42.377 +03:00 [DBG] Reading data from file 'C:\Users\atura\AppData\Local\ASP.NET\DataProtection-Keys\key-f197c843-1f03-4bc8-9e1b-7ef1bcdd878d.xml'.
2025-12-16 20:06:42.382 +03:00 [DBG] Found key {2b41731a-ff2b-4c58-8083-9dd2e8e06c02}.
2025-12-16 20:06:42.387 +03:00 [DBG] Found key {b1bfbf17-5e54-4bcd-856c-81e8ff116985}.
2025-12-16 20:06:42.388 +03:00 [DBG] Found key {d4db8ae3-c3b6-4a1e-a8e6-5ce936ab3dc1}.
2025-12-16 20:06:42.389 +03:00 [DBG] Found key {d528c6a9-5739-4b20-b71f-eef16136c0e0}.
2025-12-16 20:06:42.390 +03:00 [DBG] Found key {f197c843-1f03-4bc8-9e1b-7ef1bcdd878d}.
2025-12-16 20:06:42.396 +03:00 [DBG] Considering key {d528c6a9-5739-4b20-b71f-eef16136c0e0} with expiration date 2026-01-16 09:53:55Z as default key.
2025-12-16 20:06:42.400 +03:00 [DBG] Forwarded activator type request from Microsoft.AspNetCore.DataProtection.XmlEncryption.DpapiXmlDecryptor, Microsoft.AspNetCore.DataProtection, Version=8.0.0.0, Culture=neutral, PublicKeyToken=adb9793829ddae60 to Microsoft.AspNetCore.DataProtection.XmlEncryption.DpapiXmlDecryptor, Microsoft.AspNetCore.DataProtection, Culture=neutral, PublicKeyToken=adb9793829ddae60
2025-12-16 20:06:42.402 +03:00 [DBG] Decrypting secret element using Windows DPAPI.
2025-12-16 20:06:42.403 +03:00 [DBG] Forwarded activator type request from Microsoft.AspNetCore.DataProtection.AuthenticatedEncryption.ConfigurationModel.AuthenticatedEncryptorDescriptorDeserializer, Microsoft.AspNetCore.DataProtection, Version=8.0.0.0, Culture=neutral, PublicKeyToken=adb9793829ddae60 to Microsoft.AspNetCore.DataProtection.AuthenticatedEncryption.ConfigurationModel.AuthenticatedEncryptorDescriptorDeserializer, Microsoft.AspNetCore.DataProtection, Culture=neutral, PublicKeyToken=adb9793829ddae60
2025-12-16 20:06:42.407 +03:00 [DBG] Opening CNG algorithm 'AES' from provider 'null' with chaining mode CBC.
2025-12-16 20:06:42.409 +03:00 [DBG] Opening CNG algorithm 'SHA256' from provider 'null' with HMAC.
2025-12-16 20:06:42.410 +03:00 [DBG] Using key {d528c6a9-5739-4b20-b71f-eef16136c0e0} as the default key.
2025-12-16 20:06:42.412 +03:00 [DBG] Key ring with default key {d528c6a9-5739-4b20-b71f-eef16136c0e0} was loaded during application startup.
2025-12-16 20:06:42.561 +03:00 [INF] Now listening on: https://localhost:7001
2025-12-16 20:06:42.562 +03:00 [INF] Now listening on: http://localhost:5001
2025-12-16 20:06:42.563 +03:00 [DBG] Loaded hosting startup assembly AuthService.API
2025-12-16 20:06:42.564 +03:00 [DBG] Loaded hosting startup assembly Microsoft.WebTools.ApiEndpointDiscovery
2025-12-16 20:06:42.564 +03:00 [DBG] Loaded hosting startup assembly Microsoft.AspNetCore.Watch.BrowserRefresh
2025-12-16 20:06:42.565 +03:00 [DBG] Loaded hosting startup assembly Microsoft.WebTools.BrowserLink.Net
2025-12-16 20:06:42.653 +03:00 [INF] Application started. Press Ctrl+C to shut down.
2025-12-16 20:06:42.654 +03:00 [INF] Hosting environment: Development
2025-12-16 20:06:42.655 +03:00 [INF] Content root path: C:\Users\atura\OneDrive\Masaüstü\Yarışma\appointment-reservation\backend\Services\AuthService\AuthService.API
2025-12-16 20:06:42.656 +03:00 [DBG] Hosting started
2025-12-16 20:06:42.840 +03:00 [DBG] Connection id "0HNHSOLU86PIM" received FIN.
2025-12-16 20:06:42.840 +03:00 [DBG] Connection id "0HNHSOLU86PIL" received FIN.
2025-12-16 20:06:42.852 +03:00 [DBG] Connection id "0HNHSOLU86PIL" accepted.
2025-12-16 20:06:42.852 +03:00 [DBG] Connection id "0HNHSOLU86PIM" accepted.
2025-12-16 20:06:42.853 +03:00 [DBG] Connection id "0HNHSOLU86PIL" started.
2025-12-16 20:06:42.854 +03:00 [DBG] Connection id "0HNHSOLU86PIM" started.
2025-12-16 20:06:42.868 +03:00 [DBG] Failed to authenticate HTTPS connection.
System.IO.IOException: Received an unexpected EOF or 0 bytes from the transport stream.
   at System.Net.Security.SslStream.ReceiveHandshakeFrameAsync[TIOAdapter](CancellationToken cancellationToken)
   at System.Net.Security.SslStream.ForceAuthenticationAsync[TIOAdapter](Boolean receiveFirst, Byte[] reAuthenticationData, CancellationToken cancellationToken)
   at System.Net.Security.SslStream.ProcessAuthenticationWithTelemetryAsync(Boolean isAsync, CancellationToken cancellationToken)
   at Microsoft.AspNetCore.Server.Kestrel.Https.Internal.HttpsConnectionMiddleware.OnConnectionAsync(ConnectionContext context)
2025-12-16 20:06:42.868 +03:00 [DBG] Failed to authenticate HTTPS connection.
System.IO.IOException: Received an unexpected EOF or 0 bytes from the transport stream.
   at System.Net.Security.SslStream.ReceiveHandshakeFrameAsync[TIOAdapter](CancellationToken cancellationToken)
   at System.Net.Security.SslStream.ForceAuthenticationAsync[TIOAdapter](Boolean receiveFirst, Byte[] reAuthenticationData, CancellationToken cancellationToken)
   at System.Net.Security.SslStream.ProcessAuthenticationWithTelemetryAsync(Boolean isAsync, CancellationToken cancellationToken)
   at Microsoft.AspNetCore.Server.Kestrel.Https.Internal.HttpsConnectionMiddleware.OnConnectionAsync(ConnectionContext context)
2025-12-16 20:06:42.894 +03:00 [DBG] Connection id "0HNHSOLU86PIL" stopped.
2025-12-16 20:06:42.894 +03:00 [DBG] Connection id "0HNHSOLU86PIM" stopped.
2025-12-16 20:06:42.897 +03:00 [DBG] Connection id "0HNHSOLU86PIL" sending FIN because: "The Socket transport's send loop completed gracefully."
2025-12-16 20:06:42.897 +03:00 [DBG] Connection id "0HNHSOLU86PIM" sending FIN because: "The Socket transport's send loop completed gracefully."
2025-12-16 20:06:43.265 +03:00 [DBG] Connection id "0HNHSOLU86PIN" accepted.
2025-12-16 20:06:43.267 +03:00 [DBG] Connection id "0HNHSOLU86PIN" started.
2025-12-16 20:06:43.315 +03:00 [DBG] Connection 0HNHSOLU86PIN established using the following protocol: "Tls13"
2025-12-16 20:06:43.372 +03:00 [INF] Request starting HTTP/2 GET https://localhost:7001/swagger/index.html - null null
2025-12-16 20:06:43.456 +03:00 [DBG] Wildcard detected, all requests with hosts will be allowed.
2025-12-16 20:06:43.477 +03:00 [DBG] No candidates found for the request path '/swagger/index.html'
2025-12-16 20:06:43.479 +03:00 [DBG] Request did not match any endpoints
2025-12-16 20:06:43.534 +03:00 [DBG] Response markup is scheduled to include Browser Link script injection.
2025-12-16 20:06:43.538 +03:00 [DBG] Response markup is scheduled to include browser refresh script injection.
2025-12-16 20:06:43.546 +03:00 [DBG] Response markup was updated to include Browser Link script injection.
2025-12-16 20:06:43.548 +03:00 [DBG] Response markup was updated to include browser refresh script injection.
2025-12-16 20:06:43.556 +03:00 [INF] Request finished HTTP/2 GET https://localhost:7001/swagger/index.html - 200 null text/html;charset=utf-8 191.6722ms
2025-12-16 20:06:43.565 +03:00 [INF] Request starting HTTP/2 GET https://localhost:7001/swagger/index.js - null null
2025-12-16 20:06:43.565 +03:00 [INF] Request starting HTTP/2 GET https://localhost:7001/_framework/aspnetcore-browser-refresh.js - null null
2025-12-16 20:06:43.569 +03:00 [DBG] No candidates found for the request path '/swagger/index.js'
2025-12-16 20:06:43.573 +03:00 [DBG] Request did not match any endpoints
2025-12-16 20:06:43.575 +03:00 [INF] Request finished HTTP/2 GET https://localhost:7001/swagger/index.js - 200 null application/javascript;charset=utf-8 10.4816ms
2025-12-16 20:06:43.583 +03:00 [INF] Request starting HTTP/2 GET https://localhost:7001/_vs/browserLink - null null
2025-12-16 20:06:43.584 +03:00 [INF] Request finished HTTP/2 GET https://localhost:7001/_framework/aspnetcore-browser-refresh.js - 200 13782 application/javascript; charset=utf-8 19.1495ms
2025-12-16 20:06:43.619 +03:00 [INF] Request finished HTTP/2 GET https://localhost:7001/_vs/browserLink - 200 null text/javascript; charset=UTF-8 36.3599ms
2025-12-16 20:06:43.757 +03:00 [INF] Request starting HTTP/2 GET https://localhost:7001/swagger/v1/swagger.json - null null
2025-12-16 20:06:43.761 +03:00 [DBG] No candidates found for the request path '/swagger/v1/swagger.json'
2025-12-16 20:06:43.763 +03:00 [DBG] Request did not match any endpoints
2025-12-16 20:06:43.820 +03:00 [INF] Request finished HTTP/2 GET https://localhost:7001/swagger/v1/swagger.json - 200 null application/json;charset=utf-8 63.8664ms
2025-12-16 20:09:11.960 +03:00 [DBG] Registered model binder providers, in the following order: ["Microsoft.AspNetCore.Mvc.ModelBinding.Binders.BinderTypeModelBinderProvider","Microsoft.AspNetCore.Mvc.ModelBinding.Binders.ServicesModelBinderProvider","Microsoft.AspNetCore.Mvc.ModelBinding.Binders.BodyModelBinderProvider","Microsoft.AspNetCore.Mvc.ModelBinding.Binders.HeaderModelBinderProvider","Microsoft.AspNetCore.Mvc.ModelBinding.Binders.FloatingPointTypeModelBinderProvider","Microsoft.AspNetCore.Mvc.ModelBinding.Binders.EnumTypeModelBinderProvider","Microsoft.AspNetCore.Mvc.ModelBinding.Binders.DateTimeModelBinderProvider","Microsoft.AspNetCore.Mvc.ModelBinding.Binders.SimpleTypeModelBinderProvider","Microsoft.AspNetCore.Mvc.ModelBinding.Binders.TryParseModelBinderProvider","Microsoft.AspNetCore.Mvc.ModelBinding.Binders.CancellationTokenModelBinderProvider","Microsoft.AspNetCore.Mvc.ModelBinding.Binders.ByteArrayModelBinderProvider","Microsoft.AspNetCore.Mvc.ModelBinding.Binders.FormFileModelBinderProvider","Microsoft.AspNetCore.Mvc.ModelBinding.Binders.FormCollectionModelBinderProvider","Microsoft.AspNetCore.Mvc.ModelBinding.Binders.KeyValuePairModelBinderProvider","Microsoft.AspNetCore.Mvc.ModelBinding.Binders.DictionaryModelBinderProvider","Microsoft.AspNetCore.Mvc.ModelBinding.Binders.ArrayModelBinderProvider","Microsoft.AspNetCore.Mvc.ModelBinding.Binders.CollectionModelBinderProvider","Microsoft.AspNetCore.Mvc.ModelBinding.Binders.ComplexObjectModelBinderProvider"]
2025-12-16 20:09:12.164 +03:00 [DBG] An 'IServiceProvider' was created for internal use by Entity Framework.
2025-12-16 20:09:12.503 +03:00 [DBG] The index {'UserId'} was not created on entity type 'UserOperationClaim' as the properties are already covered by the index {'UserId', 'OperationClaimId'}.
2025-12-16 20:09:12.701 +03:00 [DBG] Entity Framework Core 8.0.17 initialized 'AuthDbContext' using provider 'Npgsql.EntityFrameworkCore.PostgreSQL:8.0.10+18d07c54eacaffa5bf8128d47eecdb5255d86376' with options: None
2025-12-16 20:09:12.713 +03:00 [DBG] Creating DbConnection.
2025-12-16 20:09:45.101 +03:00 [DBG] Registered model binder providers, in the following order: ["Microsoft.AspNetCore.Mvc.ModelBinding.Binders.BinderTypeModelBinderProvider","Microsoft.AspNetCore.Mvc.ModelBinding.Binders.ServicesModelBinderProvider","Microsoft.AspNetCore.Mvc.ModelBinding.Binders.BodyModelBinderProvider","Microsoft.AspNetCore.Mvc.ModelBinding.Binders.HeaderModelBinderProvider","Microsoft.AspNetCore.Mvc.ModelBinding.Binders.FloatingPointTypeModelBinderProvider","Microsoft.AspNetCore.Mvc.ModelBinding.Binders.EnumTypeModelBinderProvider","Microsoft.AspNetCore.Mvc.ModelBinding.Binders.DateTimeModelBinderProvider","Microsoft.AspNetCore.Mvc.ModelBinding.Binders.SimpleTypeModelBinderProvider","Microsoft.AspNetCore.Mvc.ModelBinding.Binders.TryParseModelBinderProvider","Microsoft.AspNetCore.Mvc.ModelBinding.Binders.CancellationTokenModelBinderProvider","Microsoft.AspNetCore.Mvc.ModelBinding.Binders.ByteArrayModelBinderProvider","Microsoft.AspNetCore.Mvc.ModelBinding.Binders.FormFileModelBinderProvider","Microsoft.AspNetCore.Mvc.ModelBinding.Binders.FormCollectionModelBinderProvider","Microsoft.AspNetCore.Mvc.ModelBinding.Binders.KeyValuePairModelBinderProvider","Microsoft.AspNetCore.Mvc.ModelBinding.Binders.DictionaryModelBinderProvider","Microsoft.AspNetCore.Mvc.ModelBinding.Binders.ArrayModelBinderProvider","Microsoft.AspNetCore.Mvc.ModelBinding.Binders.CollectionModelBinderProvider","Microsoft.AspNetCore.Mvc.ModelBinding.Binders.ComplexObjectModelBinderProvider"]
2025-12-16 20:09:45.292 +03:00 [DBG] An 'IServiceProvider' was created for internal use by Entity Framework.
2025-12-16 20:09:45.609 +03:00 [DBG] The index {'UserId'} was not created on entity type 'UserOperationClaim' as the properties are already covered by the index {'UserId', 'OperationClaimId'}.
2025-12-16 20:09:45.797 +03:00 [DBG] Entity Framework Core 8.0.17 initialized 'AuthDbContext' using provider 'Npgsql.EntityFrameworkCore.PostgreSQL:8.0.10+18d07c54eacaffa5bf8128d47eecdb5255d86376' with options: None
2025-12-16 20:09:45.807 +03:00 [DBG] Creating DbConnection.
2025-12-16 20:09:45.841 +03:00 [DBG] Created DbConnection. (33ms).
2025-12-16 20:09:45.850 +03:00 [DBG] Opening connection to database 'AuthServiceDb_Dev' on server 'tcp://localhost:5432'.
2025-12-16 20:09:45.959 +03:00 [DBG] Opened connection to database 'AuthServiceDb_Dev' on server 'tcp://localhost:5432'.
2025-12-16 20:09:45.962 +03:00 [DBG] Closing connection to database 'AuthServiceDb_Dev' on server 'tcp://localhost:5432'.
2025-12-16 20:09:45.969 +03:00 [DBG] Closed connection to database 'AuthServiceDb_Dev' on server 'tcp://localhost:5432' (4ms).
2025-12-16 20:09:45.974 +03:00 [DBG] Creating DbCommand for 'ExecuteScalar'.
2025-12-16 20:09:45.979 +03:00 [DBG] Created DbCommand for 'ExecuteScalar' (3ms).
2025-12-16 20:09:45.981 +03:00 [DBG] Initialized DbCommand for 'ExecuteScalar' (7ms).
2025-12-16 20:09:45.982 +03:00 [DBG] Opening connection to database 'AuthServiceDb_Dev' on server 'tcp://localhost:5432'.
2025-12-16 20:09:46.040 +03:00 [DBG] Opened connection to database 'AuthServiceDb_Dev' on server 'tcp://localhost:5432'.
2025-12-16 20:09:46.048 +03:00 [DBG] Executing DbCommand [Parameters=[], CommandType='"Text"', CommandTimeout='30']
SELECT EXISTS (
    SELECT 1 FROM pg_catalog.pg_class c
    JOIN pg_catalog.pg_namespace n ON n.oid=c.relnamespace
    WHERE n.nspname='public' AND
          c.relname='__EFMigrationsHistory'
)
2025-12-16 20:09:46.096 +03:00 [INF] Executed DbCommand (47ms) [Parameters=[], CommandType='"Text"', CommandTimeout='30']
SELECT EXISTS (
    SELECT 1 FROM pg_catalog.pg_class c
    JOIN pg_catalog.pg_namespace n ON n.oid=c.relnamespace
    WHERE n.nspname='public' AND
          c.relname='__EFMigrationsHistory'
)
2025-12-16 20:09:46.098 +03:00 [DBG] Closing connection to database 'AuthServiceDb_Dev' on server 'tcp://localhost:5432'.
2025-12-16 20:09:46.101 +03:00 [DBG] Closed connection to database 'AuthServiceDb_Dev' on server 'tcp://localhost:5432' (2ms).
2025-12-16 20:09:46.110 +03:00 [DBG] Opening connection to database 'AuthServiceDb_Dev' on server 'tcp://localhost:5432'.
2025-12-16 20:09:46.111 +03:00 [DBG] Opened connection to database 'AuthServiceDb_Dev' on server 'tcp://localhost:5432'.
2025-12-16 20:09:46.112 +03:00 [DBG] Creating DbCommand for 'ExecuteReader'.
2025-12-16 20:09:46.113 +03:00 [DBG] Created DbCommand for 'ExecuteReader' (0ms).
2025-12-16 20:09:46.114 +03:00 [DBG] Initialized DbCommand for 'ExecuteReader' (1ms).
2025-12-16 20:09:46.115 +03:00 [DBG] Executing DbCommand [Parameters=[], CommandType='"Text"', CommandTimeout='30']
SELECT "MigrationId", "ProductVersion"
FROM "__EFMigrationsHistory"
ORDER BY "MigrationId";
2025-12-16 20:09:46.119 +03:00 [INF] Executed DbCommand (3ms) [Parameters=[], CommandType='"Text"', CommandTimeout='30']
SELECT "MigrationId", "ProductVersion"
FROM "__EFMigrationsHistory"
ORDER BY "MigrationId";
2025-12-16 20:09:46.125 +03:00 [DBG] Closing data reader to 'AuthServiceDb_Dev' on server 'tcp://localhost:5432'.
2025-12-16 20:09:46.128 +03:00 [DBG] A data reader for 'AuthServiceDb_Dev' on server 'tcp://localhost:5432' is being disposed after spending 6ms reading results.
2025-12-16 20:09:46.130 +03:00 [DBG] Closing connection to database 'AuthServiceDb_Dev' on server 'tcp://localhost:5432'.
2025-12-16 20:09:46.131 +03:00 [DBG] Closed connection to database 'AuthServiceDb_Dev' on server 'tcp://localhost:5432' (0ms).
2025-12-16 20:09:46.133 +03:00 [DBG] Migrating using database 'AuthServiceDb_Dev' on server 'tcp://localhost:5432'.
2025-12-16 20:09:46.134 +03:00 [DBG] Opening connection to database 'AuthServiceDb_Dev' on server 'tcp://localhost:5432'.
2025-12-16 20:09:46.173 +03:00 [DBG] Opened connection to database 'AuthServiceDb_Dev' on server 'tcp://localhost:5432'.
2025-12-16 20:09:46.174 +03:00 [DBG] Closing connection to database 'AuthServiceDb_Dev' on server 'tcp://localhost:5432'.
2025-12-16 20:09:46.175 +03:00 [DBG] Closed connection to database 'AuthServiceDb_Dev' on server 'tcp://localhost:5432' (1ms).
2025-12-16 20:09:46.177 +03:00 [DBG] Creating DbCommand for 'ExecuteScalar'.
2025-12-16 20:09:46.177 +03:00 [DBG] Created DbCommand for 'ExecuteScalar' (0ms).
2025-12-16 20:09:46.178 +03:00 [DBG] Initialized DbCommand for 'ExecuteScalar' (1ms).
2025-12-16 20:09:46.179 +03:00 [DBG] Opening connection to database 'AuthServiceDb_Dev' on server 'tcp://localhost:5432'.
2025-12-16 20:09:46.180 +03:00 [DBG] Opened connection to database 'AuthServiceDb_Dev' on server 'tcp://localhost:5432'.
2025-12-16 20:09:46.181 +03:00 [DBG] Executing DbCommand [Parameters=[], CommandType='"Text"', CommandTimeout='30']
SELECT EXISTS (
    SELECT 1 FROM pg_catalog.pg_class c
    JOIN pg_catalog.pg_namespace n ON n.oid=c.relnamespace
    WHERE n.nspname='public' AND
          c.relname='__EFMigrationsHistory'
)
2025-12-16 20:09:46.183 +03:00 [INF] Executed DbCommand (2ms) [Parameters=[], CommandType='"Text"', CommandTimeout='30']
SELECT EXISTS (
    SELECT 1 FROM pg_catalog.pg_class c
    JOIN pg_catalog.pg_namespace n ON n.oid=c.relnamespace
    WHERE n.nspname='public' AND
          c.relname='__EFMigrationsHistory'
)
2025-12-16 20:09:46.184 +03:00 [DBG] Closing connection to database 'AuthServiceDb_Dev' on server 'tcp://localhost:5432'.
2025-12-16 20:09:46.185 +03:00 [DBG] Closed connection to database 'AuthServiceDb_Dev' on server 'tcp://localhost:5432' (0ms).
2025-12-16 20:09:46.186 +03:00 [DBG] Opening connection to database 'AuthServiceDb_Dev' on server 'tcp://localhost:5432'.
2025-12-16 20:09:46.226 +03:00 [DBG] Opened connection to database 'AuthServiceDb_Dev' on server 'tcp://localhost:5432'.
2025-12-16 20:09:46.228 +03:00 [DBG] Closing connection to database 'AuthServiceDb_Dev' on server 'tcp://localhost:5432'.
2025-12-16 20:09:46.228 +03:00 [DBG] Closed connection to database 'AuthServiceDb_Dev' on server 'tcp://localhost:5432' (0ms).
2025-12-16 20:09:46.230 +03:00 [DBG] Creating DbCommand for 'ExecuteScalar'.
2025-12-16 20:09:46.230 +03:00 [DBG] Created DbCommand for 'ExecuteScalar' (0ms).
2025-12-16 20:09:46.231 +03:00 [DBG] Initialized DbCommand for 'ExecuteScalar' (1ms).
2025-12-16 20:09:46.233 +03:00 [DBG] Opening connection to database 'AuthServiceDb_Dev' on server 'tcp://localhost:5432'.
2025-12-16 20:09:46.233 +03:00 [DBG] Opened connection to database 'AuthServiceDb_Dev' on server 'tcp://localhost:5432'.
2025-12-16 20:09:46.234 +03:00 [DBG] Executing DbCommand [Parameters=[], CommandType='"Text"', CommandTimeout='30']
SELECT EXISTS (
    SELECT 1 FROM pg_catalog.pg_class c
    JOIN pg_catalog.pg_namespace n ON n.oid=c.relnamespace
    WHERE n.nspname='public' AND
          c.relname='__EFMigrationsHistory'
)
2025-12-16 20:09:46.236 +03:00 [INF] Executed DbCommand (2ms) [Parameters=[], CommandType='"Text"', CommandTimeout='30']
SELECT EXISTS (
    SELECT 1 FROM pg_catalog.pg_class c
    JOIN pg_catalog.pg_namespace n ON n.oid=c.relnamespace
    WHERE n.nspname='public' AND
          c.relname='__EFMigrationsHistory'
)
2025-12-16 20:09:46.238 +03:00 [DBG] Closing connection to database 'AuthServiceDb_Dev' on server 'tcp://localhost:5432'.
2025-12-16 20:09:46.239 +03:00 [DBG] Closed connection to database 'AuthServiceDb_Dev' on server 'tcp://localhost:5432' (1ms).
2025-12-16 20:09:46.252 +03:00 [DBG] Opening connection to database 'AuthServiceDb_Dev' on server 'tcp://localhost:5432'.
2025-12-16 20:09:46.254 +03:00 [DBG] Opened connection to database 'AuthServiceDb_Dev' on server 'tcp://localhost:5432'.
2025-12-16 20:09:46.255 +03:00 [DBG] Creating DbCommand for 'ExecuteReader'.
2025-12-16 20:09:46.256 +03:00 [DBG] Created DbCommand for 'ExecuteReader' (0ms).
2025-12-16 20:09:46.257 +03:00 [DBG] Initialized DbCommand for 'ExecuteReader' (1ms).
2025-12-16 20:09:46.258 +03:00 [DBG] Executing DbCommand [Parameters=[], CommandType='"Text"', CommandTimeout='30']
SELECT "MigrationId", "ProductVersion"
FROM "__EFMigrationsHistory"
ORDER BY "MigrationId";
2025-12-16 20:09:46.260 +03:00 [INF] Executed DbCommand (2ms) [Parameters=[], CommandType='"Text"', CommandTimeout='30']
SELECT "MigrationId", "ProductVersion"
FROM "__EFMigrationsHistory"
ORDER BY "MigrationId";
2025-12-16 20:09:46.262 +03:00 [DBG] Closing data reader to 'AuthServiceDb_Dev' on server 'tcp://localhost:5432'.
2025-12-16 20:09:46.263 +03:00 [DBG] A data reader for 'AuthServiceDb_Dev' on server 'tcp://localhost:5432' is being disposed after spending 1ms reading results.
2025-12-16 20:09:46.265 +03:00 [DBG] Closing connection to database 'AuthServiceDb_Dev' on server 'tcp://localhost:5432'.
2025-12-16 20:09:46.266 +03:00 [DBG] Closed connection to database 'AuthServiceDb_Dev' on server 'tcp://localhost:5432' (1ms).
2025-12-16 20:09:46.276 +03:00 [INF] No migrations were applied. The database is already up to date.
2025-12-16 20:09:46.278 +03:00 [INF] Database migrations applied successfully.
2025-12-16 20:09:46.280 +03:00 [DBG] 'AuthDbContext' disposed.
2025-12-16 20:09:46.282 +03:00 [DBG] Disposing connection to database 'AuthServiceDb_Dev' on server 'tcp://localhost:5432'.
2025-12-16 20:09:46.284 +03:00 [DBG] Disposed connection to database 'AuthServiceDb_Dev' on server 'tcp://localhost:5432' (1ms).
2025-12-16 20:09:46.287 +03:00 [DBG] Hosting starting
2025-12-16 20:09:46.312 +03:00 [INF] User profile is available. Using 'C:\Users\atura\AppData\Local\ASP.NET\DataProtection-Keys' as key repository and Windows DPAPI to encrypt keys at rest.
2025-12-16 20:09:46.330 +03:00 [DBG] Reading data from file 'C:\Users\atura\AppData\Local\ASP.NET\DataProtection-Keys\key-2b41731a-ff2b-4c58-8083-9dd2e8e06c02.xml'.
2025-12-16 20:09:46.338 +03:00 [DBG] Reading data from file 'C:\Users\atura\AppData\Local\ASP.NET\DataProtection-Keys\key-b1bfbf17-5e54-4bcd-856c-81e8ff116985.xml'.
2025-12-16 20:09:46.339 +03:00 [DBG] Reading data from file 'C:\Users\atura\AppData\Local\ASP.NET\DataProtection-Keys\key-d4db8ae3-c3b6-4a1e-a8e6-5ce936ab3dc1.xml'.
2025-12-16 20:09:46.340 +03:00 [DBG] Reading data from file 'C:\Users\atura\AppData\Local\ASP.NET\DataProtection-Keys\key-d528c6a9-5739-4b20-b71f-eef16136c0e0.xml'.
2025-12-16 20:09:46.341 +03:00 [DBG] Reading data from file 'C:\Users\atura\AppData\Local\ASP.NET\DataProtection-Keys\key-f197c843-1f03-4bc8-9e1b-7ef1bcdd878d.xml'.
2025-12-16 20:09:46.345 +03:00 [DBG] Found key {2b41731a-ff2b-4c58-8083-9dd2e8e06c02}.
2025-12-16 20:09:46.349 +03:00 [DBG] Found key {b1bfbf17-5e54-4bcd-856c-81e8ff116985}.
2025-12-16 20:09:46.350 +03:00 [DBG] Found key {d4db8ae3-c3b6-4a1e-a8e6-5ce936ab3dc1}.
2025-12-16 20:09:46.351 +03:00 [DBG] Found key {d528c6a9-5739-4b20-b71f-eef16136c0e0}.
2025-12-16 20:09:46.352 +03:00 [DBG] Found key {f197c843-1f03-4bc8-9e1b-7ef1bcdd878d}.
2025-12-16 20:09:46.358 +03:00 [DBG] Considering key {d528c6a9-5739-4b20-b71f-eef16136c0e0} with expiration date 2026-01-16 09:53:55Z as default key.
2025-12-16 20:09:46.362 +03:00 [DBG] Forwarded activator type request from Microsoft.AspNetCore.DataProtection.XmlEncryption.DpapiXmlDecryptor, Microsoft.AspNetCore.DataProtection, Version=8.0.0.0, Culture=neutral, PublicKeyToken=adb9793829ddae60 to Microsoft.AspNetCore.DataProtection.XmlEncryption.DpapiXmlDecryptor, Microsoft.AspNetCore.DataProtection, Culture=neutral, PublicKeyToken=adb9793829ddae60
2025-12-16 20:09:46.364 +03:00 [DBG] Decrypting secret element using Windows DPAPI.
2025-12-16 20:09:46.367 +03:00 [DBG] Forwarded activator type request from Microsoft.AspNetCore.DataProtection.AuthenticatedEncryption.ConfigurationModel.AuthenticatedEncryptorDescriptorDeserializer, Microsoft.AspNetCore.DataProtection, Version=8.0.0.0, Culture=neutral, PublicKeyToken=adb9793829ddae60 to Microsoft.AspNetCore.DataProtection.AuthenticatedEncryption.ConfigurationModel.AuthenticatedEncryptorDescriptorDeserializer, Microsoft.AspNetCore.DataProtection, Culture=neutral, PublicKeyToken=adb9793829ddae60
2025-12-16 20:09:46.369 +03:00 [DBG] Opening CNG algorithm 'AES' from provider 'null' with chaining mode CBC.
2025-12-16 20:09:46.372 +03:00 [DBG] Opening CNG algorithm 'SHA256' from provider 'null' with HMAC.
2025-12-16 20:09:46.375 +03:00 [DBG] Using key {d528c6a9-5739-4b20-b71f-eef16136c0e0} as the default key.
2025-12-16 20:09:46.377 +03:00 [DBG] Key ring with default key {d528c6a9-5739-4b20-b71f-eef16136c0e0} was loaded during application startup.
2025-12-16 20:09:46.548 +03:00 [INF] Now listening on: https://localhost:7001
2025-12-16 20:09:46.550 +03:00 [INF] Now listening on: http://localhost:5001
2025-12-16 20:09:46.551 +03:00 [DBG] Loaded hosting startup assembly AuthService.API
2025-12-16 20:09:46.551 +03:00 [DBG] Loaded hosting startup assembly Microsoft.WebTools.ApiEndpointDiscovery
2025-12-16 20:09:46.552 +03:00 [DBG] Loaded hosting startup assembly Microsoft.AspNetCore.Watch.BrowserRefresh
2025-12-16 20:09:46.553 +03:00 [DBG] Loaded hosting startup assembly Microsoft.WebTools.BrowserLink.Net
2025-12-16 20:09:46.638 +03:00 [INF] Application started. Press Ctrl+C to shut down.
2025-12-16 20:09:46.639 +03:00 [INF] Hosting environment: Development
2025-12-16 20:09:46.640 +03:00 [INF] Content root path: C:\Users\atura\OneDrive\Masaüstü\Yarışma\appointment-reservation\backend\Services\AuthService\AuthService.API
2025-12-16 20:09:46.641 +03:00 [DBG] Hosting started
2025-12-16 20:09:46.673 +03:00 [DBG] Connection id "0HNHSONL1C9IV" accepted.
2025-12-16 20:09:46.673 +03:00 [DBG] Connection id "0HNHSONL1C9IU" accepted.
2025-12-16 20:09:46.675 +03:00 [DBG] Connection id "0HNHSONL1C9IV" started.
2025-12-16 20:09:46.676 +03:00 [DBG] Connection id "0HNHSONL1C9IU" started.
2025-12-16 20:09:46.689 +03:00 [DBG] Connection id "0HNHSONL1C9IU" received FIN.
2025-12-16 20:09:46.689 +03:00 [DBG] Connection id "0HNHSONL1C9IV" received FIN.
2025-12-16 20:09:46.708 +03:00 [DBG] Failed to authenticate HTTPS connection.
System.IO.IOException: Received an unexpected EOF or 0 bytes from the transport stream.
   at System.Net.Security.SslStream.ReceiveHandshakeFrameAsync[TIOAdapter](CancellationToken cancellationToken)
   at System.Net.Security.SslStream.ForceAuthenticationAsync[TIOAdapter](Boolean receiveFirst, Byte[] reAuthenticationData, CancellationToken cancellationToken)
   at System.Net.Security.SslStream.ProcessAuthenticationWithTelemetryAsync(Boolean isAsync, CancellationToken cancellationToken)
   at Microsoft.AspNetCore.Server.Kestrel.Https.Internal.HttpsConnectionMiddleware.OnConnectionAsync(ConnectionContext context)
2025-12-16 20:09:46.708 +03:00 [DBG] Failed to authenticate HTTPS connection.
System.IO.IOException: Received an unexpected EOF or 0 bytes from the transport stream.
   at System.Net.Security.SslStream.ReceiveHandshakeFrameAsync[TIOAdapter](CancellationToken cancellationToken)
   at System.Net.Security.SslStream.ForceAuthenticationAsync[TIOAdapter](Boolean receiveFirst, Byte[] reAuthenticationData, CancellationToken cancellationToken)
   at System.Net.Security.SslStream.ProcessAuthenticationWithTelemetryAsync(Boolean isAsync, CancellationToken cancellationToken)
   at Microsoft.AspNetCore.Server.Kestrel.Https.Internal.HttpsConnectionMiddleware.OnConnectionAsync(ConnectionContext context)
2025-12-16 20:09:46.744 +03:00 [DBG] Connection id "0HNHSONL1C9IU" stopped.
2025-12-16 20:09:46.744 +03:00 [DBG] Connection id "0HNHSONL1C9IV" stopped.
2025-12-16 20:09:46.749 +03:00 [DBG] Connection id "0HNHSONL1C9IV" sending FIN because: "The Socket transport's send loop completed gracefully."
2025-12-16 20:09:46.749 +03:00 [DBG] Connection id "0HNHSONL1C9IU" sending FIN because: "The Socket transport's send loop completed gracefully."
2025-12-16 20:09:46.949 +03:00 [DBG] Connection id "0HNHSONL1C9J0" accepted.
2025-12-16 20:09:46.951 +03:00 [DBG] Connection id "0HNHSONL1C9J0" started.
2025-12-16 20:09:46.996 +03:00 [DBG] Connection 0HNHSONL1C9J0 established using the following protocol: "Tls13"
2025-12-16 20:09:47.061 +03:00 [INF] Request starting HTTP/2 GET https://localhost:7001/swagger/index.html - null null
2025-12-16 20:09:47.147 +03:00 [DBG] Wildcard detected, all requests with hosts will be allowed.
2025-12-16 20:09:47.164 +03:00 [DBG] No candidates found for the request path '/swagger/index.html'
2025-12-16 20:09:47.166 +03:00 [DBG] Request did not match any endpoints
2025-12-16 20:09:47.212 +03:00 [DBG] Response markup is scheduled to include Browser Link script injection.
2025-12-16 20:09:47.214 +03:00 [DBG] Response markup is scheduled to include browser refresh script injection.
2025-12-16 20:09:47.220 +03:00 [DBG] Response markup was updated to include Browser Link script injection.
2025-12-16 20:09:47.221 +03:00 [DBG] Response markup was updated to include browser refresh script injection.
2025-12-16 20:09:47.227 +03:00 [INF] Request finished HTTP/2 GET https://localhost:7001/swagger/index.html - 200 null text/html;charset=utf-8 174.8903ms
2025-12-16 20:09:47.238 +03:00 [INF] Request starting HTTP/2 GET https://localhost:7001/swagger/index.js - null null
2025-12-16 20:09:47.238 +03:00 [INF] Request starting HTTP/2 GET https://localhost:7001/_framework/aspnetcore-browser-refresh.js - null null
2025-12-16 20:09:47.241 +03:00 [DBG] No candidates found for the request path '/swagger/index.js'
2025-12-16 20:09:47.244 +03:00 [DBG] Request did not match any endpoints
2025-12-16 20:09:47.246 +03:00 [INF] Request finished HTTP/2 GET https://localhost:7001/swagger/index.js - 200 null application/javascript;charset=utf-8 8.7217ms
2025-12-16 20:09:47.250 +03:00 [INF] Request starting HTTP/2 GET https://localhost:7001/_vs/browserLink - null null
2025-12-16 20:09:47.254 +03:00 [INF] Request finished HTTP/2 GET https://localhost:7001/_framework/aspnetcore-browser-refresh.js - 200 13782 application/javascript; charset=utf-8 16.2833ms
2025-12-16 20:09:47.290 +03:00 [INF] Request finished HTTP/2 GET https://localhost:7001/_vs/browserLink - 200 null text/javascript; charset=UTF-8 40.1818ms
2025-12-16 20:09:47.383 +03:00 [INF] Request starting HTTP/2 GET https://localhost:7001/swagger/v1/swagger.json - null null
2025-12-16 20:09:47.385 +03:00 [DBG] No candidates found for the request path '/swagger/v1/swagger.json'
2025-12-16 20:09:47.386 +03:00 [DBG] Request did not match any endpoints
2025-12-16 20:09:47.415 +03:00 [INF] Request finished HTTP/2 GET https://localhost:7001/swagger/v1/swagger.json - 200 null application/json;charset=utf-8 32.5524ms
2025-12-16 20:10:59.067 +03:00 [INF] Request starting HTTP/2 POST https://localhost:7001/api/Auth/register - application/json 215
2025-12-16 20:10:59.079 +03:00 [DBG] 1 candidate(s) found for the request path '/api/Auth/register'
2025-12-16 20:10:59.080 +03:00 [DBG] Endpoint 'AuthService.API.Controllers.AuthController.Register (AuthService.API)' with route pattern 'api/Auth/register' is valid for the request path '/api/Auth/register'
2025-12-16 20:10:59.082 +03:00 [DBG] Request matched endpoint 'AuthService.API.Controllers.AuthController.Register (AuthService.API)'
2025-12-16 20:10:59.084 +03:00 [DBG] Static files was skipped as the request already matched an endpoint.
2025-12-16 20:10:59.087 +03:00 [DBG] The request has an origin header: 'https://localhost:7001'.
2025-12-16 20:10:59.088 +03:00 [INF] CORS policy execution successful.
2025-12-16 20:10:59.148 +03:00 [DBG] AuthenticationScheme: Bearer was not authenticated.
2025-12-16 20:10:59.151 +03:00 [INF] Executing endpoint 'AuthService.API.Controllers.AuthController.Register (AuthService.API)'
2025-12-16 20:10:59.172 +03:00 [INF] Route matched with {action = "Register", controller = "Auth"}. Executing controller action with signature Microsoft.AspNetCore.Mvc.IActionResult Register(AuthService.Entities.DTOs.UserForRegisterDto) on controller AuthService.API.Controllers.AuthController (AuthService.API).
2025-12-16 20:10:59.175 +03:00 [DBG] Execution plan of authorization filters (in the following order): ["None"]
2025-12-16 20:10:59.176 +03:00 [DBG] Execution plan of resource filters (in the following order): ["None"]
2025-12-16 20:10:59.178 +03:00 [DBG] Execution plan of action filters (in the following order): ["Microsoft.AspNetCore.Mvc.ModelBinding.UnsupportedContentTypeFilter (Order: -3000)","Microsoft.AspNetCore.Mvc.Infrastructure.ModelStateInvalidFilter (Order: -2000)"]
2025-12-16 20:10:59.179 +03:00 [DBG] Execution plan of exception filters (in the following order): ["None"]
2025-12-16 20:10:59.181 +03:00 [DBG] Execution plan of result filters (in the following order): ["Microsoft.AspNetCore.Mvc.Infrastructure.ClientErrorResultFilter (Order: -2000)","Microsoft.AspNetCore.Mvc.ProducesAttribute (Order: 0)"]
2025-12-16 20:10:59.183 +03:00 [DBG] Executing controller factory for controller AuthService.API.Controllers.AuthController (AuthService.API)
2025-12-16 20:10:59.251 +03:00 [DBG] Executed controller factory for controller AuthService.API.Controllers.AuthController (AuthService.API)
2025-12-16 20:10:59.263 +03:00 [DBG] Attempting to bind parameter 'userForRegisterDto' of type 'AuthService.Entities.DTOs.UserForRegisterDto' ...
2025-12-16 20:10:59.267 +03:00 [DBG] Attempting to bind parameter 'userForRegisterDto' of type 'AuthService.Entities.DTOs.UserForRegisterDto' using the name '' in request data ...
2025-12-16 20:10:59.269 +03:00 [DBG] Selected input formatter 'Microsoft.AspNetCore.Mvc.Formatters.SystemTextJsonInputFormatter' for content type 'application/json'.
2025-12-16 20:10:59.278 +03:00 [DBG] Connection id "0HNHSONL1C9J0", Request id "0HNHSONL1C9J0:0000000B": started reading request body.
2025-12-16 20:10:59.279 +03:00 [DBG] Connection id "0HNHSONL1C9J0", Request id "0HNHSONL1C9J0:0000000B": done reading request body.
2025-12-16 20:10:59.292 +03:00 [DBG] JSON input formatter succeeded, deserializing to type 'AuthService.Entities.DTOs.UserForRegisterDto'
2025-12-16 20:10:59.293 +03:00 [DBG] Done attempting to bind parameter 'userForRegisterDto' of type 'AuthService.Entities.DTOs.UserForRegisterDto'.
2025-12-16 20:10:59.294 +03:00 [DBG] Done attempting to bind parameter 'userForRegisterDto' of type 'AuthService.Entities.DTOs.UserForRegisterDto'.
2025-12-16 20:10:59.295 +03:00 [DBG] Attempting to validate the bound parameter 'userForRegisterDto' of type 'AuthService.Entities.DTOs.UserForRegisterDto' ...
2025-12-16 20:10:59.342 +03:00 [DBG] Done attempting to validate the bound parameter 'userForRegisterDto' of type 'AuthService.Entities.DTOs.UserForRegisterDto'.
2025-12-16 20:10:59.345 +03:00 [DBG] The request has model state errors, returning an error response.
2025-12-16 20:10:59.347 +03:00 [DBG] Request was short circuited at action filter 'Microsoft.AspNetCore.Mvc.Infrastructure.ModelStateInvalidFilter'.
2025-12-16 20:10:59.350 +03:00 [DBG] List of registered output formatters, in the following order: ["Microsoft.AspNetCore.Mvc.Formatters.HttpNoContentOutputFormatter","Microsoft.AspNetCore.Mvc.Formatters.StringOutputFormatter","Microsoft.AspNetCore.Mvc.Formatters.StreamOutputFormatter","Microsoft.AspNetCore.Mvc.Formatters.SystemTextJsonOutputFormatter"]
2025-12-16 20:10:59.353 +03:00 [DBG] Attempting to select an output formatter based on Accept header '["application/json"]' and explicitly specified content types '["application/json"]'. The content types in the accept header must be a subset of the explicitly set content types.
2025-12-16 20:10:59.355 +03:00 [DBG] Selected output formatter 'Microsoft.AspNetCore.Mvc.Formatters.SystemTextJsonOutputFormatter' and content type 'application/json' to write the response.
2025-12-16 20:10:59.356 +03:00 [INF] Executing BadRequestObjectResult, writing value of type 'Core.Extensions.ApiResponse'.
2025-12-16 20:10:59.373 +03:00 [INF] Executed action AuthService.API.Controllers.AuthController.Register (AuthService.API) in 188.6624ms
2025-12-16 20:10:59.374 +03:00 [INF] Executed endpoint 'AuthService.API.Controllers.AuthController.Register (AuthService.API)'
2025-12-16 20:10:59.378 +03:00 [INF] [User: Anonymous] [IP: ::1] POST /api/Auth/register -> 400
2025-12-16 20:10:59.380 +03:00 [INF] Request finished HTTP/2 POST https://localhost:7001/api/Auth/register - 400 null application/json; charset=utf-8 313.4403ms
2025-12-16 20:11:11.658 +03:00 [INF] Request starting HTTP/2 POST https://localhost:7001/api/Auth/register - application/json 219
2025-12-16 20:11:11.662 +03:00 [DBG] 1 candidate(s) found for the request path '/api/Auth/register'
2025-12-16 20:11:11.663 +03:00 [DBG] Endpoint 'AuthService.API.Controllers.AuthController.Register (AuthService.API)' with route pattern 'api/Auth/register' is valid for the request path '/api/Auth/register'
2025-12-16 20:11:11.665 +03:00 [DBG] Request matched endpoint 'AuthService.API.Controllers.AuthController.Register (AuthService.API)'
2025-12-16 20:11:11.666 +03:00 [DBG] Static files was skipped as the request already matched an endpoint.
2025-12-16 20:11:11.667 +03:00 [DBG] The request has an origin header: 'https://localhost:7001'.
2025-12-16 20:11:11.667 +03:00 [INF] CORS policy execution successful.
2025-12-16 20:11:11.669 +03:00 [DBG] AuthenticationScheme: Bearer was not authenticated.
2025-12-16 20:11:11.670 +03:00 [INF] Executing endpoint 'AuthService.API.Controllers.AuthController.Register (AuthService.API)'
2025-12-16 20:11:11.671 +03:00 [INF] Route matched with {action = "Register", controller = "Auth"}. Executing controller action with signature Microsoft.AspNetCore.Mvc.IActionResult Register(AuthService.Entities.DTOs.UserForRegisterDto) on controller AuthService.API.Controllers.AuthController (AuthService.API).
2025-12-16 20:11:11.673 +03:00 [DBG] Execution plan of authorization filters (in the following order): ["None"]
2025-12-16 20:11:11.674 +03:00 [DBG] Execution plan of resource filters (in the following order): ["None"]
2025-12-16 20:11:11.675 +03:00 [DBG] Execution plan of action filters (in the following order): ["Microsoft.AspNetCore.Mvc.ModelBinding.UnsupportedContentTypeFilter (Order: -3000)","Microsoft.AspNetCore.Mvc.Infrastructure.ModelStateInvalidFilter (Order: -2000)"]
2025-12-16 20:11:11.676 +03:00 [DBG] Execution plan of exception filters (in the following order): ["None"]
2025-12-16 20:11:11.677 +03:00 [DBG] Execution plan of result filters (in the following order): ["Microsoft.AspNetCore.Mvc.Infrastructure.ClientErrorResultFilter (Order: -2000)","Microsoft.AspNetCore.Mvc.ProducesAttribute (Order: 0)"]
2025-12-16 20:11:11.679 +03:00 [DBG] Executing controller factory for controller AuthService.API.Controllers.AuthController (AuthService.API)
2025-12-16 20:11:11.680 +03:00 [DBG] Executed controller factory for controller AuthService.API.Controllers.AuthController (AuthService.API)
2025-12-16 20:11:11.682 +03:00 [DBG] Attempting to bind parameter 'userForRegisterDto' of type 'AuthService.Entities.DTOs.UserForRegisterDto' ...
2025-12-16 20:11:11.683 +03:00 [DBG] Attempting to bind parameter 'userForRegisterDto' of type 'AuthService.Entities.DTOs.UserForRegisterDto' using the name '' in request data ...
2025-12-16 20:11:11.684 +03:00 [DBG] Selected input formatter 'Microsoft.AspNetCore.Mvc.Formatters.SystemTextJsonInputFormatter' for content type 'application/json'.
2025-12-16 20:11:11.685 +03:00 [DBG] Connection id "0HNHSONL1C9J0", Request id "0HNHSONL1C9J0:0000000D": started reading request body.
2025-12-16 20:11:11.686 +03:00 [DBG] Connection id "0HNHSONL1C9J0", Request id "0HNHSONL1C9J0:0000000D": done reading request body.
2025-12-16 20:11:11.687 +03:00 [DBG] JSON input formatter succeeded, deserializing to type 'AuthService.Entities.DTOs.UserForRegisterDto'
2025-12-16 20:11:11.688 +03:00 [DBG] Done attempting to bind parameter 'userForRegisterDto' of type 'AuthService.Entities.DTOs.UserForRegisterDto'.
2025-12-16 20:11:11.689 +03:00 [DBG] Done attempting to bind parameter 'userForRegisterDto' of type 'AuthService.Entities.DTOs.UserForRegisterDto'.
2025-12-16 20:11:11.690 +03:00 [DBG] Attempting to validate the bound parameter 'userForRegisterDto' of type 'AuthService.Entities.DTOs.UserForRegisterDto' ...
2025-12-16 20:11:11.692 +03:00 [DBG] Done attempting to validate the bound parameter 'userForRegisterDto' of type 'AuthService.Entities.DTOs.UserForRegisterDto'.
2025-12-16 20:11:15.897 +03:00 [DBG] Entity Framework Core 8.0.17 initialized 'AuthDbContext' using provider 'Npgsql.EntityFrameworkCore.PostgreSQL:8.0.10+18d07c54eacaffa5bf8128d47eecdb5255d86376' with options: None
2025-12-16 20:11:15.918 +03:00 [DBG] Compiling query expression: 
'DbSet<User>()
    .FirstOrDefault(u => u.Email == __email_0)'
2025-12-16 20:11:16.040 +03:00 [DBG] Generated query execution expression: 
'queryContext => new SingleQueryingEnumerable<User>(
    (RelationalQueryContext)queryContext, 
    RelationalCommandCache.QueryExpression(
        Projection Mapping:
            EmptyProjectionMember -> Dictionary<IProperty, int> { [Property: User.Id (int) Required PK AfterSave:Throw ValueGenerated.OnAdd, 0], [Property: User.CreatedDate (DateTime) Required, 1], [Property: User.Email (string) Required Index MaxLength(100), 2], [Property: User.FailedLoginAttempts (int) Required, 3], [Property: User.FirstName (string) Required MaxLength(50), 4], [Property: User.IdentityNumber (string) Required MaxLength(11), 5], [Property: User.IsEmailVerified (bool) Required, 6], [Property: User.LastName (string) MaxLength(50), 7], [Property: User.LockoutEndTime (DateTime?), 8], [Property: User.PasswordHash (byte[]) Required, 9], [Property: User.PasswordSalt (byte[]) Required, 10], [Property: User.PhoneNumber (string) MaxLength(20), 11], [Property: User.RefreshToken (string), 12], [Property: User.RefreshTokenExpiration (DateTime?), 13], [Property: User.Status (bool) Required, 14], [Property: User.UpdatedDate (DateTime?), 15] }
        SELECT TOP(1) u.Id, u.CreatedDate, u.Email, u.FailedLoginAttempts, u.FirstName, u.IdentityNumber, u.IsEmailVerified, u.LastName, u.LockoutEndTime, u.PasswordHash, u.PasswordSalt, u.PhoneNumber, u.RefreshToken, u.RefreshTokenExpiration, u.Status, u.UpdatedDate
        FROM Users AS u
        WHERE u.Email == @__email_0), 
    null, 
    Func<QueryContext, DbDataReader, ResultContext, SingleQueryResultCoordinator, User>, 
    AuthService.DataAccess.Concrete.EntityFramework.AuthDbContext, 
    False, 
    False, 
    True
)
    .SingleOrDefault()'
2025-12-16 20:11:16.060 +03:00 [DBG] Creating DbConnection.
2025-12-16 20:11:16.060 +03:00 [DBG] Created DbConnection. (0ms).
2025-12-16 20:11:16.061 +03:00 [DBG] Opening connection to database 'AuthServiceDb_Dev' on server 'tcp://localhost:5432'.
2025-12-16 20:11:16.062 +03:00 [DBG] Opened connection to database 'AuthServiceDb_Dev' on server 'tcp://localhost:5432'.
2025-12-16 20:11:16.063 +03:00 [DBG] Creating DbCommand for 'ExecuteReader'.
2025-12-16 20:11:16.063 +03:00 [DBG] Created DbCommand for 'ExecuteReader' (0ms).
2025-12-16 20:11:16.067 +03:00 [DBG] Initialized DbCommand for 'ExecuteReader' (4ms).
2025-12-16 20:11:16.069 +03:00 [DBG] Executing DbCommand [Parameters=[@__email_0='?'], CommandType='"Text"', CommandTimeout='30']
SELECT u."Id", u."CreatedDate", u."Email", u."FailedLoginAttempts", u."FirstName", u."IdentityNumber", u."IsEmailVerified", u."LastName", u."LockoutEndTime", u."PasswordHash", u."PasswordSalt", u."PhoneNumber", u."RefreshToken", u."RefreshTokenExpiration", u."Status", u."UpdatedDate"
FROM "Users" AS u
WHERE u."Email" = @__email_0
LIMIT 1
2025-12-16 20:11:16.078 +03:00 [INF] Executed DbCommand (10ms) [Parameters=[@__email_0='?'], CommandType='"Text"', CommandTimeout='30']
SELECT u."Id", u."CreatedDate", u."Email", u."FailedLoginAttempts", u."FirstName", u."IdentityNumber", u."IsEmailVerified", u."LastName", u."LockoutEndTime", u."PasswordHash", u."PasswordSalt", u."PhoneNumber", u."RefreshToken", u."RefreshTokenExpiration", u."Status", u."UpdatedDate"
FROM "Users" AS u
WHERE u."Email" = @__email_0
LIMIT 1
2025-12-16 20:11:16.081 +03:00 [DBG] Closing data reader to 'AuthServiceDb_Dev' on server 'tcp://localhost:5432'.
2025-12-16 20:11:16.081 +03:00 [DBG] A data reader for 'AuthServiceDb_Dev' on server 'tcp://localhost:5432' is being disposed after spending 1ms reading results.
2025-12-16 20:11:16.082 +03:00 [DBG] Closing connection to database 'AuthServiceDb_Dev' on server 'tcp://localhost:5432'.
2025-12-16 20:11:16.083 +03:00 [DBG] Closed connection to database 'AuthServiceDb_Dev' on server 'tcp://localhost:5432' (0ms).
2025-12-16 20:11:16.102 +03:00 [DBG] 'AuthDbContext' generated a temporary value for the property 'User.Id'. Consider using 'DbContextOptionsBuilder.EnableSensitiveDataLogging' to see key values.
2025-12-16 20:11:16.142 +03:00 [DBG] Context 'AuthDbContext' started tracking 'User' entity. Consider using 'DbContextOptionsBuilder.EnableSensitiveDataLogging' to see key values.
2025-12-16 20:11:16.144 +03:00 [DBG] SaveChanges starting for 'AuthDbContext'.
2025-12-16 20:11:16.146 +03:00 [DBG] DetectChanges starting for 'AuthDbContext'.
2025-12-16 20:11:16.159 +03:00 [DBG] DetectChanges completed for 'AuthDbContext'.
2025-12-16 20:11:16.195 +03:00 [DBG] Opening connection to database 'AuthServiceDb_Dev' on server 'tcp://localhost:5432'.
2025-12-16 20:11:16.197 +03:00 [DBG] Opened connection to database 'AuthServiceDb_Dev' on server 'tcp://localhost:5432'.
2025-12-16 20:11:16.198 +03:00 [DBG] Creating DbCommand for 'ExecuteReader'.
2025-12-16 20:11:16.199 +03:00 [DBG] Created DbCommand for 'ExecuteReader' (0ms).
2025-12-16 20:11:16.200 +03:00 [DBG] Initialized DbCommand for 'ExecuteReader' (1ms).
2025-12-16 20:11:16.200 +03:00 [DBG] Executing DbCommand [Parameters=[@p0='?' (DbType = DateTime), @p1='?', @p2='?' (DbType = Int32), @p3='?', @p4='?', @p5='?' (DbType = Boolean), @p6='?', @p7='?' (DbType = DateTime), @p8='?' (DbType = Binary), @p9='?' (DbType = Binary), @p10='?', @p11='?', @p12='?' (DbType = DateTime), @p13='?' (DbType = Boolean), @p14='?' (DbType = DateTime)], CommandType='"Text"', CommandTimeout='30']
INSERT INTO "Users" ("CreatedDate", "Email", "FailedLoginAttempts", "FirstName", "IdentityNumber", "IsEmailVerified", "LastName", "LockoutEndTime", "PasswordHash", "PasswordSalt", "PhoneNumber", "RefreshToken", "RefreshTokenExpiration", "Status", "UpdatedDate")
VALUES (@p0, @p1, @p2, @p3, @p4, @p5, @p6, @p7, @p8, @p9, @p10, @p11, @p12, @p13, @p14)
RETURNING "Id";
2025-12-16 20:11:16.209 +03:00 [INF] Executed DbCommand (8ms) [Parameters=[@p0='?' (DbType = DateTime), @p1='?', @p2='?' (DbType = Int32), @p3='?', @p4='?', @p5='?' (DbType = Boolean), @p6='?', @p7='?' (DbType = DateTime), @p8='?' (DbType = Binary), @p9='?' (DbType = Binary), @p10='?', @p11='?', @p12='?' (DbType = DateTime), @p13='?' (DbType = Boolean), @p14='?' (DbType = DateTime)], CommandType='"Text"', CommandTimeout='30']
INSERT INTO "Users" ("CreatedDate", "Email", "FailedLoginAttempts", "FirstName", "IdentityNumber", "IsEmailVerified", "LastName", "LockoutEndTime", "PasswordHash", "PasswordSalt", "PhoneNumber", "RefreshToken", "RefreshTokenExpiration", "Status", "UpdatedDate")
VALUES (@p0, @p1, @p2, @p3, @p4, @p5, @p6, @p7, @p8, @p9, @p10, @p11, @p12, @p13, @p14)
RETURNING "Id";
2025-12-16 20:11:16.216 +03:00 [DBG] The foreign key property 'User.Id' was detected as changed. Consider using 'DbContextOptionsBuilder.EnableSensitiveDataLogging' to see property values.
2025-12-16 20:11:16.220 +03:00 [DBG] Closing data reader to 'AuthServiceDb_Dev' on server 'tcp://localhost:5432'.
2025-12-16 20:11:16.221 +03:00 [DBG] A data reader for 'AuthServiceDb_Dev' on server 'tcp://localhost:5432' is being disposed after spending 11ms reading results.
2025-12-16 20:11:16.223 +03:00 [DBG] Closing connection to database 'AuthServiceDb_Dev' on server 'tcp://localhost:5432'.
2025-12-16 20:11:16.223 +03:00 [DBG] Closed connection to database 'AuthServiceDb_Dev' on server 'tcp://localhost:5432' (0ms).
2025-12-16 20:11:16.231 +03:00 [DBG] An entity of type 'User' tracked by 'AuthDbContext' changed state from '"Added"' to '"Unchanged"'. Consider using 'DbContextOptionsBuilder.EnableSensitiveDataLogging' to see key values.
2025-12-16 20:11:16.233 +03:00 [DBG] SaveChanges completed for 'AuthDbContext' with 1 entities written to the database.
2025-12-16 20:11:16.235 +03:00 [DBG] Compiling query expression: 
'DbSet<OperationClaim>()
    .FirstOrDefault(oc => oc.Name == __name_0)'
2025-12-16 20:11:16.239 +03:00 [DBG] Generated query execution expression: 
'queryContext => new SingleQueryingEnumerable<OperationClaim>(
    (RelationalQueryContext)queryContext, 
    RelationalCommandCache.QueryExpression(
        Projection Mapping:
            EmptyProjectionMember -> Dictionary<IProperty, int> { [Property: OperationClaim.Id (int) Required PK AfterSave:Throw ValueGenerated.OnAdd, 0], [Property: OperationClaim.CreatedDate (DateTime) Required, 1], [Property: OperationClaim.Description (string) MaxLength(200), 2], [Property: OperationClaim.Name (string) Required Index MaxLength(50), 3] }
        SELECT TOP(1) o.Id, o.CreatedDate, o.Description, o.Name
        FROM OperationClaims AS o
        WHERE o.Name == @__name_0), 
    null, 
    Func<QueryContext, DbDataReader, ResultContext, SingleQueryResultCoordinator, OperationClaim>, 
    AuthService.DataAccess.Concrete.EntityFramework.AuthDbContext, 
    False, 
    False, 
    True
)
    .SingleOrDefault()'
2025-12-16 20:11:16.240 +03:00 [DBG] Opening connection to database 'AuthServiceDb_Dev' on server 'tcp://localhost:5432'.
2025-12-16 20:11:16.241 +03:00 [DBG] Opened connection to database 'AuthServiceDb_Dev' on server 'tcp://localhost:5432'.
2025-12-16 20:11:16.242 +03:00 [DBG] Creating DbCommand for 'ExecuteReader'.
2025-12-16 20:11:16.243 +03:00 [DBG] Created DbCommand for 'ExecuteReader' (0ms).
2025-12-16 20:11:16.244 +03:00 [DBG] Initialized DbCommand for 'ExecuteReader' (1ms).
2025-12-16 20:11:16.244 +03:00 [DBG] Executing DbCommand [Parameters=[@__name_0='?'], CommandType='"Text"', CommandTimeout='30']
SELECT o."Id", o."CreatedDate", o."Description", o."Name"
FROM "OperationClaims" AS o
WHERE o."Name" = @__name_0
LIMIT 1
2025-12-16 20:11:16.247 +03:00 [INF] Executed DbCommand (3ms) [Parameters=[@__name_0='?'], CommandType='"Text"', CommandTimeout='30']
SELECT o."Id", o."CreatedDate", o."Description", o."Name"
FROM "OperationClaims" AS o
WHERE o."Name" = @__name_0
LIMIT 1
2025-12-16 20:11:16.255 +03:00 [DBG] Context 'AuthDbContext' started tracking 'OperationClaim' entity. Consider using 'DbContextOptionsBuilder.EnableSensitiveDataLogging' to see key values.
2025-12-16 20:11:16.260 +03:00 [DBG] Closing data reader to 'AuthServiceDb_Dev' on server 'tcp://localhost:5432'.
2025-12-16 20:11:16.261 +03:00 [DBG] A data reader for 'AuthServiceDb_Dev' on server 'tcp://localhost:5432' is being disposed after spending 12ms reading results.
2025-12-16 20:11:16.262 +03:00 [DBG] Closing connection to database 'AuthServiceDb_Dev' on server 'tcp://localhost:5432'.
2025-12-16 20:11:16.263 +03:00 [DBG] Closed connection to database 'AuthServiceDb_Dev' on server 'tcp://localhost:5432' (0ms).
2025-12-16 20:11:16.265 +03:00 [DBG] 'AuthDbContext' generated a temporary value for the property 'UserOperationClaim.Id'. Consider using 'DbContextOptionsBuilder.EnableSensitiveDataLogging' to see key values.
2025-12-16 20:11:16.273 +03:00 [DBG] The navigation 'UserOperationClaim.OperationClaim' was detected as changed. Consider using 'DbContextOptionsBuilder.EnableSensitiveDataLogging' to see key values.
2025-12-16 20:11:16.281 +03:00 [DBG] The navigation 'UserOperationClaim.User' was detected as changed. Consider using 'DbContextOptionsBuilder.EnableSensitiveDataLogging' to see key values.
2025-12-16 20:11:16.283 +03:00 [DBG] Context 'AuthDbContext' started tracking 'UserOperationClaim' entity. Consider using 'DbContextOptionsBuilder.EnableSensitiveDataLogging' to see key values.
2025-12-16 20:11:16.284 +03:00 [DBG] SaveChanges starting for 'AuthDbContext'.
2025-12-16 20:11:16.285 +03:00 [DBG] DetectChanges starting for 'AuthDbContext'.
2025-12-16 20:11:16.289 +03:00 [DBG] DetectChanges completed for 'AuthDbContext'.
2025-12-16 20:11:16.292 +03:00 [DBG] Opening connection to database 'AuthServiceDb_Dev' on server 'tcp://localhost:5432'.
2025-12-16 20:11:16.293 +03:00 [DBG] Opened connection to database 'AuthServiceDb_Dev' on server 'tcp://localhost:5432'.
2025-12-16 20:11:16.294 +03:00 [DBG] Creating DbCommand for 'ExecuteReader'.
2025-12-16 20:11:16.295 +03:00 [DBG] Created DbCommand for 'ExecuteReader' (0ms).
2025-12-16 20:11:16.296 +03:00 [DBG] Initialized DbCommand for 'ExecuteReader' (1ms).
2025-12-16 20:11:16.296 +03:00 [DBG] Executing DbCommand [Parameters=[@p0='?' (DbType = DateTime), @p1='?' (DbType = Int32), @p2='?' (DbType = Int32)], CommandType='"Text"', CommandTimeout='30']
INSERT INTO "UserOperationClaims" ("CreatedDate", "OperationClaimId", "UserId")
VALUES (@p0, @p1, @p2)
RETURNING "Id";
2025-12-16 20:11:16.299 +03:00 [INF] Executed DbCommand (3ms) [Parameters=[@p0='?' (DbType = DateTime), @p1='?' (DbType = Int32), @p2='?' (DbType = Int32)], CommandType='"Text"', CommandTimeout='30']
INSERT INTO "UserOperationClaims" ("CreatedDate", "OperationClaimId", "UserId")
VALUES (@p0, @p1, @p2)
RETURNING "Id";
2025-12-16 20:11:16.302 +03:00 [DBG] The foreign key property 'UserOperationClaim.Id' was detected as changed. Consider using 'DbContextOptionsBuilder.EnableSensitiveDataLogging' to see property values.
2025-12-16 20:11:16.303 +03:00 [DBG] Closing data reader to 'AuthServiceDb_Dev' on server 'tcp://localhost:5432'.
2025-12-16 20:11:16.304 +03:00 [DBG] A data reader for 'AuthServiceDb_Dev' on server 'tcp://localhost:5432' is being disposed after spending 3ms reading results.
2025-12-16 20:11:16.305 +03:00 [DBG] Closing connection to database 'AuthServiceDb_Dev' on server 'tcp://localhost:5432'.
2025-12-16 20:11:16.306 +03:00 [DBG] Closed connection to database 'AuthServiceDb_Dev' on server 'tcp://localhost:5432' (0ms).
2025-12-16 20:11:16.307 +03:00 [DBG] An entity of type 'UserOperationClaim' tracked by 'AuthDbContext' changed state from '"Added"' to '"Unchanged"'. Consider using 'DbContextOptionsBuilder.EnableSensitiveDataLogging' to see key values.
2025-12-16 20:11:16.308 +03:00 [DBG] SaveChanges completed for 'AuthDbContext' with 1 entities written to the database.
2025-12-16 20:11:16.314 +03:00 [DBG] Compiling query expression: 
'DbSet<OperationClaim>()
    .Join(
        inner: DbSet<UserOperationClaim>(), 
        outerKeySelector: operationClaim => operationClaim.Id, 
        innerKeySelector: userOperationClaim => userOperationClaim.OperationClaimId, 
        resultSelector: (operationClaim, userOperationClaim) => new { 
            operationClaim = operationClaim, 
            userOperationClaim = userOperationClaim
         })
    .Where(<>h__TransparentIdentifier0 => <>h__TransparentIdentifier0.userOperationClaim.UserId == __user_Id_0)
    .Select(<>h__TransparentIdentifier0 => new OperationClaim{ 
        Id = <>h__TransparentIdentifier0.operationClaim.Id, 
        Name = <>h__TransparentIdentifier0.operationClaim.Name, 
        Description = <>h__TransparentIdentifier0.operationClaim.Description 
    }
    )'
2025-12-16 20:11:16.348 +03:00 [DBG] Generated query execution expression: 
'queryContext => new SingleQueryingEnumerable<OperationClaim>(
    (RelationalQueryContext)queryContext, 
    RelationalCommandCache.QueryExpression(
        Projection Mapping:
            Id -> 0
            Name -> 1
            Description -> 2
        SELECT o.Id, o.Name, o.Description
        FROM OperationClaims AS o
        INNER JOIN UserOperationClaims AS u ON o.Id == u.OperationClaimId
        WHERE u.UserId == @__user_Id_0), 
    null, 
    Func<QueryContext, DbDataReader, ResultContext, SingleQueryResultCoordinator, OperationClaim>, 
    AuthService.DataAccess.Concrete.EntityFramework.AuthDbContext, 
    False, 
    False, 
    True
)'
2025-12-16 20:11:16.349 +03:00 [DBG] Opening connection to database 'AuthServiceDb_Dev' on server 'tcp://localhost:5432'.
2025-12-16 20:11:16.350 +03:00 [DBG] Opened connection to database 'AuthServiceDb_Dev' on server 'tcp://localhost:5432'.
2025-12-16 20:11:16.351 +03:00 [DBG] Creating DbCommand for 'ExecuteReader'.
2025-12-16 20:11:16.352 +03:00 [DBG] Created DbCommand for 'ExecuteReader' (0ms).
2025-12-16 20:11:16.353 +03:00 [DBG] Initialized DbCommand for 'ExecuteReader' (1ms).
2025-12-16 20:11:16.354 +03:00 [DBG] Executing DbCommand [Parameters=[@__user_Id_0='?' (DbType = Int32)], CommandType='"Text"', CommandTimeout='30']
SELECT o."Id", o."Name", o."Description"
FROM "OperationClaims" AS o
INNER JOIN "UserOperationClaims" AS u ON o."Id" = u."OperationClaimId"
WHERE u."UserId" = @__user_Id_0
2025-12-16 20:11:16.357 +03:00 [INF] Executed DbCommand (3ms) [Parameters=[@__user_Id_0='?' (DbType = Int32)], CommandType='"Text"', CommandTimeout='30']
SELECT o."Id", o."Name", o."Description"
FROM "OperationClaims" AS o
INNER JOIN "UserOperationClaims" AS u ON o."Id" = u."OperationClaimId"
WHERE u."UserId" = @__user_Id_0
2025-12-16 20:11:16.358 +03:00 [DBG] Closing data reader to 'AuthServiceDb_Dev' on server 'tcp://localhost:5432'.
2025-12-16 20:11:16.359 +03:00 [DBG] A data reader for 'AuthServiceDb_Dev' on server 'tcp://localhost:5432' is being disposed after spending 1ms reading results.
2025-12-16 20:11:16.360 +03:00 [DBG] Closing connection to database 'AuthServiceDb_Dev' on server 'tcp://localhost:5432'.
2025-12-16 20:11:16.361 +03:00 [DBG] Closed connection to database 'AuthServiceDb_Dev' on server 'tcp://localhost:5432' (0ms).
2025-12-16 20:11:16.386 +03:00 [DBG] The unchanged property 'User.RefreshToken' was detected as changed and will be marked as modified. Consider using 'DbContextOptionsBuilder.EnableSensitiveDataLogging' to see property values.
2025-12-16 20:11:16.387 +03:00 [DBG] An entity of type 'User' tracked by 'AuthDbContext' changed state from '"Unchanged"' to '"Modified"'. Consider using 'DbContextOptionsBuilder.EnableSensitiveDataLogging' to see key values.
2025-12-16 20:11:16.389 +03:00 [DBG] The unchanged property 'User.RefreshTokenExpiration' was detected as changed and will be marked as modified. Consider using 'DbContextOptionsBuilder.EnableSensitiveDataLogging' to see property values.
2025-12-16 20:11:16.390 +03:00 [DBG] SaveChanges starting for 'AuthDbContext'.
2025-12-16 20:11:16.390 +03:00 [DBG] DetectChanges starting for 'AuthDbContext'.
2025-12-16 20:11:16.392 +03:00 [DBG] DetectChanges completed for 'AuthDbContext'.
2025-12-16 20:11:16.400 +03:00 [DBG] Opening connection to database 'AuthServiceDb_Dev' on server 'tcp://localhost:5432'.
2025-12-16 20:11:16.401 +03:00 [DBG] Opened connection to database 'AuthServiceDb_Dev' on server 'tcp://localhost:5432'.
2025-12-16 20:11:16.402 +03:00 [DBG] Creating DbCommand for 'ExecuteReader'.
2025-12-16 20:11:16.403 +03:00 [DBG] Created DbCommand for 'ExecuteReader' (0ms).
2025-12-16 20:11:16.404 +03:00 [DBG] Initialized DbCommand for 'ExecuteReader' (1ms).
2025-12-16 20:11:16.405 +03:00 [DBG] Executing DbCommand [Parameters=[@p15='?' (DbType = Int32), @p0='?' (DbType = DateTime), @p1='?', @p2='?' (DbType = Int32), @p3='?', @p4='?', @p5='?' (DbType = Boolean), @p6='?', @p7='?' (DbType = DateTime), @p8='?' (DbType = Binary), @p9='?' (DbType = Binary), @p10='?', @p11='?', @p12='?' (DbType = DateTime), @p13='?' (DbType = Boolean), @p14='?' (DbType = DateTime)], CommandType='"Text"', CommandTimeout='30']
UPDATE "Users" SET "CreatedDate" = @p0, "Email" = @p1, "FailedLoginAttempts" = @p2, "FirstName" = @p3, "IdentityNumber" = @p4, "IsEmailVerified" = @p5, "LastName" = @p6, "LockoutEndTime" = @p7, "PasswordHash" = @p8, "PasswordSalt" = @p9, "PhoneNumber" = @p10, "RefreshToken" = @p11, "RefreshTokenExpiration" = @p12, "Status" = @p13, "UpdatedDate" = @p14
WHERE "Id" = @p15;
2025-12-16 20:11:16.409 +03:00 [INF] Executed DbCommand (5ms) [Parameters=[@p15='?' (DbType = Int32), @p0='?' (DbType = DateTime), @p1='?', @p2='?' (DbType = Int32), @p3='?', @p4='?', @p5='?' (DbType = Boolean), @p6='?', @p7='?' (DbType = DateTime), @p8='?' (DbType = Binary), @p9='?' (DbType = Binary), @p10='?', @p11='?', @p12='?' (DbType = DateTime), @p13='?' (DbType = Boolean), @p14='?' (DbType = DateTime)], CommandType='"Text"', CommandTimeout='30']
UPDATE "Users" SET "CreatedDate" = @p0, "Email" = @p1, "FailedLoginAttempts" = @p2, "FirstName" = @p3, "IdentityNumber" = @p4, "IsEmailVerified" = @p5, "LastName" = @p6, "LockoutEndTime" = @p7, "PasswordHash" = @p8, "PasswordSalt" = @p9, "PhoneNumber" = @p10, "RefreshToken" = @p11, "RefreshTokenExpiration" = @p12, "Status" = @p13, "UpdatedDate" = @p14
WHERE "Id" = @p15;
2025-12-16 20:11:16.411 +03:00 [DBG] Closing data reader to 'AuthServiceDb_Dev' on server 'tcp://localhost:5432'.
2025-12-16 20:11:16.412 +03:00 [DBG] A data reader for 'AuthServiceDb_Dev' on server 'tcp://localhost:5432' is being disposed after spending 1ms reading results.
2025-12-16 20:11:16.413 +03:00 [DBG] Closing connection to database 'AuthServiceDb_Dev' on server 'tcp://localhost:5432'.
2025-12-16 20:11:16.415 +03:00 [DBG] Closed connection to database 'AuthServiceDb_Dev' on server 'tcp://localhost:5432' (1ms).
2025-12-16 20:11:16.418 +03:00 [DBG] An entity of type 'User' tracked by 'AuthDbContext' changed state from '"Modified"' to '"Unchanged"'. Consider using 'DbContextOptionsBuilder.EnableSensitiveDataLogging' to see key values.
2025-12-16 20:11:16.419 +03:00 [DBG] SaveChanges completed for 'AuthDbContext' with 1 entities written to the database.
2025-12-16 20:11:21.452 +03:00 [INF] Start processing HTTP request POST https://localhost:7296/api/Patients
2025-12-16 20:11:21.455 +03:00 [INF] Sending HTTP request POST https://localhost:7296/api/Patients
2025-12-16 20:11:21.473 +03:00 [DBG] List of registered output formatters, in the following order: ["Microsoft.AspNetCore.Mvc.Formatters.HttpNoContentOutputFormatter","Microsoft.AspNetCore.Mvc.Formatters.StringOutputFormatter","Microsoft.AspNetCore.Mvc.Formatters.StreamOutputFormatter","Microsoft.AspNetCore.Mvc.Formatters.SystemTextJsonOutputFormatter"]
2025-12-16 20:11:21.475 +03:00 [DBG] Attempting to select an output formatter based on Accept header '["application/json"]' and explicitly specified content types '["application/json"]'. The content types in the accept header must be a subset of the explicitly set content types.
2025-12-16 20:11:21.477 +03:00 [DBG] Selected output formatter 'Microsoft.AspNetCore.Mvc.Formatters.SystemTextJsonOutputFormatter' and content type 'application/json' to write the response.
2025-12-16 20:11:21.478 +03:00 [INF] Executing OkObjectResult, writing value of type 'Core.Extensions.ApiResponse`1[[AuthService.Entities.DTOs.TokenDto, AuthService.Entities, Version=1.0.0.0, Culture=neutral, PublicKeyToken=null]]'.
2025-12-16 20:11:21.485 +03:00 [INF] Executed action AuthService.API.Controllers.AuthController.Register (AuthService.API) in 9806.4244ms
2025-12-16 20:11:21.491 +03:00 [INF] Executed endpoint 'AuthService.API.Controllers.AuthController.Register (AuthService.API)'
2025-12-16 20:11:21.492 +03:00 [INF] [User: Anonymous] [IP: ::1] POST /api/Auth/register -> 200
2025-12-16 20:11:21.493 +03:00 [DBG] 'AuthDbContext' disposed.
2025-12-16 20:11:21.496 +03:00 [DBG] Disposing connection to database 'AuthServiceDb_Dev' on server 'tcp://localhost:5432'.
2025-12-16 20:11:21.498 +03:00 [DBG] Disposed connection to database 'AuthServiceDb_Dev' on server 'tcp://localhost:5432' (2ms).
2025-12-16 20:11:21.499 +03:00 [INF] Request finished HTTP/2 POST https://localhost:7001/api/Auth/register - 200 null application/json; charset=utf-8 9842.0611ms
2025-12-16 20:14:12.564 +03:00 [DBG] Registered model binder providers, in the following order: ["Microsoft.AspNetCore.Mvc.ModelBinding.Binders.BinderTypeModelBinderProvider","Microsoft.AspNetCore.Mvc.ModelBinding.Binders.ServicesModelBinderProvider","Microsoft.AspNetCore.Mvc.ModelBinding.Binders.BodyModelBinderProvider","Microsoft.AspNetCore.Mvc.ModelBinding.Binders.HeaderModelBinderProvider","Microsoft.AspNetCore.Mvc.ModelBinding.Binders.FloatingPointTypeModelBinderProvider","Microsoft.AspNetCore.Mvc.ModelBinding.Binders.EnumTypeModelBinderProvider","Microsoft.AspNetCore.Mvc.ModelBinding.Binders.DateTimeModelBinderProvider","Microsoft.AspNetCore.Mvc.ModelBinding.Binders.SimpleTypeModelBinderProvider","Microsoft.AspNetCore.Mvc.ModelBinding.Binders.TryParseModelBinderProvider","Microsoft.AspNetCore.Mvc.ModelBinding.Binders.CancellationTokenModelBinderProvider","Microsoft.AspNetCore.Mvc.ModelBinding.Binders.ByteArrayModelBinderProvider","Microsoft.AspNetCore.Mvc.ModelBinding.Binders.FormFileModelBinderProvider","Microsoft.AspNetCore.Mvc.ModelBinding.Binders.FormCollectionModelBinderProvider","Microsoft.AspNetCore.Mvc.ModelBinding.Binders.KeyValuePairModelBinderProvider","Microsoft.AspNetCore.Mvc.ModelBinding.Binders.DictionaryModelBinderProvider","Microsoft.AspNetCore.Mvc.ModelBinding.Binders.ArrayModelBinderProvider","Microsoft.AspNetCore.Mvc.ModelBinding.Binders.CollectionModelBinderProvider","Microsoft.AspNetCore.Mvc.ModelBinding.Binders.ComplexObjectModelBinderProvider"]
2025-12-16 20:14:12.763 +03:00 [DBG] An 'IServiceProvider' was created for internal use by Entity Framework.
2025-12-16 20:14:13.076 +03:00 [DBG] The index {'UserId'} was not created on entity type 'UserOperationClaim' as the properties are already covered by the index {'UserId', 'OperationClaimId'}.
2025-12-16 20:14:13.276 +03:00 [DBG] Entity Framework Core 8.0.17 initialized 'AuthDbContext' using provider 'Npgsql.EntityFrameworkCore.PostgreSQL:8.0.10+18d07c54eacaffa5bf8128d47eecdb5255d86376' with options: None
2025-12-16 20:14:13.285 +03:00 [DBG] Creating DbConnection.
2025-12-16 20:14:13.321 +03:00 [DBG] Created DbConnection. (34ms).
2025-12-16 20:14:13.327 +03:00 [DBG] Opening connection to database 'AuthServiceDb_Dev' on server 'tcp://localhost:5432'.
2025-12-16 20:14:13.432 +03:00 [DBG] Opened connection to database 'AuthServiceDb_Dev' on server 'tcp://localhost:5432'.
2025-12-16 20:14:13.434 +03:00 [DBG] Closing connection to database 'AuthServiceDb_Dev' on server 'tcp://localhost:5432'.
2025-12-16 20:14:13.441 +03:00 [DBG] Closed connection to database 'AuthServiceDb_Dev' on server 'tcp://localhost:5432' (4ms).
2025-12-16 20:14:13.445 +03:00 [DBG] Creating DbCommand for 'ExecuteScalar'.
2025-12-16 20:14:13.450 +03:00 [DBG] Created DbCommand for 'ExecuteScalar' (3ms).
2025-12-16 20:14:13.452 +03:00 [DBG] Initialized DbCommand for 'ExecuteScalar' (6ms).
2025-12-16 20:14:13.453 +03:00 [DBG] Opening connection to database 'AuthServiceDb_Dev' on server 'tcp://localhost:5432'.
2025-12-16 20:14:13.513 +03:00 [DBG] Opened connection to database 'AuthServiceDb_Dev' on server 'tcp://localhost:5432'.
2025-12-16 20:14:13.524 +03:00 [DBG] Executing DbCommand [Parameters=[], CommandType='"Text"', CommandTimeout='30']
SELECT EXISTS (
    SELECT 1 FROM pg_catalog.pg_class c
    JOIN pg_catalog.pg_namespace n ON n.oid=c.relnamespace
    WHERE n.nspname='public' AND
          c.relname='__EFMigrationsHistory'
)
2025-12-16 20:14:13.576 +03:00 [INF] Executed DbCommand (52ms) [Parameters=[], CommandType='"Text"', CommandTimeout='30']
SELECT EXISTS (
    SELECT 1 FROM pg_catalog.pg_class c
    JOIN pg_catalog.pg_namespace n ON n.oid=c.relnamespace
    WHERE n.nspname='public' AND
          c.relname='__EFMigrationsHistory'
)
2025-12-16 20:14:13.578 +03:00 [DBG] Closing connection to database 'AuthServiceDb_Dev' on server 'tcp://localhost:5432'.
2025-12-16 20:14:13.581 +03:00 [DBG] Closed connection to database 'AuthServiceDb_Dev' on server 'tcp://localhost:5432' (2ms).
2025-12-16 20:14:13.594 +03:00 [DBG] Opening connection to database 'AuthServiceDb_Dev' on server 'tcp://localhost:5432'.
2025-12-16 20:14:13.596 +03:00 [DBG] Opened connection to database 'AuthServiceDb_Dev' on server 'tcp://localhost:5432'.
2025-12-16 20:14:13.597 +03:00 [DBG] Creating DbCommand for 'ExecuteReader'.
2025-12-16 20:14:13.598 +03:00 [DBG] Created DbCommand for 'ExecuteReader' (1ms).
2025-12-16 20:14:13.599 +03:00 [DBG] Initialized DbCommand for 'ExecuteReader' (2ms).
2025-12-16 20:14:13.601 +03:00 [DBG] Executing DbCommand [Parameters=[], CommandType='"Text"', CommandTimeout='30']
SELECT "MigrationId", "ProductVersion"
FROM "__EFMigrationsHistory"
ORDER BY "MigrationId";
2025-12-16 20:14:13.605 +03:00 [INF] Executed DbCommand (4ms) [Parameters=[], CommandType='"Text"', CommandTimeout='30']
SELECT "MigrationId", "ProductVersion"
FROM "__EFMigrationsHistory"
ORDER BY "MigrationId";
2025-12-16 20:14:13.612 +03:00 [DBG] Closing data reader to 'AuthServiceDb_Dev' on server 'tcp://localhost:5432'.
2025-12-16 20:14:13.614 +03:00 [DBG] A data reader for 'AuthServiceDb_Dev' on server 'tcp://localhost:5432' is being disposed after spending 5ms reading results.
2025-12-16 20:14:13.615 +03:00 [DBG] Closing connection to database 'AuthServiceDb_Dev' on server 'tcp://localhost:5432'.
2025-12-16 20:14:13.616 +03:00 [DBG] Closed connection to database 'AuthServiceDb_Dev' on server 'tcp://localhost:5432' (0ms).
2025-12-16 20:14:13.618 +03:00 [DBG] Migrating using database 'AuthServiceDb_Dev' on server 'tcp://localhost:5432'.
2025-12-16 20:14:13.619 +03:00 [DBG] Opening connection to database 'AuthServiceDb_Dev' on server 'tcp://localhost:5432'.
2025-12-16 20:14:13.686 +03:00 [DBG] Opened connection to database 'AuthServiceDb_Dev' on server 'tcp://localhost:5432'.
2025-12-16 20:14:13.687 +03:00 [DBG] Closing connection to database 'AuthServiceDb_Dev' on server 'tcp://localhost:5432'.
2025-12-16 20:14:13.689 +03:00 [DBG] Closed connection to database 'AuthServiceDb_Dev' on server 'tcp://localhost:5432' (1ms).
2025-12-16 20:14:13.691 +03:00 [DBG] Creating DbCommand for 'ExecuteScalar'.
2025-12-16 20:14:13.692 +03:00 [DBG] Created DbCommand for 'ExecuteScalar' (1ms).
2025-12-16 20:14:13.694 +03:00 [DBG] Initialized DbCommand for 'ExecuteScalar' (2ms).
2025-12-16 20:14:13.695 +03:00 [DBG] Opening connection to database 'AuthServiceDb_Dev' on server 'tcp://localhost:5432'.
2025-12-16 20:14:13.697 +03:00 [DBG] Opened connection to database 'AuthServiceDb_Dev' on server 'tcp://localhost:5432'.
2025-12-16 20:14:13.699 +03:00 [DBG] Executing DbCommand [Parameters=[], CommandType='"Text"', CommandTimeout='30']
SELECT EXISTS (
    SELECT 1 FROM pg_catalog.pg_class c
    JOIN pg_catalog.pg_namespace n ON n.oid=c.relnamespace
    WHERE n.nspname='public' AND
          c.relname='__EFMigrationsHistory'
)
2025-12-16 20:14:13.701 +03:00 [INF] Executed DbCommand (2ms) [Parameters=[], CommandType='"Text"', CommandTimeout='30']
SELECT EXISTS (
    SELECT 1 FROM pg_catalog.pg_class c
    JOIN pg_catalog.pg_namespace n ON n.oid=c.relnamespace
    WHERE n.nspname='public' AND
          c.relname='__EFMigrationsHistory'
)
2025-12-16 20:14:13.703 +03:00 [DBG] Closing connection to database 'AuthServiceDb_Dev' on server 'tcp://localhost:5432'.
2025-12-16 20:14:13.704 +03:00 [DBG] Closed connection to database 'AuthServiceDb_Dev' on server 'tcp://localhost:5432' (1ms).
2025-12-16 20:14:13.705 +03:00 [DBG] Opening connection to database 'AuthServiceDb_Dev' on server 'tcp://localhost:5432'.
2025-12-16 20:14:13.754 +03:00 [DBG] Opened connection to database 'AuthServiceDb_Dev' on server 'tcp://localhost:5432'.
2025-12-16 20:14:13.756 +03:00 [DBG] Closing connection to database 'AuthServiceDb_Dev' on server 'tcp://localhost:5432'.
2025-12-16 20:14:13.758 +03:00 [DBG] Closed connection to database 'AuthServiceDb_Dev' on server 'tcp://localhost:5432' (1ms).
2025-12-16 20:14:13.760 +03:00 [DBG] Creating DbCommand for 'ExecuteScalar'.
2025-12-16 20:14:13.761 +03:00 [DBG] Created DbCommand for 'ExecuteScalar' (1ms).
2025-12-16 20:14:13.763 +03:00 [DBG] Initialized DbCommand for 'ExecuteScalar' (3ms).
2025-12-16 20:14:13.765 +03:00 [DBG] Opening connection to database 'AuthServiceDb_Dev' on server 'tcp://localhost:5432'.
2025-12-16 20:14:13.766 +03:00 [DBG] Opened connection to database 'AuthServiceDb_Dev' on server 'tcp://localhost:5432'.
2025-12-16 20:14:13.768 +03:00 [DBG] Executing DbCommand [Parameters=[], CommandType='"Text"', CommandTimeout='30']
SELECT EXISTS (
    SELECT 1 FROM pg_catalog.pg_class c
    JOIN pg_catalog.pg_namespace n ON n.oid=c.relnamespace
    WHERE n.nspname='public' AND
          c.relname='__EFMigrationsHistory'
)
2025-12-16 20:14:13.771 +03:00 [INF] Executed DbCommand (3ms) [Parameters=[], CommandType='"Text"', CommandTimeout='30']
SELECT EXISTS (
    SELECT 1 FROM pg_catalog.pg_class c
    JOIN pg_catalog.pg_namespace n ON n.oid=c.relnamespace
    WHERE n.nspname='public' AND
          c.relname='__EFMigrationsHistory'
)
2025-12-16 20:14:13.773 +03:00 [DBG] Closing connection to database 'AuthServiceDb_Dev' on server 'tcp://localhost:5432'.
2025-12-16 20:14:13.775 +03:00 [DBG] Closed connection to database 'AuthServiceDb_Dev' on server 'tcp://localhost:5432' (1ms).
2025-12-16 20:14:13.776 +03:00 [DBG] Opening connection to database 'AuthServiceDb_Dev' on server 'tcp://localhost:5432'.
2025-12-16 20:14:13.778 +03:00 [DBG] Opened connection to database 'AuthServiceDb_Dev' on server 'tcp://localhost:5432'.
2025-12-16 20:14:13.779 +03:00 [DBG] Creating DbCommand for 'ExecuteReader'.
2025-12-16 20:14:13.781 +03:00 [DBG] Created DbCommand for 'ExecuteReader' (1ms).
2025-12-16 20:14:13.782 +03:00 [DBG] Initialized DbCommand for 'ExecuteReader' (2ms).
2025-12-16 20:14:13.784 +03:00 [DBG] Executing DbCommand [Parameters=[], CommandType='"Text"', CommandTimeout='30']
SELECT "MigrationId", "ProductVersion"
FROM "__EFMigrationsHistory"
ORDER BY "MigrationId";
2025-12-16 20:14:13.787 +03:00 [INF] Executed DbCommand (3ms) [Parameters=[], CommandType='"Text"', CommandTimeout='30']
SELECT "MigrationId", "ProductVersion"
FROM "__EFMigrationsHistory"
ORDER BY "MigrationId";
2025-12-16 20:14:13.789 +03:00 [DBG] Closing data reader to 'AuthServiceDb_Dev' on server 'tcp://localhost:5432'.
2025-12-16 20:14:13.790 +03:00 [DBG] A data reader for 'AuthServiceDb_Dev' on server 'tcp://localhost:5432' is being disposed after spending 1ms reading results.
2025-12-16 20:14:13.792 +03:00 [DBG] Closing connection to database 'AuthServiceDb_Dev' on server 'tcp://localhost:5432'.
2025-12-16 20:14:13.794 +03:00 [DBG] Closed connection to database 'AuthServiceDb_Dev' on server 'tcp://localhost:5432' (1ms).
2025-12-16 20:14:13.813 +03:00 [INF] No migrations were applied. The database is already up to date.
2025-12-16 20:14:13.816 +03:00 [INF] Database migrations applied successfully.
2025-12-16 20:14:13.818 +03:00 [DBG] 'AuthDbContext' disposed.
2025-12-16 20:14:13.820 +03:00 [DBG] Disposing connection to database 'AuthServiceDb_Dev' on server 'tcp://localhost:5432'.
2025-12-16 20:14:13.821 +03:00 [DBG] Disposed connection to database 'AuthServiceDb_Dev' on server 'tcp://localhost:5432' (1ms).
2025-12-16 20:14:13.824 +03:00 [DBG] Hosting starting
2025-12-16 20:14:13.852 +03:00 [INF] User profile is available. Using 'C:\Users\atura\AppData\Local\ASP.NET\DataProtection-Keys' as key repository and Windows DPAPI to encrypt keys at rest.
2025-12-16 20:14:13.873 +03:00 [DBG] Reading data from file 'C:\Users\atura\AppData\Local\ASP.NET\DataProtection-Keys\key-2b41731a-ff2b-4c58-8083-9dd2e8e06c02.xml'.
2025-12-16 20:14:13.881 +03:00 [DBG] Reading data from file 'C:\Users\atura\AppData\Local\ASP.NET\DataProtection-Keys\key-b1bfbf17-5e54-4bcd-856c-81e8ff116985.xml'.
2025-12-16 20:14:13.882 +03:00 [DBG] Reading data from file 'C:\Users\atura\AppData\Local\ASP.NET\DataProtection-Keys\key-d4db8ae3-c3b6-4a1e-a8e6-5ce936ab3dc1.xml'.
2025-12-16 20:14:13.883 +03:00 [DBG] Reading data from file 'C:\Users\atura\AppData\Local\ASP.NET\DataProtection-Keys\key-d528c6a9-5739-4b20-b71f-eef16136c0e0.xml'.
2025-12-16 20:14:13.885 +03:00 [DBG] Reading data from file 'C:\Users\atura\AppData\Local\ASP.NET\DataProtection-Keys\key-f197c843-1f03-4bc8-9e1b-7ef1bcdd878d.xml'.
2025-12-16 20:14:13.889 +03:00 [DBG] Found key {2b41731a-ff2b-4c58-8083-9dd2e8e06c02}.
2025-12-16 20:14:13.893 +03:00 [DBG] Found key {b1bfbf17-5e54-4bcd-856c-81e8ff116985}.
2025-12-16 20:14:13.894 +03:00 [DBG] Found key {d4db8ae3-c3b6-4a1e-a8e6-5ce936ab3dc1}.
2025-12-16 20:14:13.894 +03:00 [DBG] Found key {d528c6a9-5739-4b20-b71f-eef16136c0e0}.
2025-12-16 20:14:13.895 +03:00 [DBG] Found key {f197c843-1f03-4bc8-9e1b-7ef1bcdd878d}.
2025-12-16 20:14:13.900 +03:00 [DBG] Considering key {d528c6a9-5739-4b20-b71f-eef16136c0e0} with expiration date 2026-01-16 09:53:55Z as default key.
2025-12-16 20:14:13.904 +03:00 [DBG] Forwarded activator type request from Microsoft.AspNetCore.DataProtection.XmlEncryption.DpapiXmlDecryptor, Microsoft.AspNetCore.DataProtection, Version=8.0.0.0, Culture=neutral, PublicKeyToken=adb9793829ddae60 to Microsoft.AspNetCore.DataProtection.XmlEncryption.DpapiXmlDecryptor, Microsoft.AspNetCore.DataProtection, Culture=neutral, PublicKeyToken=adb9793829ddae60
2025-12-16 20:14:13.907 +03:00 [DBG] Decrypting secret element using Windows DPAPI.
2025-12-16 20:14:13.910 +03:00 [DBG] Forwarded activator type request from Microsoft.AspNetCore.DataProtection.AuthenticatedEncryption.ConfigurationModel.AuthenticatedEncryptorDescriptorDeserializer, Microsoft.AspNetCore.DataProtection, Version=8.0.0.0, Culture=neutral, PublicKeyToken=adb9793829ddae60 to Microsoft.AspNetCore.DataProtection.AuthenticatedEncryption.ConfigurationModel.AuthenticatedEncryptorDescriptorDeserializer, Microsoft.AspNetCore.DataProtection, Culture=neutral, PublicKeyToken=adb9793829ddae60
2025-12-16 20:14:13.914 +03:00 [DBG] Opening CNG algorithm 'AES' from provider 'null' with chaining mode CBC.
2025-12-16 20:14:13.916 +03:00 [DBG] Opening CNG algorithm 'SHA256' from provider 'null' with HMAC.
2025-12-16 20:14:13.920 +03:00 [DBG] Using key {d528c6a9-5739-4b20-b71f-eef16136c0e0} as the default key.
2025-12-16 20:14:13.922 +03:00 [DBG] Key ring with default key {d528c6a9-5739-4b20-b71f-eef16136c0e0} was loaded during application startup.
2025-12-16 20:14:14.079 +03:00 [INF] Now listening on: https://localhost:7001
2025-12-16 20:14:14.080 +03:00 [INF] Now listening on: http://localhost:5001
2025-12-16 20:14:14.081 +03:00 [DBG] Loaded hosting startup assembly AuthService.API
2025-12-16 20:14:14.082 +03:00 [DBG] Loaded hosting startup assembly Microsoft.WebTools.ApiEndpointDiscovery
2025-12-16 20:14:14.083 +03:00 [DBG] Loaded hosting startup assembly Microsoft.AspNetCore.Watch.BrowserRefresh
2025-12-16 20:14:14.084 +03:00 [DBG] Loaded hosting startup assembly Microsoft.WebTools.BrowserLink.Net
2025-12-16 20:14:14.102 +03:00 [DBG] Connection id "0HNHSOQ4NP1ST" accepted.
2025-12-16 20:14:14.102 +03:00 [DBG] Connection id "0HNHSOQ4NP1SU" accepted.
2025-12-16 20:14:14.104 +03:00 [DBG] Connection id "0HNHSOQ4NP1ST" started.
2025-12-16 20:14:14.104 +03:00 [DBG] Connection id "0HNHSOQ4NP1SU" started.
2025-12-16 20:14:14.121 +03:00 [DBG] Connection id "0HNHSOQ4NP1SU" received FIN.
2025-12-16 20:14:14.121 +03:00 [DBG] Connection id "0HNHSOQ4NP1ST" received FIN.
2025-12-16 20:14:14.138 +03:00 [DBG] Failed to authenticate HTTPS connection.
System.IO.IOException: Received an unexpected EOF or 0 bytes from the transport stream.
   at System.Net.Security.SslStream.ReceiveHandshakeFrameAsync[TIOAdapter](CancellationToken cancellationToken)
   at System.Net.Security.SslStream.ForceAuthenticationAsync[TIOAdapter](Boolean receiveFirst, Byte[] reAuthenticationData, CancellationToken cancellationToken)
   at System.Net.Security.SslStream.ProcessAuthenticationWithTelemetryAsync(Boolean isAsync, CancellationToken cancellationToken)
   at Microsoft.AspNetCore.Server.Kestrel.Https.Internal.HttpsConnectionMiddleware.OnConnectionAsync(ConnectionContext context)
2025-12-16 20:14:14.138 +03:00 [DBG] Failed to authenticate HTTPS connection.
System.IO.IOException: Received an unexpected EOF or 0 bytes from the transport stream.
   at System.Net.Security.SslStream.ReceiveHandshakeFrameAsync[TIOAdapter](CancellationToken cancellationToken)
   at System.Net.Security.SslStream.ForceAuthenticationAsync[TIOAdapter](Boolean receiveFirst, Byte[] reAuthenticationData, CancellationToken cancellationToken)
   at System.Net.Security.SslStream.ProcessAuthenticationWithTelemetryAsync(Boolean isAsync, CancellationToken cancellationToken)
   at Microsoft.AspNetCore.Server.Kestrel.Https.Internal.HttpsConnectionMiddleware.OnConnectionAsync(ConnectionContext context)
2025-12-16 20:14:14.167 +03:00 [DBG] Connection id "0HNHSOQ4NP1ST" stopped.
2025-12-16 20:14:14.167 +03:00 [DBG] Connection id "0HNHSOQ4NP1SU" stopped.
2025-12-16 20:14:14.170 +03:00 [DBG] Connection id "0HNHSOQ4NP1SU" sending FIN because: "The Socket transport's send loop completed gracefully."
2025-12-16 20:14:14.170 +03:00 [DBG] Connection id "0HNHSOQ4NP1ST" sending FIN because: "The Socket transport's send loop completed gracefully."
2025-12-16 20:14:14.198 +03:00 [INF] Application started. Press Ctrl+C to shut down.
2025-12-16 20:14:14.199 +03:00 [INF] Hosting environment: Development
2025-12-16 20:14:14.200 +03:00 [INF] Content root path: C:\Users\atura\OneDrive\Masaüstü\Yarışma\appointment-reservation\backend\Services\AuthService\AuthService.API
2025-12-16 20:14:14.200 +03:00 [DBG] Hosting started
2025-12-16 20:14:15.113 +03:00 [DBG] Connection id "0HNHSOQ4NP1SV" accepted.
2025-12-16 20:14:15.115 +03:00 [DBG] Connection id "0HNHSOQ4NP1SV" started.
2025-12-16 20:14:15.142 +03:00 [DBG] Connection 0HNHSOQ4NP1SV established using the following protocol: "Tls13"
2025-12-16 20:14:15.202 +03:00 [INF] Request starting HTTP/2 GET https://localhost:7001/swagger/index.html - null null
2025-12-16 20:14:15.321 +03:00 [DBG] Wildcard detected, all requests with hosts will be allowed.
2025-12-16 20:14:15.341 +03:00 [DBG] No candidates found for the request path '/swagger/index.html'
2025-12-16 20:14:15.344 +03:00 [DBG] Request did not match any endpoints
2025-12-16 20:14:15.396 +03:00 [DBG] Response markup is scheduled to include Browser Link script injection.
2025-12-16 20:14:15.398 +03:00 [DBG] Response markup is scheduled to include browser refresh script injection.
2025-12-16 20:14:15.403 +03:00 [DBG] Response markup was updated to include Browser Link script injection.
2025-12-16 20:14:15.404 +03:00 [DBG] Response markup was updated to include browser refresh script injection.
2025-12-16 20:14:15.411 +03:00 [INF] Request finished HTTP/2 GET https://localhost:7001/swagger/index.html - 200 null text/html;charset=utf-8 220.3598ms
2025-12-16 20:14:15.438 +03:00 [INF] Request starting HTTP/2 GET https://localhost:7001/_framework/aspnetcore-browser-refresh.js - null null
2025-12-16 20:14:15.438 +03:00 [INF] Request starting HTTP/2 GET https://localhost:7001/swagger/index.js - null null
2025-12-16 20:14:15.442 +03:00 [INF] Request starting HTTP/2 GET https://localhost:7001/_vs/browserLink - null null
2025-12-16 20:14:15.444 +03:00 [DBG] No candidates found for the request path '/swagger/index.js'
2025-12-16 20:14:15.447 +03:00 [DBG] Request did not match any endpoints
2025-12-16 20:14:15.450 +03:00 [INF] Request finished HTTP/2 GET https://localhost:7001/swagger/index.js - 200 null application/javascript;charset=utf-8 12.0556ms
2025-12-16 20:14:15.450 +03:00 [INF] Request finished HTTP/2 GET https://localhost:7001/_framework/aspnetcore-browser-refresh.js - 200 13782 application/javascript; charset=utf-8 11.9637ms
2025-12-16 20:14:15.481 +03:00 [INF] Request finished HTTP/2 GET https://localhost:7001/_vs/browserLink - 200 null text/javascript; charset=UTF-8 39.5455ms
2025-12-16 20:14:15.602 +03:00 [INF] Request starting HTTP/2 GET https://localhost:7001/swagger/v1/swagger.json - null null
2025-12-16 20:14:15.604 +03:00 [DBG] No candidates found for the request path '/swagger/v1/swagger.json'
2025-12-16 20:14:15.605 +03:00 [DBG] Request did not match any endpoints
2025-12-16 20:14:15.630 +03:00 [INF] Request finished HTTP/2 GET https://localhost:7001/swagger/v1/swagger.json - 200 null application/json;charset=utf-8 28.6977ms
2025-12-16 20:16:04.205 +03:00 [INF] Request starting HTTP/2 POST https://localhost:7001/api/Auth/register - application/json 217
2025-12-16 20:16:04.217 +03:00 [DBG] 1 candidate(s) found for the request path '/api/Auth/register'
2025-12-16 20:16:04.218 +03:00 [DBG] Endpoint 'AuthService.API.Controllers.AuthController.Register (AuthService.API)' with route pattern 'api/Auth/register' is valid for the request path '/api/Auth/register'
2025-12-16 20:16:04.220 +03:00 [DBG] Request matched endpoint 'AuthService.API.Controllers.AuthController.Register (AuthService.API)'
2025-12-16 20:16:04.222 +03:00 [DBG] Static files was skipped as the request already matched an endpoint.
2025-12-16 20:16:04.224 +03:00 [DBG] The request has an origin header: 'https://localhost:7001'.
2025-12-16 20:16:04.225 +03:00 [INF] CORS policy execution successful.
2025-12-16 20:16:04.279 +03:00 [DBG] AuthenticationScheme: Bearer was not authenticated.
2025-12-16 20:16:04.282 +03:00 [INF] Executing endpoint 'AuthService.API.Controllers.AuthController.Register (AuthService.API)'
2025-12-16 20:16:04.299 +03:00 [INF] Route matched with {action = "Register", controller = "Auth"}. Executing controller action with signature Microsoft.AspNetCore.Mvc.IActionResult Register(AuthService.Entities.DTOs.UserForRegisterDto) on controller AuthService.API.Controllers.AuthController (AuthService.API).
2025-12-16 20:16:04.301 +03:00 [DBG] Execution plan of authorization filters (in the following order): ["None"]
2025-12-16 20:16:04.302 +03:00 [DBG] Execution plan of resource filters (in the following order): ["None"]
2025-12-16 20:16:04.303 +03:00 [DBG] Execution plan of action filters (in the following order): ["Microsoft.AspNetCore.Mvc.ModelBinding.UnsupportedContentTypeFilter (Order: -3000)","Microsoft.AspNetCore.Mvc.Infrastructure.ModelStateInvalidFilter (Order: -2000)"]
2025-12-16 20:16:04.304 +03:00 [DBG] Execution plan of exception filters (in the following order): ["None"]
2025-12-16 20:16:04.305 +03:00 [DBG] Execution plan of result filters (in the following order): ["Microsoft.AspNetCore.Mvc.Infrastructure.ClientErrorResultFilter (Order: -2000)","Microsoft.AspNetCore.Mvc.ProducesAttribute (Order: 0)"]
2025-12-16 20:16:04.308 +03:00 [DBG] Executing controller factory for controller AuthService.API.Controllers.AuthController (AuthService.API)
2025-12-16 20:16:04.370 +03:00 [DBG] Executed controller factory for controller AuthService.API.Controllers.AuthController (AuthService.API)
2025-12-16 20:16:04.382 +03:00 [DBG] Attempting to bind parameter 'userForRegisterDto' of type 'AuthService.Entities.DTOs.UserForRegisterDto' ...
2025-12-16 20:16:04.385 +03:00 [DBG] Attempting to bind parameter 'userForRegisterDto' of type 'AuthService.Entities.DTOs.UserForRegisterDto' using the name '' in request data ...
2025-12-16 20:16:04.387 +03:00 [DBG] Selected input formatter 'Microsoft.AspNetCore.Mvc.Formatters.SystemTextJsonInputFormatter' for content type 'application/json'.
2025-12-16 20:16:04.396 +03:00 [DBG] Connection id "0HNHSOQ4NP1SV", Request id "0HNHSOQ4NP1SV:0000000B": started reading request body.
2025-12-16 20:16:04.397 +03:00 [DBG] Connection id "0HNHSOQ4NP1SV", Request id "0HNHSOQ4NP1SV:0000000B": done reading request body.
2025-12-16 20:16:04.408 +03:00 [DBG] JSON input formatter succeeded, deserializing to type 'AuthService.Entities.DTOs.UserForRegisterDto'
2025-12-16 20:16:04.409 +03:00 [DBG] Done attempting to bind parameter 'userForRegisterDto' of type 'AuthService.Entities.DTOs.UserForRegisterDto'.
2025-12-16 20:16:04.410 +03:00 [DBG] Done attempting to bind parameter 'userForRegisterDto' of type 'AuthService.Entities.DTOs.UserForRegisterDto'.
2025-12-16 20:16:04.411 +03:00 [DBG] Attempting to validate the bound parameter 'userForRegisterDto' of type 'AuthService.Entities.DTOs.UserForRegisterDto' ...
2025-12-16 20:16:04.451 +03:00 [DBG] Done attempting to validate the bound parameter 'userForRegisterDto' of type 'AuthService.Entities.DTOs.UserForRegisterDto'.
2025-12-16 20:16:06.642 +03:00 [DBG] Entity Framework Core 8.0.17 initialized 'AuthDbContext' using provider 'Npgsql.EntityFrameworkCore.PostgreSQL:8.0.10+18d07c54eacaffa5bf8128d47eecdb5255d86376' with options: None
2025-12-16 20:16:06.663 +03:00 [DBG] Compiling query expression: 
'DbSet<User>()
    .FirstOrDefault(u => u.Email == __email_0)'
2025-12-16 20:16:06.781 +03:00 [DBG] Generated query execution expression: 
'queryContext => new SingleQueryingEnumerable<User>(
    (RelationalQueryContext)queryContext, 
    RelationalCommandCache.QueryExpression(
        Projection Mapping:
            EmptyProjectionMember -> Dictionary<IProperty, int> { [Property: User.Id (int) Required PK AfterSave:Throw ValueGenerated.OnAdd, 0], [Property: User.CreatedDate (DateTime) Required, 1], [Property: User.Email (string) Required Index MaxLength(100), 2], [Property: User.FailedLoginAttempts (int) Required, 3], [Property: User.FirstName (string) Required MaxLength(50), 4], [Property: User.IdentityNumber (string) Required MaxLength(11), 5], [Property: User.IsEmailVerified (bool) Required, 6], [Property: User.LastName (string) MaxLength(50), 7], [Property: User.LockoutEndTime (DateTime?), 8], [Property: User.PasswordHash (byte[]) Required, 9], [Property: User.PasswordSalt (byte[]) Required, 10], [Property: User.PhoneNumber (string) MaxLength(20), 11], [Property: User.RefreshToken (string), 12], [Property: User.RefreshTokenExpiration (DateTime?), 13], [Property: User.Status (bool) Required, 14], [Property: User.UpdatedDate (DateTime?), 15] }
        SELECT TOP(1) u.Id, u.CreatedDate, u.Email, u.FailedLoginAttempts, u.FirstName, u.IdentityNumber, u.IsEmailVerified, u.LastName, u.LockoutEndTime, u.PasswordHash, u.PasswordSalt, u.PhoneNumber, u.RefreshToken, u.RefreshTokenExpiration, u.Status, u.UpdatedDate
        FROM Users AS u
        WHERE u.Email == @__email_0), 
    null, 
    Func<QueryContext, DbDataReader, ResultContext, SingleQueryResultCoordinator, User>, 
    AuthService.DataAccess.Concrete.EntityFramework.AuthDbContext, 
    False, 
    False, 
    True
)
    .SingleOrDefault()'
2025-12-16 20:16:06.801 +03:00 [DBG] Creating DbConnection.
2025-12-16 20:16:06.802 +03:00 [DBG] Created DbConnection. (0ms).
2025-12-16 20:16:06.803 +03:00 [DBG] Opening connection to database 'AuthServiceDb_Dev' on server 'tcp://localhost:5432'.
2025-12-16 20:16:06.804 +03:00 [DBG] Opened connection to database 'AuthServiceDb_Dev' on server 'tcp://localhost:5432'.
2025-12-16 20:16:06.804 +03:00 [DBG] Creating DbCommand for 'ExecuteReader'.
2025-12-16 20:16:06.805 +03:00 [DBG] Created DbCommand for 'ExecuteReader' (0ms).
2025-12-16 20:16:06.809 +03:00 [DBG] Initialized DbCommand for 'ExecuteReader' (4ms).
2025-12-16 20:16:06.811 +03:00 [DBG] Executing DbCommand [Parameters=[@__email_0='?'], CommandType='"Text"', CommandTimeout='30']
SELECT u."Id", u."CreatedDate", u."Email", u."FailedLoginAttempts", u."FirstName", u."IdentityNumber", u."IsEmailVerified", u."LastName", u."LockoutEndTime", u."PasswordHash", u."PasswordSalt", u."PhoneNumber", u."RefreshToken", u."RefreshTokenExpiration", u."Status", u."UpdatedDate"
FROM "Users" AS u
WHERE u."Email" = @__email_0
LIMIT 1
2025-12-16 20:16:06.821 +03:00 [INF] Executed DbCommand (11ms) [Parameters=[@__email_0='?'], CommandType='"Text"', CommandTimeout='30']
SELECT u."Id", u."CreatedDate", u."Email", u."FailedLoginAttempts", u."FirstName", u."IdentityNumber", u."IsEmailVerified", u."LastName", u."LockoutEndTime", u."PasswordHash", u."PasswordSalt", u."PhoneNumber", u."RefreshToken", u."RefreshTokenExpiration", u."Status", u."UpdatedDate"
FROM "Users" AS u
WHERE u."Email" = @__email_0
LIMIT 1
2025-12-16 20:16:06.824 +03:00 [DBG] Closing data reader to 'AuthServiceDb_Dev' on server 'tcp://localhost:5432'.
2025-12-16 20:16:06.824 +03:00 [DBG] A data reader for 'AuthServiceDb_Dev' on server 'tcp://localhost:5432' is being disposed after spending 1ms reading results.
2025-12-16 20:16:06.825 +03:00 [DBG] Closing connection to database 'AuthServiceDb_Dev' on server 'tcp://localhost:5432'.
2025-12-16 20:16:06.826 +03:00 [DBG] Closed connection to database 'AuthServiceDb_Dev' on server 'tcp://localhost:5432' (0ms).
2025-12-16 20:16:06.844 +03:00 [DBG] 'AuthDbContext' generated a temporary value for the property 'User.Id'. Consider using 'DbContextOptionsBuilder.EnableSensitiveDataLogging' to see key values.
2025-12-16 20:16:06.886 +03:00 [DBG] Context 'AuthDbContext' started tracking 'User' entity. Consider using 'DbContextOptionsBuilder.EnableSensitiveDataLogging' to see key values.
2025-12-16 20:16:06.888 +03:00 [DBG] SaveChanges starting for 'AuthDbContext'.
2025-12-16 20:16:06.889 +03:00 [DBG] DetectChanges starting for 'AuthDbContext'.
2025-12-16 20:16:06.902 +03:00 [DBG] DetectChanges completed for 'AuthDbContext'.
2025-12-16 20:16:06.937 +03:00 [DBG] Opening connection to database 'AuthServiceDb_Dev' on server 'tcp://localhost:5432'.
2025-12-16 20:16:06.938 +03:00 [DBG] Opened connection to database 'AuthServiceDb_Dev' on server 'tcp://localhost:5432'.
2025-12-16 20:16:06.940 +03:00 [DBG] Creating DbCommand for 'ExecuteReader'.
2025-12-16 20:16:06.940 +03:00 [DBG] Created DbCommand for 'ExecuteReader' (0ms).
2025-12-16 20:16:06.941 +03:00 [DBG] Initialized DbCommand for 'ExecuteReader' (1ms).
2025-12-16 20:16:06.942 +03:00 [DBG] Executing DbCommand [Parameters=[@p0='?' (DbType = DateTime), @p1='?', @p2='?' (DbType = Int32), @p3='?', @p4='?', @p5='?' (DbType = Boolean), @p6='?', @p7='?' (DbType = DateTime), @p8='?' (DbType = Binary), @p9='?' (DbType = Binary), @p10='?', @p11='?', @p12='?' (DbType = DateTime), @p13='?' (DbType = Boolean), @p14='?' (DbType = DateTime)], CommandType='"Text"', CommandTimeout='30']
INSERT INTO "Users" ("CreatedDate", "Email", "FailedLoginAttempts", "FirstName", "IdentityNumber", "IsEmailVerified", "LastName", "LockoutEndTime", "PasswordHash", "PasswordSalt", "PhoneNumber", "RefreshToken", "RefreshTokenExpiration", "Status", "UpdatedDate")
VALUES (@p0, @p1, @p2, @p3, @p4, @p5, @p6, @p7, @p8, @p9, @p10, @p11, @p12, @p13, @p14)
RETURNING "Id";
2025-12-16 20:16:06.950 +03:00 [INF] Executed DbCommand (8ms) [Parameters=[@p0='?' (DbType = DateTime), @p1='?', @p2='?' (DbType = Int32), @p3='?', @p4='?', @p5='?' (DbType = Boolean), @p6='?', @p7='?' (DbType = DateTime), @p8='?' (DbType = Binary), @p9='?' (DbType = Binary), @p10='?', @p11='?', @p12='?' (DbType = DateTime), @p13='?' (DbType = Boolean), @p14='?' (DbType = DateTime)], CommandType='"Text"', CommandTimeout='30']
INSERT INTO "Users" ("CreatedDate", "Email", "FailedLoginAttempts", "FirstName", "IdentityNumber", "IsEmailVerified", "LastName", "LockoutEndTime", "PasswordHash", "PasswordSalt", "PhoneNumber", "RefreshToken", "RefreshTokenExpiration", "Status", "UpdatedDate")
VALUES (@p0, @p1, @p2, @p3, @p4, @p5, @p6, @p7, @p8, @p9, @p10, @p11, @p12, @p13, @p14)
RETURNING "Id";
2025-12-16 20:16:06.958 +03:00 [DBG] The foreign key property 'User.Id' was detected as changed. Consider using 'DbContextOptionsBuilder.EnableSensitiveDataLogging' to see property values.
2025-12-16 20:16:06.962 +03:00 [DBG] Closing data reader to 'AuthServiceDb_Dev' on server 'tcp://localhost:5432'.
2025-12-16 20:16:06.963 +03:00 [DBG] A data reader for 'AuthServiceDb_Dev' on server 'tcp://localhost:5432' is being disposed after spending 10ms reading results.
2025-12-16 20:16:06.964 +03:00 [DBG] Closing connection to database 'AuthServiceDb_Dev' on server 'tcp://localhost:5432'.
2025-12-16 20:16:06.965 +03:00 [DBG] Closed connection to database 'AuthServiceDb_Dev' on server 'tcp://localhost:5432' (0ms).
2025-12-16 20:16:06.972 +03:00 [DBG] An entity of type 'User' tracked by 'AuthDbContext' changed state from '"Added"' to '"Unchanged"'. Consider using 'DbContextOptionsBuilder.EnableSensitiveDataLogging' to see key values.
2025-12-16 20:16:06.973 +03:00 [DBG] SaveChanges completed for 'AuthDbContext' with 1 entities written to the database.
2025-12-16 20:16:06.975 +03:00 [DBG] Compiling query expression: 
'DbSet<OperationClaim>()
    .FirstOrDefault(oc => oc.Name == __name_0)'
2025-12-16 20:16:06.979 +03:00 [DBG] Generated query execution expression: 
'queryContext => new SingleQueryingEnumerable<OperationClaim>(
    (RelationalQueryContext)queryContext, 
    RelationalCommandCache.QueryExpression(
        Projection Mapping:
            EmptyProjectionMember -> Dictionary<IProperty, int> { [Property: OperationClaim.Id (int) Required PK AfterSave:Throw ValueGenerated.OnAdd, 0], [Property: OperationClaim.CreatedDate (DateTime) Required, 1], [Property: OperationClaim.Description (string) MaxLength(200), 2], [Property: OperationClaim.Name (string) Required Index MaxLength(50), 3] }
        SELECT TOP(1) o.Id, o.CreatedDate, o.Description, o.Name
        FROM OperationClaims AS o
        WHERE o.Name == @__name_0), 
    null, 
    Func<QueryContext, DbDataReader, ResultContext, SingleQueryResultCoordinator, OperationClaim>, 
    AuthService.DataAccess.Concrete.EntityFramework.AuthDbContext, 
    False, 
    False, 
    True
)
    .SingleOrDefault()'
2025-12-16 20:16:06.980 +03:00 [DBG] Opening connection to database 'AuthServiceDb_Dev' on server 'tcp://localhost:5432'.
2025-12-16 20:16:06.981 +03:00 [DBG] Opened connection to database 'AuthServiceDb_Dev' on server 'tcp://localhost:5432'.
2025-12-16 20:16:06.982 +03:00 [DBG] Creating DbCommand for 'ExecuteReader'.
2025-12-16 20:16:06.983 +03:00 [DBG] Created DbCommand for 'ExecuteReader' (0ms).
2025-12-16 20:16:06.983 +03:00 [DBG] Initialized DbCommand for 'ExecuteReader' (1ms).
2025-12-16 20:16:06.984 +03:00 [DBG] Executing DbCommand [Parameters=[@__name_0='?'], CommandType='"Text"', CommandTimeout='30']
SELECT o."Id", o."CreatedDate", o."Description", o."Name"
FROM "OperationClaims" AS o
WHERE o."Name" = @__name_0
LIMIT 1
2025-12-16 20:16:06.987 +03:00 [INF] Executed DbCommand (3ms) [Parameters=[@__name_0='?'], CommandType='"Text"', CommandTimeout='30']
SELECT o."Id", o."CreatedDate", o."Description", o."Name"
FROM "OperationClaims" AS o
WHERE o."Name" = @__name_0
LIMIT 1
2025-12-16 20:16:06.994 +03:00 [DBG] Context 'AuthDbContext' started tracking 'OperationClaim' entity. Consider using 'DbContextOptionsBuilder.EnableSensitiveDataLogging' to see key values.
2025-12-16 20:16:06.999 +03:00 [DBG] Closing data reader to 'AuthServiceDb_Dev' on server 'tcp://localhost:5432'.
2025-12-16 20:16:07.000 +03:00 [DBG] A data reader for 'AuthServiceDb_Dev' on server 'tcp://localhost:5432' is being disposed after spending 11ms reading results.
2025-12-16 20:16:07.001 +03:00 [DBG] Closing connection to database 'AuthServiceDb_Dev' on server 'tcp://localhost:5432'.
2025-12-16 20:16:07.002 +03:00 [DBG] Closed connection to database 'AuthServiceDb_Dev' on server 'tcp://localhost:5432' (0ms).
2025-12-16 20:16:07.005 +03:00 [DBG] 'AuthDbContext' generated a temporary value for the property 'UserOperationClaim.Id'. Consider using 'DbContextOptionsBuilder.EnableSensitiveDataLogging' to see key values.
2025-12-16 20:16:07.012 +03:00 [DBG] The navigation 'UserOperationClaim.OperationClaim' was detected as changed. Consider using 'DbContextOptionsBuilder.EnableSensitiveDataLogging' to see key values.
2025-12-16 20:16:07.019 +03:00 [DBG] The navigation 'UserOperationClaim.User' was detected as changed. Consider using 'DbContextOptionsBuilder.EnableSensitiveDataLogging' to see key values.
2025-12-16 20:16:07.021 +03:00 [DBG] Context 'AuthDbContext' started tracking 'UserOperationClaim' entity. Consider using 'DbContextOptionsBuilder.EnableSensitiveDataLogging' to see key values.
2025-12-16 20:16:07.022 +03:00 [DBG] SaveChanges starting for 'AuthDbContext'.
2025-12-16 20:16:07.023 +03:00 [DBG] DetectChanges starting for 'AuthDbContext'.
2025-12-16 20:16:07.028 +03:00 [DBG] DetectChanges completed for 'AuthDbContext'.
2025-12-16 20:16:07.030 +03:00 [DBG] Opening connection to database 'AuthServiceDb_Dev' on server 'tcp://localhost:5432'.
2025-12-16 20:16:07.031 +03:00 [DBG] Opened connection to database 'AuthServiceDb_Dev' on server 'tcp://localhost:5432'.
2025-12-16 20:16:07.032 +03:00 [DBG] Creating DbCommand for 'ExecuteReader'.
2025-12-16 20:16:07.033 +03:00 [DBG] Created DbCommand for 'ExecuteReader' (0ms).
2025-12-16 20:16:07.034 +03:00 [DBG] Initialized DbCommand for 'ExecuteReader' (1ms).
2025-12-16 20:16:07.035 +03:00 [DBG] Executing DbCommand [Parameters=[@p0='?' (DbType = DateTime), @p1='?' (DbType = Int32), @p2='?' (DbType = Int32)], CommandType='"Text"', CommandTimeout='30']
INSERT INTO "UserOperationClaims" ("CreatedDate", "OperationClaimId", "UserId")
VALUES (@p0, @p1, @p2)
RETURNING "Id";
2025-12-16 20:16:07.038 +03:00 [INF] Executed DbCommand (3ms) [Parameters=[@p0='?' (DbType = DateTime), @p1='?' (DbType = Int32), @p2='?' (DbType = Int32)], CommandType='"Text"', CommandTimeout='30']
INSERT INTO "UserOperationClaims" ("CreatedDate", "OperationClaimId", "UserId")
VALUES (@p0, @p1, @p2)
RETURNING "Id";
2025-12-16 20:16:07.040 +03:00 [DBG] The foreign key property 'UserOperationClaim.Id' was detected as changed. Consider using 'DbContextOptionsBuilder.EnableSensitiveDataLogging' to see property values.
2025-12-16 20:16:07.042 +03:00 [DBG] Closing data reader to 'AuthServiceDb_Dev' on server 'tcp://localhost:5432'.
2025-12-16 20:16:07.043 +03:00 [DBG] A data reader for 'AuthServiceDb_Dev' on server 'tcp://localhost:5432' is being disposed after spending 3ms reading results.
2025-12-16 20:16:07.044 +03:00 [DBG] Closing connection to database 'AuthServiceDb_Dev' on server 'tcp://localhost:5432'.
2025-12-16 20:16:07.044 +03:00 [DBG] Closed connection to database 'AuthServiceDb_Dev' on server 'tcp://localhost:5432' (0ms).
2025-12-16 20:16:07.046 +03:00 [DBG] An entity of type 'UserOperationClaim' tracked by 'AuthDbContext' changed state from '"Added"' to '"Unchanged"'. Consider using 'DbContextOptionsBuilder.EnableSensitiveDataLogging' to see key values.
2025-12-16 20:16:07.047 +03:00 [DBG] SaveChanges completed for 'AuthDbContext' with 1 entities written to the database.
2025-12-16 20:16:07.053 +03:00 [DBG] Compiling query expression: 
'DbSet<OperationClaim>()
    .Join(
        inner: DbSet<UserOperationClaim>(), 
        outerKeySelector: operationClaim => operationClaim.Id, 
        innerKeySelector: userOperationClaim => userOperationClaim.OperationClaimId, 
        resultSelector: (operationClaim, userOperationClaim) => new { 
            operationClaim = operationClaim, 
            userOperationClaim = userOperationClaim
         })
    .Where(<>h__TransparentIdentifier0 => <>h__TransparentIdentifier0.userOperationClaim.UserId == __user_Id_0)
    .Select(<>h__TransparentIdentifier0 => new OperationClaim{ 
        Id = <>h__TransparentIdentifier0.operationClaim.Id, 
        Name = <>h__TransparentIdentifier0.operationClaim.Name, 
        Description = <>h__TransparentIdentifier0.operationClaim.Description 
    }
    )'
2025-12-16 20:16:07.088 +03:00 [DBG] Generated query execution expression: 
'queryContext => new SingleQueryingEnumerable<OperationClaim>(
    (RelationalQueryContext)queryContext, 
    RelationalCommandCache.QueryExpression(
        Projection Mapping:
            Id -> 0
            Name -> 1
            Description -> 2
        SELECT o.Id, o.Name, o.Description
        FROM OperationClaims AS o
        INNER JOIN UserOperationClaims AS u ON o.Id == u.OperationClaimId
        WHERE u.UserId == @__user_Id_0), 
    null, 
    Func<QueryContext, DbDataReader, ResultContext, SingleQueryResultCoordinator, OperationClaim>, 
    AuthService.DataAccess.Concrete.EntityFramework.AuthDbContext, 
    False, 
    False, 
    True
)'
2025-12-16 20:16:07.090 +03:00 [DBG] Opening connection to database 'AuthServiceDb_Dev' on server 'tcp://localhost:5432'.
2025-12-16 20:16:07.090 +03:00 [DBG] Opened connection to database 'AuthServiceDb_Dev' on server 'tcp://localhost:5432'.
2025-12-16 20:16:07.091 +03:00 [DBG] Creating DbCommand for 'ExecuteReader'.
2025-12-16 20:16:07.092 +03:00 [DBG] Created DbCommand for 'ExecuteReader' (0ms).
2025-12-16 20:16:07.093 +03:00 [DBG] Initialized DbCommand for 'ExecuteReader' (1ms).
2025-12-16 20:16:07.094 +03:00 [DBG] Executing DbCommand [Parameters=[@__user_Id_0='?' (DbType = Int32)], CommandType='"Text"', CommandTimeout='30']
SELECT o."Id", o."Name", o."Description"
FROM "OperationClaims" AS o
INNER JOIN "UserOperationClaims" AS u ON o."Id" = u."OperationClaimId"
WHERE u."UserId" = @__user_Id_0
2025-12-16 20:16:07.097 +03:00 [INF] Executed DbCommand (3ms) [Parameters=[@__user_Id_0='?' (DbType = Int32)], CommandType='"Text"', CommandTimeout='30']
SELECT o."Id", o."Name", o."Description"
FROM "OperationClaims" AS o
INNER JOIN "UserOperationClaims" AS u ON o."Id" = u."OperationClaimId"
WHERE u."UserId" = @__user_Id_0
2025-12-16 20:16:07.099 +03:00 [DBG] Closing data reader to 'AuthServiceDb_Dev' on server 'tcp://localhost:5432'.
2025-12-16 20:16:07.099 +03:00 [DBG] A data reader for 'AuthServiceDb_Dev' on server 'tcp://localhost:5432' is being disposed after spending 1ms reading results.
2025-12-16 20:16:07.101 +03:00 [DBG] Closing connection to database 'AuthServiceDb_Dev' on server 'tcp://localhost:5432'.
2025-12-16 20:16:07.101 +03:00 [DBG] Closed connection to database 'AuthServiceDb_Dev' on server 'tcp://localhost:5432' (0ms).
2025-12-16 20:16:07.124 +03:00 [DBG] The unchanged property 'User.RefreshToken' was detected as changed and will be marked as modified. Consider using 'DbContextOptionsBuilder.EnableSensitiveDataLogging' to see property values.
2025-12-16 20:16:07.125 +03:00 [DBG] An entity of type 'User' tracked by 'AuthDbContext' changed state from '"Unchanged"' to '"Modified"'. Consider using 'DbContextOptionsBuilder.EnableSensitiveDataLogging' to see key values.
2025-12-16 20:16:07.126 +03:00 [DBG] The unchanged property 'User.RefreshTokenExpiration' was detected as changed and will be marked as modified. Consider using 'DbContextOptionsBuilder.EnableSensitiveDataLogging' to see property values.
2025-12-16 20:16:07.127 +03:00 [DBG] SaveChanges starting for 'AuthDbContext'.
2025-12-16 20:16:07.128 +03:00 [DBG] DetectChanges starting for 'AuthDbContext'.
2025-12-16 20:16:07.129 +03:00 [DBG] DetectChanges completed for 'AuthDbContext'.
2025-12-16 20:16:07.136 +03:00 [DBG] Opening connection to database 'AuthServiceDb_Dev' on server 'tcp://localhost:5432'.
2025-12-16 20:16:07.137 +03:00 [DBG] Opened connection to database 'AuthServiceDb_Dev' on server 'tcp://localhost:5432'.
2025-12-16 20:16:07.138 +03:00 [DBG] Creating DbCommand for 'ExecuteReader'.
2025-12-16 20:16:07.139 +03:00 [DBG] Created DbCommand for 'ExecuteReader' (0ms).
2025-12-16 20:16:07.140 +03:00 [DBG] Initialized DbCommand for 'ExecuteReader' (1ms).
2025-12-16 20:16:07.141 +03:00 [DBG] Executing DbCommand [Parameters=[@p15='?' (DbType = Int32), @p0='?' (DbType = DateTime), @p1='?', @p2='?' (DbType = Int32), @p3='?', @p4='?', @p5='?' (DbType = Boolean), @p6='?', @p7='?' (DbType = DateTime), @p8='?' (DbType = Binary), @p9='?' (DbType = Binary), @p10='?', @p11='?', @p12='?' (DbType = DateTime), @p13='?' (DbType = Boolean), @p14='?' (DbType = DateTime)], CommandType='"Text"', CommandTimeout='30']
UPDATE "Users" SET "CreatedDate" = @p0, "Email" = @p1, "FailedLoginAttempts" = @p2, "FirstName" = @p3, "IdentityNumber" = @p4, "IsEmailVerified" = @p5, "LastName" = @p6, "LockoutEndTime" = @p7, "PasswordHash" = @p8, "PasswordSalt" = @p9, "PhoneNumber" = @p10, "RefreshToken" = @p11, "RefreshTokenExpiration" = @p12, "Status" = @p13, "UpdatedDate" = @p14
WHERE "Id" = @p15;
2025-12-16 20:16:07.143 +03:00 [INF] Executed DbCommand (3ms) [Parameters=[@p15='?' (DbType = Int32), @p0='?' (DbType = DateTime), @p1='?', @p2='?' (DbType = Int32), @p3='?', @p4='?', @p5='?' (DbType = Boolean), @p6='?', @p7='?' (DbType = DateTime), @p8='?' (DbType = Binary), @p9='?' (DbType = Binary), @p10='?', @p11='?', @p12='?' (DbType = DateTime), @p13='?' (DbType = Boolean), @p14='?' (DbType = DateTime)], CommandType='"Text"', CommandTimeout='30']
UPDATE "Users" SET "CreatedDate" = @p0, "Email" = @p1, "FailedLoginAttempts" = @p2, "FirstName" = @p3, "IdentityNumber" = @p4, "IsEmailVerified" = @p5, "LastName" = @p6, "LockoutEndTime" = @p7, "PasswordHash" = @p8, "PasswordSalt" = @p9, "PhoneNumber" = @p10, "RefreshToken" = @p11, "RefreshTokenExpiration" = @p12, "Status" = @p13, "UpdatedDate" = @p14
WHERE "Id" = @p15;
2025-12-16 20:16:07.145 +03:00 [DBG] Closing data reader to 'AuthServiceDb_Dev' on server 'tcp://localhost:5432'.
2025-12-16 20:16:07.146 +03:00 [DBG] A data reader for 'AuthServiceDb_Dev' on server 'tcp://localhost:5432' is being disposed after spending 1ms reading results.
2025-12-16 20:16:07.147 +03:00 [DBG] Closing connection to database 'AuthServiceDb_Dev' on server 'tcp://localhost:5432'.
2025-12-16 20:16:07.148 +03:00 [DBG] Closed connection to database 'AuthServiceDb_Dev' on server 'tcp://localhost:5432' (0ms).
2025-12-16 20:16:07.150 +03:00 [DBG] An entity of type 'User' tracked by 'AuthDbContext' changed state from '"Modified"' to '"Unchanged"'. Consider using 'DbContextOptionsBuilder.EnableSensitiveDataLogging' to see key values.
2025-12-16 20:16:07.151 +03:00 [DBG] SaveChanges completed for 'AuthDbContext' with 1 entities written to the database.
2025-12-16 20:16:11.739 +03:00 [INF] Start processing HTTP request POST https://localhost:7296/api/Patients
2025-12-16 20:16:11.743 +03:00 [INF] Sending HTTP request POST https://localhost:7296/api/Patients
2025-12-16 20:16:11.806 +03:00 [DBG] List of registered output formatters, in the following order: ["Microsoft.AspNetCore.Mvc.Formatters.HttpNoContentOutputFormatter","Microsoft.AspNetCore.Mvc.Formatters.StringOutputFormatter","Microsoft.AspNetCore.Mvc.Formatters.StreamOutputFormatter","Microsoft.AspNetCore.Mvc.Formatters.SystemTextJsonOutputFormatter"]
2025-12-16 20:16:11.809 +03:00 [DBG] Attempting to select an output formatter based on Accept header '["application/json"]' and explicitly specified content types '["application/json"]'. The content types in the accept header must be a subset of the explicitly set content types.
2025-12-16 20:16:11.812 +03:00 [DBG] Selected output formatter 'Microsoft.AspNetCore.Mvc.Formatters.SystemTextJsonOutputFormatter' and content type 'application/json' to write the response.
2025-12-16 20:16:11.813 +03:00 [INF] Executing OkObjectResult, writing value of type 'Core.Extensions.ApiResponse`1[[AuthService.Entities.DTOs.TokenDto, AuthService.Entities, Version=1.0.0.0, Culture=neutral, PublicKeyToken=null]]'.
2025-12-16 20:16:11.825 +03:00 [INF] Executed action AuthService.API.Controllers.AuthController.Register (AuthService.API) in 7516.4556ms
2025-12-16 20:16:11.827 +03:00 [INF] Executed endpoint 'AuthService.API.Controllers.AuthController.Register (AuthService.API)'
2025-12-16 20:16:11.830 +03:00 [INF] [User: Anonymous] [IP: ::1] POST /api/Auth/register -> 200
2025-12-16 20:16:11.833 +03:00 [DBG] 'AuthDbContext' disposed.
2025-12-16 20:16:11.836 +03:00 [DBG] Disposing connection to database 'AuthServiceDb_Dev' on server 'tcp://localhost:5432'.
2025-12-16 20:16:11.838 +03:00 [DBG] Disposed connection to database 'AuthServiceDb_Dev' on server 'tcp://localhost:5432' (2ms).
2025-12-16 20:16:11.840 +03:00 [INF] Request finished HTTP/2 POST https://localhost:7001/api/Auth/register - 200 null application/json; charset=utf-8 7635.0633ms
2025-12-16 20:21:14.536 +03:00 [DBG] Registered model binder providers, in the following order: ["Microsoft.AspNetCore.Mvc.ModelBinding.Binders.BinderTypeModelBinderProvider","Microsoft.AspNetCore.Mvc.ModelBinding.Binders.ServicesModelBinderProvider","Microsoft.AspNetCore.Mvc.ModelBinding.Binders.BodyModelBinderProvider","Microsoft.AspNetCore.Mvc.ModelBinding.Binders.HeaderModelBinderProvider","Microsoft.AspNetCore.Mvc.ModelBinding.Binders.FloatingPointTypeModelBinderProvider","Microsoft.AspNetCore.Mvc.ModelBinding.Binders.EnumTypeModelBinderProvider","Microsoft.AspNetCore.Mvc.ModelBinding.Binders.DateTimeModelBinderProvider","Microsoft.AspNetCore.Mvc.ModelBinding.Binders.SimpleTypeModelBinderProvider","Microsoft.AspNetCore.Mvc.ModelBinding.Binders.TryParseModelBinderProvider","Microsoft.AspNetCore.Mvc.ModelBinding.Binders.CancellationTokenModelBinderProvider","Microsoft.AspNetCore.Mvc.ModelBinding.Binders.ByteArrayModelBinderProvider","Microsoft.AspNetCore.Mvc.ModelBinding.Binders.FormFileModelBinderProvider","Microsoft.AspNetCore.Mvc.ModelBinding.Binders.FormCollectionModelBinderProvider","Microsoft.AspNetCore.Mvc.ModelBinding.Binders.KeyValuePairModelBinderProvider","Microsoft.AspNetCore.Mvc.ModelBinding.Binders.DictionaryModelBinderProvider","Microsoft.AspNetCore.Mvc.ModelBinding.Binders.ArrayModelBinderProvider","Microsoft.AspNetCore.Mvc.ModelBinding.Binders.CollectionModelBinderProvider","Microsoft.AspNetCore.Mvc.ModelBinding.Binders.ComplexObjectModelBinderProvider"]
2025-12-16 20:21:14.748 +03:00 [DBG] An 'IServiceProvider' was created for internal use by Entity Framework.
2025-12-16 20:21:15.046 +03:00 [DBG] The index {'UserId'} was not created on entity type 'UserOperationClaim' as the properties are already covered by the index {'UserId', 'OperationClaimId'}.
2025-12-16 20:21:15.237 +03:00 [DBG] Entity Framework Core 8.0.17 initialized 'AuthDbContext' using provider 'Npgsql.EntityFrameworkCore.PostgreSQL:8.0.10+18d07c54eacaffa5bf8128d47eecdb5255d86376' with options: None
2025-12-16 20:21:15.247 +03:00 [DBG] Creating DbConnection.
2025-12-16 20:21:15.277 +03:00 [DBG] Created DbConnection. (29ms).
2025-12-16 20:21:15.284 +03:00 [DBG] Opening connection to database 'AuthServiceDb_Dev' on server 'tcp://localhost:5432'.
2025-12-16 20:21:15.387 +03:00 [DBG] Opened connection to database 'AuthServiceDb_Dev' on server 'tcp://localhost:5432'.
2025-12-16 20:21:15.389 +03:00 [DBG] Closing connection to database 'AuthServiceDb_Dev' on server 'tcp://localhost:5432'.
2025-12-16 20:21:15.396 +03:00 [DBG] Closed connection to database 'AuthServiceDb_Dev' on server 'tcp://localhost:5432' (4ms).
2025-12-16 20:21:15.400 +03:00 [DBG] Creating DbCommand for 'ExecuteScalar'.
2025-12-16 20:21:15.405 +03:00 [DBG] Created DbCommand for 'ExecuteScalar' (3ms).
2025-12-16 20:21:15.407 +03:00 [DBG] Initialized DbCommand for 'ExecuteScalar' (7ms).
2025-12-16 20:21:15.409 +03:00 [DBG] Opening connection to database 'AuthServiceDb_Dev' on server 'tcp://localhost:5432'.
2025-12-16 20:21:15.467 +03:00 [DBG] Opened connection to database 'AuthServiceDb_Dev' on server 'tcp://localhost:5432'.
2025-12-16 20:21:15.475 +03:00 [DBG] Executing DbCommand [Parameters=[], CommandType='"Text"', CommandTimeout='30']
SELECT EXISTS (
    SELECT 1 FROM pg_catalog.pg_class c
    JOIN pg_catalog.pg_namespace n ON n.oid=c.relnamespace
    WHERE n.nspname='public' AND
          c.relname='__EFMigrationsHistory'
)
2025-12-16 20:21:15.523 +03:00 [INF] Executed DbCommand (47ms) [Parameters=[], CommandType='"Text"', CommandTimeout='30']
SELECT EXISTS (
    SELECT 1 FROM pg_catalog.pg_class c
    JOIN pg_catalog.pg_namespace n ON n.oid=c.relnamespace
    WHERE n.nspname='public' AND
          c.relname='__EFMigrationsHistory'
)
2025-12-16 20:21:15.526 +03:00 [DBG] Closing connection to database 'AuthServiceDb_Dev' on server 'tcp://localhost:5432'.
2025-12-16 20:21:15.528 +03:00 [DBG] Closed connection to database 'AuthServiceDb_Dev' on server 'tcp://localhost:5432' (1ms).
2025-12-16 20:21:15.537 +03:00 [DBG] Opening connection to database 'AuthServiceDb_Dev' on server 'tcp://localhost:5432'.
2025-12-16 20:21:15.538 +03:00 [DBG] Opened connection to database 'AuthServiceDb_Dev' on server 'tcp://localhost:5432'.
2025-12-16 20:21:15.539 +03:00 [DBG] Creating DbCommand for 'ExecuteReader'.
2025-12-16 20:21:15.540 +03:00 [DBG] Created DbCommand for 'ExecuteReader' (0ms).
2025-12-16 20:21:15.541 +03:00 [DBG] Initialized DbCommand for 'ExecuteReader' (1ms).
2025-12-16 20:21:15.542 +03:00 [DBG] Executing DbCommand [Parameters=[], CommandType='"Text"', CommandTimeout='30']
SELECT "MigrationId", "ProductVersion"
FROM "__EFMigrationsHistory"
ORDER BY "MigrationId";
2025-12-16 20:21:15.545 +03:00 [INF] Executed DbCommand (4ms) [Parameters=[], CommandType='"Text"', CommandTimeout='30']
SELECT "MigrationId", "ProductVersion"
FROM "__EFMigrationsHistory"
ORDER BY "MigrationId";
2025-12-16 20:21:15.552 +03:00 [DBG] Closing data reader to 'AuthServiceDb_Dev' on server 'tcp://localhost:5432'.
2025-12-16 20:21:15.554 +03:00 [DBG] A data reader for 'AuthServiceDb_Dev' on server 'tcp://localhost:5432' is being disposed after spending 6ms reading results.
2025-12-16 20:21:15.555 +03:00 [DBG] Closing connection to database 'AuthServiceDb_Dev' on server 'tcp://localhost:5432'.
2025-12-16 20:21:15.556 +03:00 [DBG] Closed connection to database 'AuthServiceDb_Dev' on server 'tcp://localhost:5432' (1ms).
2025-12-16 20:21:15.558 +03:00 [DBG] Migrating using database 'AuthServiceDb_Dev' on server 'tcp://localhost:5432'.
2025-12-16 20:21:15.559 +03:00 [DBG] Opening connection to database 'AuthServiceDb_Dev' on server 'tcp://localhost:5432'.
2025-12-16 20:21:15.701 +03:00 [DBG] Opened connection to database 'AuthServiceDb_Dev' on server 'tcp://localhost:5432'.
2025-12-16 20:21:15.702 +03:00 [DBG] Closing connection to database 'AuthServiceDb_Dev' on server 'tcp://localhost:5432'.
2025-12-16 20:21:15.703 +03:00 [DBG] Closed connection to database 'AuthServiceDb_Dev' on server 'tcp://localhost:5432' (1ms).
2025-12-16 20:21:15.705 +03:00 [DBG] Creating DbCommand for 'ExecuteScalar'.
2025-12-16 20:21:15.705 +03:00 [DBG] Created DbCommand for 'ExecuteScalar' (0ms).
2025-12-16 20:21:15.706 +03:00 [DBG] Initialized DbCommand for 'ExecuteScalar' (1ms).
2025-12-16 20:21:15.707 +03:00 [DBG] Opening connection to database 'AuthServiceDb_Dev' on server 'tcp://localhost:5432'.
2025-12-16 20:21:15.708 +03:00 [DBG] Opened connection to database 'AuthServiceDb_Dev' on server 'tcp://localhost:5432'.
2025-12-16 20:21:15.709 +03:00 [DBG] Executing DbCommand [Parameters=[], CommandType='"Text"', CommandTimeout='30']
SELECT EXISTS (
    SELECT 1 FROM pg_catalog.pg_class c
    JOIN pg_catalog.pg_namespace n ON n.oid=c.relnamespace
    WHERE n.nspname='public' AND
          c.relname='__EFMigrationsHistory'
)
2025-12-16 20:21:15.711 +03:00 [INF] Executed DbCommand (2ms) [Parameters=[], CommandType='"Text"', CommandTimeout='30']
SELECT EXISTS (
    SELECT 1 FROM pg_catalog.pg_class c
    JOIN pg_catalog.pg_namespace n ON n.oid=c.relnamespace
    WHERE n.nspname='public' AND
          c.relname='__EFMigrationsHistory'
)
2025-12-16 20:21:15.712 +03:00 [DBG] Closing connection to database 'AuthServiceDb_Dev' on server 'tcp://localhost:5432'.
2025-12-16 20:21:15.713 +03:00 [DBG] Closed connection to database 'AuthServiceDb_Dev' on server 'tcp://localhost:5432' (0ms).
2025-12-16 20:21:15.714 +03:00 [DBG] Opening connection to database 'AuthServiceDb_Dev' on server 'tcp://localhost:5432'.
2025-12-16 20:21:15.754 +03:00 [DBG] Opened connection to database 'AuthServiceDb_Dev' on server 'tcp://localhost:5432'.
2025-12-16 20:21:15.756 +03:00 [DBG] Closing connection to database 'AuthServiceDb_Dev' on server 'tcp://localhost:5432'.
2025-12-16 20:21:15.757 +03:00 [DBG] Closed connection to database 'AuthServiceDb_Dev' on server 'tcp://localhost:5432' (1ms).
2025-12-16 20:21:15.758 +03:00 [DBG] Creating DbCommand for 'ExecuteScalar'.
2025-12-16 20:21:15.759 +03:00 [DBG] Created DbCommand for 'ExecuteScalar' (0ms).
2025-12-16 20:21:15.759 +03:00 [DBG] Initialized DbCommand for 'ExecuteScalar' (1ms).
2025-12-16 20:21:15.760 +03:00 [DBG] Opening connection to database 'AuthServiceDb_Dev' on server 'tcp://localhost:5432'.
2025-12-16 20:21:15.761 +03:00 [DBG] Opened connection to database 'AuthServiceDb_Dev' on server 'tcp://localhost:5432'.
2025-12-16 20:21:15.762 +03:00 [DBG] Executing DbCommand [Parameters=[], CommandType='"Text"', CommandTimeout='30']
SELECT EXISTS (
    SELECT 1 FROM pg_catalog.pg_class c
    JOIN pg_catalog.pg_namespace n ON n.oid=c.relnamespace
    WHERE n.nspname='public' AND
          c.relname='__EFMigrationsHistory'
)
2025-12-16 20:21:15.764 +03:00 [INF] Executed DbCommand (2ms) [Parameters=[], CommandType='"Text"', CommandTimeout='30']
SELECT EXISTS (
    SELECT 1 FROM pg_catalog.pg_class c
    JOIN pg_catalog.pg_namespace n ON n.oid=c.relnamespace
    WHERE n.nspname='public' AND
          c.relname='__EFMigrationsHistory'
)
2025-12-16 20:21:15.765 +03:00 [DBG] Closing connection to database 'AuthServiceDb_Dev' on server 'tcp://localhost:5432'.
2025-12-16 20:21:15.766 +03:00 [DBG] Closed connection to database 'AuthServiceDb_Dev' on server 'tcp://localhost:5432' (0ms).
2025-12-16 20:21:15.768 +03:00 [DBG] Opening connection to database 'AuthServiceDb_Dev' on server 'tcp://localhost:5432'.
2025-12-16 20:21:15.769 +03:00 [DBG] Opened connection to database 'AuthServiceDb_Dev' on server 'tcp://localhost:5432'.
2025-12-16 20:21:15.769 +03:00 [DBG] Creating DbCommand for 'ExecuteReader'.
2025-12-16 20:21:15.770 +03:00 [DBG] Created DbCommand for 'ExecuteReader' (0ms).
2025-12-16 20:21:15.771 +03:00 [DBG] Initialized DbCommand for 'ExecuteReader' (1ms).
2025-12-16 20:21:15.772 +03:00 [DBG] Executing DbCommand [Parameters=[], CommandType='"Text"', CommandTimeout='30']
SELECT "MigrationId", "ProductVersion"
FROM "__EFMigrationsHistory"
ORDER BY "MigrationId";
2025-12-16 20:21:15.773 +03:00 [INF] Executed DbCommand (2ms) [Parameters=[], CommandType='"Text"', CommandTimeout='30']
SELECT "MigrationId", "ProductVersion"
FROM "__EFMigrationsHistory"
ORDER BY "MigrationId";
2025-12-16 20:21:15.775 +03:00 [DBG] Closing data reader to 'AuthServiceDb_Dev' on server 'tcp://localhost:5432'.
2025-12-16 20:21:15.776 +03:00 [DBG] A data reader for 'AuthServiceDb_Dev' on server 'tcp://localhost:5432' is being disposed after spending 0ms reading results.
2025-12-16 20:21:15.777 +03:00 [DBG] Closing connection to database 'AuthServiceDb_Dev' on server 'tcp://localhost:5432'.
2025-12-16 20:21:15.778 +03:00 [DBG] Closed connection to database 'AuthServiceDb_Dev' on server 'tcp://localhost:5432' (0ms).
2025-12-16 20:21:15.786 +03:00 [INF] No migrations were applied. The database is already up to date.
2025-12-16 20:21:15.788 +03:00 [INF] Database migrations applied successfully.
2025-12-16 20:21:15.789 +03:00 [DBG] 'AuthDbContext' disposed.
2025-12-16 20:21:15.791 +03:00 [DBG] Disposing connection to database 'AuthServiceDb_Dev' on server 'tcp://localhost:5432'.
2025-12-16 20:21:15.792 +03:00 [DBG] Disposed connection to database 'AuthServiceDb_Dev' on server 'tcp://localhost:5432' (1ms).
2025-12-16 20:21:15.795 +03:00 [DBG] Hosting starting
2025-12-16 20:21:15.817 +03:00 [INF] User profile is available. Using 'C:\Users\atura\AppData\Local\ASP.NET\DataProtection-Keys' as key repository and Windows DPAPI to encrypt keys at rest.
2025-12-16 20:21:15.834 +03:00 [DBG] Reading data from file 'C:\Users\atura\AppData\Local\ASP.NET\DataProtection-Keys\key-2b41731a-ff2b-4c58-8083-9dd2e8e06c02.xml'.
2025-12-16 20:21:15.839 +03:00 [DBG] Reading data from file 'C:\Users\atura\AppData\Local\ASP.NET\DataProtection-Keys\key-b1bfbf17-5e54-4bcd-856c-81e8ff116985.xml'.
2025-12-16 20:21:15.840 +03:00 [DBG] Reading data from file 'C:\Users\atura\AppData\Local\ASP.NET\DataProtection-Keys\key-d4db8ae3-c3b6-4a1e-a8e6-5ce936ab3dc1.xml'.
2025-12-16 20:21:15.841 +03:00 [DBG] Reading data from file 'C:\Users\atura\AppData\Local\ASP.NET\DataProtection-Keys\key-d528c6a9-5739-4b20-b71f-eef16136c0e0.xml'.
2025-12-16 20:21:15.842 +03:00 [DBG] Reading data from file 'C:\Users\atura\AppData\Local\ASP.NET\DataProtection-Keys\key-f197c843-1f03-4bc8-9e1b-7ef1bcdd878d.xml'.
2025-12-16 20:21:15.847 +03:00 [DBG] Found key {2b41731a-ff2b-4c58-8083-9dd2e8e06c02}.
2025-12-16 20:21:15.850 +03:00 [DBG] Found key {b1bfbf17-5e54-4bcd-856c-81e8ff116985}.
2025-12-16 20:21:15.851 +03:00 [DBG] Found key {d4db8ae3-c3b6-4a1e-a8e6-5ce936ab3dc1}.
2025-12-16 20:21:15.852 +03:00 [DBG] Found key {d528c6a9-5739-4b20-b71f-eef16136c0e0}.
2025-12-16 20:21:15.853 +03:00 [DBG] Found key {f197c843-1f03-4bc8-9e1b-7ef1bcdd878d}.
2025-12-16 20:21:15.857 +03:00 [DBG] Considering key {d528c6a9-5739-4b20-b71f-eef16136c0e0} with expiration date 2026-01-16 09:53:55Z as default key.
2025-12-16 20:21:15.861 +03:00 [DBG] Forwarded activator type request from Microsoft.AspNetCore.DataProtection.XmlEncryption.DpapiXmlDecryptor, Microsoft.AspNetCore.DataProtection, Version=8.0.0.0, Culture=neutral, PublicKeyToken=adb9793829ddae60 to Microsoft.AspNetCore.DataProtection.XmlEncryption.DpapiXmlDecryptor, Microsoft.AspNetCore.DataProtection, Culture=neutral, PublicKeyToken=adb9793829ddae60
2025-12-16 20:21:15.862 +03:00 [DBG] Decrypting secret element using Windows DPAPI.
2025-12-16 20:21:15.863 +03:00 [DBG] Forwarded activator type request from Microsoft.AspNetCore.DataProtection.AuthenticatedEncryption.ConfigurationModel.AuthenticatedEncryptorDescriptorDeserializer, Microsoft.AspNetCore.DataProtection, Version=8.0.0.0, Culture=neutral, PublicKeyToken=adb9793829ddae60 to Microsoft.AspNetCore.DataProtection.AuthenticatedEncryption.ConfigurationModel.AuthenticatedEncryptorDescriptorDeserializer, Microsoft.AspNetCore.DataProtection, Culture=neutral, PublicKeyToken=adb9793829ddae60
2025-12-16 20:21:15.866 +03:00 [DBG] Opening CNG algorithm 'AES' from provider 'null' with chaining mode CBC.
2025-12-16 20:21:15.868 +03:00 [DBG] Opening CNG algorithm 'SHA256' from provider 'null' with HMAC.
2025-12-16 20:21:15.870 +03:00 [DBG] Using key {d528c6a9-5739-4b20-b71f-eef16136c0e0} as the default key.
2025-12-16 20:21:15.871 +03:00 [DBG] Key ring with default key {d528c6a9-5739-4b20-b71f-eef16136c0e0} was loaded during application startup.
2025-12-16 20:21:16.088 +03:00 [INF] Now listening on: https://localhost:7001
2025-12-16 20:21:16.089 +03:00 [INF] Now listening on: http://localhost:5001
2025-12-16 20:21:16.090 +03:00 [DBG] Loaded hosting startup assembly AuthService.API
2025-12-16 20:21:16.091 +03:00 [DBG] Loaded hosting startup assembly Microsoft.WebTools.ApiEndpointDiscovery
2025-12-16 20:21:16.092 +03:00 [DBG] Loaded hosting startup assembly Microsoft.AspNetCore.Watch.BrowserRefresh
2025-12-16 20:21:16.093 +03:00 [DBG] Loaded hosting startup assembly Microsoft.WebTools.BrowserLink.Net
2025-12-16 20:21:16.174 +03:00 [INF] Application started. Press Ctrl+C to shut down.
2025-12-16 20:21:16.175 +03:00 [INF] Hosting environment: Development
2025-12-16 20:21:16.175 +03:00 [INF] Content root path: C:\Users\atura\OneDrive\Masaüstü\Yarışma\appointment-reservation\backend\Services\AuthService\AuthService.API
2025-12-16 20:21:16.176 +03:00 [DBG] Hosting started
2025-12-16 20:21:16.339 +03:00 [DBG] Connection id "0HNHSOU2IHGM6" received FIN.
2025-12-16 20:21:16.339 +03:00 [DBG] Connection id "0HNHSOU2IHGM5" received FIN.
2025-12-16 20:21:16.346 +03:00 [DBG] Connection id "0HNHSOU2IHGM5" accepted.
2025-12-16 20:21:16.347 +03:00 [DBG] Connection id "0HNHSOU2IHGM6" accepted.
2025-12-16 20:21:16.348 +03:00 [DBG] Connection id "0HNHSOU2IHGM5" started.
2025-12-16 20:21:16.349 +03:00 [DBG] Connection id "0HNHSOU2IHGM6" started.
2025-12-16 20:21:16.365 +03:00 [DBG] Failed to authenticate HTTPS connection.
System.IO.IOException: Received an unexpected EOF or 0 bytes from the transport stream.
   at System.Net.Security.SslStream.ReceiveHandshakeFrameAsync[TIOAdapter](CancellationToken cancellationToken)
   at System.Net.Security.SslStream.ForceAuthenticationAsync[TIOAdapter](Boolean receiveFirst, Byte[] reAuthenticationData, CancellationToken cancellationToken)
   at System.Net.Security.SslStream.ProcessAuthenticationWithTelemetryAsync(Boolean isAsync, CancellationToken cancellationToken)
   at Microsoft.AspNetCore.Server.Kestrel.Https.Internal.HttpsConnectionMiddleware.OnConnectionAsync(ConnectionContext context)
2025-12-16 20:21:16.365 +03:00 [DBG] Failed to authenticate HTTPS connection.
System.IO.IOException: Received an unexpected EOF or 0 bytes from the transport stream.
   at System.Net.Security.SslStream.ReceiveHandshakeFrameAsync[TIOAdapter](CancellationToken cancellationToken)
   at System.Net.Security.SslStream.ForceAuthenticationAsync[TIOAdapter](Boolean receiveFirst, Byte[] reAuthenticationData, CancellationToken cancellationToken)
   at System.Net.Security.SslStream.ProcessAuthenticationWithTelemetryAsync(Boolean isAsync, CancellationToken cancellationToken)
   at Microsoft.AspNetCore.Server.Kestrel.Https.Internal.HttpsConnectionMiddleware.OnConnectionAsync(ConnectionContext context)
2025-12-16 20:21:16.391 +03:00 [DBG] Connection id "0HNHSOU2IHGM6" stopped.
2025-12-16 20:21:16.391 +03:00 [DBG] Connection id "0HNHSOU2IHGM5" stopped.
2025-12-16 20:21:16.394 +03:00 [DBG] Connection id "0HNHSOU2IHGM5" sending FIN because: "The Socket transport's send loop completed gracefully."
2025-12-16 20:21:16.394 +03:00 [DBG] Connection id "0HNHSOU2IHGM6" sending FIN because: "The Socket transport's send loop completed gracefully."
2025-12-16 20:21:17.250 +03:00 [DBG] Connection id "0HNHSOU2IHGM7" accepted.
2025-12-16 20:21:17.252 +03:00 [DBG] Connection id "0HNHSOU2IHGM7" started.
2025-12-16 20:21:17.285 +03:00 [DBG] Connection 0HNHSOU2IHGM7 established using the following protocol: "Tls13"
2025-12-16 20:21:17.335 +03:00 [INF] Request starting HTTP/2 GET https://localhost:7001/swagger/index.html - null null
2025-12-16 20:21:17.410 +03:00 [DBG] Wildcard detected, all requests with hosts will be allowed.
2025-12-16 20:21:17.426 +03:00 [DBG] No candidates found for the request path '/swagger/index.html'
2025-12-16 20:21:17.427 +03:00 [DBG] Request did not match any endpoints
2025-12-16 20:21:17.481 +03:00 [DBG] Response markup is scheduled to include Browser Link script injection.
2025-12-16 20:21:17.483 +03:00 [DBG] Response markup is scheduled to include browser refresh script injection.
2025-12-16 20:21:17.488 +03:00 [DBG] Response markup was updated to include Browser Link script injection.
2025-12-16 20:21:17.491 +03:00 [DBG] Response markup was updated to include browser refresh script injection.
2025-12-16 20:21:17.496 +03:00 [INF] Request finished HTTP/2 GET https://localhost:7001/swagger/index.html - 200 null text/html;charset=utf-8 168.7027ms
2025-12-16 20:21:17.503 +03:00 [INF] Request starting HTTP/2 GET https://localhost:7001/_framework/aspnetcore-browser-refresh.js - null null
2025-12-16 20:21:17.503 +03:00 [INF] Request starting HTTP/2 GET https://localhost:7001/swagger/index.js - null null
2025-12-16 20:21:17.509 +03:00 [DBG] No candidates found for the request path '/swagger/index.js'
2025-12-16 20:21:17.511 +03:00 [DBG] Request did not match any endpoints
2025-12-16 20:21:17.513 +03:00 [INF] Request finished HTTP/2 GET https://localhost:7001/swagger/index.js - 200 null application/javascript;charset=utf-8 10.0872ms
2025-12-16 20:21:17.527 +03:00 [INF] Request starting HTTP/2 GET https://localhost:7001/_vs/browserLink - null null
2025-12-16 20:21:17.527 +03:00 [INF] Request finished HTTP/2 GET https://localhost:7001/_framework/aspnetcore-browser-refresh.js - 200 13782 application/javascript; charset=utf-8 24.7328ms
2025-12-16 20:21:17.563 +03:00 [INF] Request finished HTTP/2 GET https://localhost:7001/_vs/browserLink - 200 null text/javascript; charset=UTF-8 36.2525ms
2025-12-16 20:21:17.650 +03:00 [INF] Request starting HTTP/2 GET https://localhost:7001/swagger/v1/swagger.json - null null
2025-12-16 20:21:17.652 +03:00 [DBG] No candidates found for the request path '/swagger/v1/swagger.json'
2025-12-16 20:21:17.653 +03:00 [DBG] Request did not match any endpoints
2025-12-16 20:21:17.677 +03:00 [INF] Request finished HTTP/2 GET https://localhost:7001/swagger/v1/swagger.json - 200 null application/json;charset=utf-8 28.0314ms
2025-12-16 20:28:14.572 +03:00 [DBG] Registered model binder providers, in the following order: ["Microsoft.AspNetCore.Mvc.ModelBinding.Binders.BinderTypeModelBinderProvider","Microsoft.AspNetCore.Mvc.ModelBinding.Binders.ServicesModelBinderProvider","Microsoft.AspNetCore.Mvc.ModelBinding.Binders.BodyModelBinderProvider","Microsoft.AspNetCore.Mvc.ModelBinding.Binders.HeaderModelBinderProvider","Microsoft.AspNetCore.Mvc.ModelBinding.Binders.FloatingPointTypeModelBinderProvider","Microsoft.AspNetCore.Mvc.ModelBinding.Binders.EnumTypeModelBinderProvider","Microsoft.AspNetCore.Mvc.ModelBinding.Binders.DateTimeModelBinderProvider","Microsoft.AspNetCore.Mvc.ModelBinding.Binders.SimpleTypeModelBinderProvider","Microsoft.AspNetCore.Mvc.ModelBinding.Binders.TryParseModelBinderProvider","Microsoft.AspNetCore.Mvc.ModelBinding.Binders.CancellationTokenModelBinderProvider","Microsoft.AspNetCore.Mvc.ModelBinding.Binders.ByteArrayModelBinderProvider","Microsoft.AspNetCore.Mvc.ModelBinding.Binders.FormFileModelBinderProvider","Microsoft.AspNetCore.Mvc.ModelBinding.Binders.FormCollectionModelBinderProvider","Microsoft.AspNetCore.Mvc.ModelBinding.Binders.KeyValuePairModelBinderProvider","Microsoft.AspNetCore.Mvc.ModelBinding.Binders.DictionaryModelBinderProvider","Microsoft.AspNetCore.Mvc.ModelBinding.Binders.ArrayModelBinderProvider","Microsoft.AspNetCore.Mvc.ModelBinding.Binders.CollectionModelBinderProvider","Microsoft.AspNetCore.Mvc.ModelBinding.Binders.ComplexObjectModelBinderProvider"]
2025-12-16 20:28:14.749 +03:00 [DBG] An 'IServiceProvider' was created for internal use by Entity Framework.
2025-12-16 20:28:15.059 +03:00 [DBG] The index {'UserId'} was not created on entity type 'UserOperationClaim' as the properties are already covered by the index {'UserId', 'OperationClaimId'}.
2025-12-16 20:28:15.251 +03:00 [DBG] Entity Framework Core 8.0.17 initialized 'AuthDbContext' using provider 'Npgsql.EntityFrameworkCore.PostgreSQL:8.0.10+18d07c54eacaffa5bf8128d47eecdb5255d86376' with options: None
2025-12-16 20:28:15.261 +03:00 [DBG] Creating DbConnection.
2025-12-16 20:28:15.297 +03:00 [DBG] Created DbConnection. (35ms).
2025-12-16 20:28:15.305 +03:00 [DBG] Opening connection to database 'AuthServiceDb_Dev' on server 'tcp://localhost:5432'.
2025-12-16 20:28:15.418 +03:00 [DBG] Opened connection to database 'AuthServiceDb_Dev' on server 'tcp://localhost:5432'.
2025-12-16 20:28:15.421 +03:00 [DBG] Closing connection to database 'AuthServiceDb_Dev' on server 'tcp://localhost:5432'.
2025-12-16 20:28:15.428 +03:00 [DBG] Closed connection to database 'AuthServiceDb_Dev' on server 'tcp://localhost:5432' (4ms).
2025-12-16 20:28:15.433 +03:00 [DBG] Creating DbCommand for 'ExecuteScalar'.
2025-12-16 20:28:15.437 +03:00 [DBG] Created DbCommand for 'ExecuteScalar' (3ms).
2025-12-16 20:28:15.439 +03:00 [DBG] Initialized DbCommand for 'ExecuteScalar' (7ms).
2025-12-16 20:28:15.440 +03:00 [DBG] Opening connection to database 'AuthServiceDb_Dev' on server 'tcp://localhost:5432'.
2025-12-16 20:28:15.497 +03:00 [DBG] Opened connection to database 'AuthServiceDb_Dev' on server 'tcp://localhost:5432'.
2025-12-16 20:28:15.504 +03:00 [DBG] Executing DbCommand [Parameters=[], CommandType='"Text"', CommandTimeout='30']
SELECT EXISTS (
    SELECT 1 FROM pg_catalog.pg_class c
    JOIN pg_catalog.pg_namespace n ON n.oid=c.relnamespace
    WHERE n.nspname='public' AND
          c.relname='__EFMigrationsHistory'
)
2025-12-16 20:28:15.556 +03:00 [INF] Executed DbCommand (50ms) [Parameters=[], CommandType='"Text"', CommandTimeout='30']
SELECT EXISTS (
    SELECT 1 FROM pg_catalog.pg_class c
    JOIN pg_catalog.pg_namespace n ON n.oid=c.relnamespace
    WHERE n.nspname='public' AND
          c.relname='__EFMigrationsHistory'
)
2025-12-16 20:28:15.558 +03:00 [DBG] Closing connection to database 'AuthServiceDb_Dev' on server 'tcp://localhost:5432'.
2025-12-16 20:28:15.561 +03:00 [DBG] Closed connection to database 'AuthServiceDb_Dev' on server 'tcp://localhost:5432' (2ms).
2025-12-16 20:28:15.571 +03:00 [DBG] Opening connection to database 'AuthServiceDb_Dev' on server 'tcp://localhost:5432'.
2025-12-16 20:28:15.572 +03:00 [DBG] Opened connection to database 'AuthServiceDb_Dev' on server 'tcp://localhost:5432'.
2025-12-16 20:28:15.573 +03:00 [DBG] Creating DbCommand for 'ExecuteReader'.
2025-12-16 20:28:15.574 +03:00 [DBG] Created DbCommand for 'ExecuteReader' (0ms).
2025-12-16 20:28:15.575 +03:00 [DBG] Initialized DbCommand for 'ExecuteReader' (1ms).
2025-12-16 20:28:15.576 +03:00 [DBG] Executing DbCommand [Parameters=[], CommandType='"Text"', CommandTimeout='30']
SELECT "MigrationId", "ProductVersion"
FROM "__EFMigrationsHistory"
ORDER BY "MigrationId";
2025-12-16 20:28:15.580 +03:00 [INF] Executed DbCommand (4ms) [Parameters=[], CommandType='"Text"', CommandTimeout='30']
SELECT "MigrationId", "ProductVersion"
FROM "__EFMigrationsHistory"
ORDER BY "MigrationId";
2025-12-16 20:28:15.586 +03:00 [DBG] Closing data reader to 'AuthServiceDb_Dev' on server 'tcp://localhost:5432'.
2025-12-16 20:28:15.588 +03:00 [DBG] A data reader for 'AuthServiceDb_Dev' on server 'tcp://localhost:5432' is being disposed after spending 5ms reading results.
2025-12-16 20:28:15.589 +03:00 [DBG] Closing connection to database 'AuthServiceDb_Dev' on server 'tcp://localhost:5432'.
2025-12-16 20:28:15.590 +03:00 [DBG] Closed connection to database 'AuthServiceDb_Dev' on server 'tcp://localhost:5432' (0ms).
2025-12-16 20:28:15.592 +03:00 [DBG] Migrating using database 'AuthServiceDb_Dev' on server 'tcp://localhost:5432'.
2025-12-16 20:28:15.594 +03:00 [DBG] Opening connection to database 'AuthServiceDb_Dev' on server 'tcp://localhost:5432'.
2025-12-16 20:28:15.633 +03:00 [DBG] Opened connection to database 'AuthServiceDb_Dev' on server 'tcp://localhost:5432'.
2025-12-16 20:28:15.634 +03:00 [DBG] Closing connection to database 'AuthServiceDb_Dev' on server 'tcp://localhost:5432'.
2025-12-16 20:28:15.635 +03:00 [DBG] Closed connection to database 'AuthServiceDb_Dev' on server 'tcp://localhost:5432' (1ms).
2025-12-16 20:28:15.637 +03:00 [DBG] Creating DbCommand for 'ExecuteScalar'.
2025-12-16 20:28:15.637 +03:00 [DBG] Created DbCommand for 'ExecuteScalar' (0ms).
2025-12-16 20:28:15.638 +03:00 [DBG] Initialized DbCommand for 'ExecuteScalar' (1ms).
2025-12-16 20:28:15.639 +03:00 [DBG] Opening connection to database 'AuthServiceDb_Dev' on server 'tcp://localhost:5432'.
2025-12-16 20:28:15.640 +03:00 [DBG] Opened connection to database 'AuthServiceDb_Dev' on server 'tcp://localhost:5432'.
2025-12-16 20:28:15.641 +03:00 [DBG] Executing DbCommand [Parameters=[], CommandType='"Text"', CommandTimeout='30']
SELECT EXISTS (
    SELECT 1 FROM pg_catalog.pg_class c
    JOIN pg_catalog.pg_namespace n ON n.oid=c.relnamespace
    WHERE n.nspname='public' AND
          c.relname='__EFMigrationsHistory'
)
2025-12-16 20:28:15.642 +03:00 [INF] Executed DbCommand (2ms) [Parameters=[], CommandType='"Text"', CommandTimeout='30']
SELECT EXISTS (
    SELECT 1 FROM pg_catalog.pg_class c
    JOIN pg_catalog.pg_namespace n ON n.oid=c.relnamespace
    WHERE n.nspname='public' AND
          c.relname='__EFMigrationsHistory'
)
2025-12-16 20:28:15.644 +03:00 [DBG] Closing connection to database 'AuthServiceDb_Dev' on server 'tcp://localhost:5432'.
2025-12-16 20:28:15.645 +03:00 [DBG] Closed connection to database 'AuthServiceDb_Dev' on server 'tcp://localhost:5432' (0ms).
2025-12-16 20:28:15.646 +03:00 [DBG] Opening connection to database 'AuthServiceDb_Dev' on server 'tcp://localhost:5432'.
2025-12-16 20:28:15.685 +03:00 [DBG] Opened connection to database 'AuthServiceDb_Dev' on server 'tcp://localhost:5432'.
2025-12-16 20:28:15.686 +03:00 [DBG] Closing connection to database 'AuthServiceDb_Dev' on server 'tcp://localhost:5432'.
2025-12-16 20:28:15.687 +03:00 [DBG] Closed connection to database 'AuthServiceDb_Dev' on server 'tcp://localhost:5432' (1ms).
2025-12-16 20:28:15.688 +03:00 [DBG] Creating DbCommand for 'ExecuteScalar'.
2025-12-16 20:28:15.689 +03:00 [DBG] Created DbCommand for 'ExecuteScalar' (0ms).
2025-12-16 20:28:15.689 +03:00 [DBG] Initialized DbCommand for 'ExecuteScalar' (1ms).
2025-12-16 20:28:15.690 +03:00 [DBG] Opening connection to database 'AuthServiceDb_Dev' on server 'tcp://localhost:5432'.
2025-12-16 20:28:15.691 +03:00 [DBG] Opened connection to database 'AuthServiceDb_Dev' on server 'tcp://localhost:5432'.
2025-12-16 20:28:15.692 +03:00 [DBG] Executing DbCommand [Parameters=[], CommandType='"Text"', CommandTimeout='30']
SELECT EXISTS (
    SELECT 1 FROM pg_catalog.pg_class c
    JOIN pg_catalog.pg_namespace n ON n.oid=c.relnamespace
    WHERE n.nspname='public' AND
          c.relname='__EFMigrationsHistory'
)
2025-12-16 20:28:15.694 +03:00 [INF] Executed DbCommand (2ms) [Parameters=[], CommandType='"Text"', CommandTimeout='30']
SELECT EXISTS (
    SELECT 1 FROM pg_catalog.pg_class c
    JOIN pg_catalog.pg_namespace n ON n.oid=c.relnamespace
    WHERE n.nspname='public' AND
          c.relname='__EFMigrationsHistory'
)
2025-12-16 20:28:15.695 +03:00 [DBG] Closing connection to database 'AuthServiceDb_Dev' on server 'tcp://localhost:5432'.
2025-12-16 20:28:15.696 +03:00 [DBG] Closed connection to database 'AuthServiceDb_Dev' on server 'tcp://localhost:5432' (0ms).
2025-12-16 20:28:15.697 +03:00 [DBG] Opening connection to database 'AuthServiceDb_Dev' on server 'tcp://localhost:5432'.
2025-12-16 20:28:15.698 +03:00 [DBG] Opened connection to database 'AuthServiceDb_Dev' on server 'tcp://localhost:5432'.
2025-12-16 20:28:15.699 +03:00 [DBG] Creating DbCommand for 'ExecuteReader'.
2025-12-16 20:28:15.700 +03:00 [DBG] Created DbCommand for 'ExecuteReader' (0ms).
2025-12-16 20:28:15.700 +03:00 [DBG] Initialized DbCommand for 'ExecuteReader' (1ms).
2025-12-16 20:28:15.701 +03:00 [DBG] Executing DbCommand [Parameters=[], CommandType='"Text"', CommandTimeout='30']
SELECT "MigrationId", "ProductVersion"
FROM "__EFMigrationsHistory"
ORDER BY "MigrationId";
2025-12-16 20:28:15.703 +03:00 [INF] Executed DbCommand (2ms) [Parameters=[], CommandType='"Text"', CommandTimeout='30']
SELECT "MigrationId", "ProductVersion"
FROM "__EFMigrationsHistory"
ORDER BY "MigrationId";
2025-12-16 20:28:15.704 +03:00 [DBG] Closing data reader to 'AuthServiceDb_Dev' on server 'tcp://localhost:5432'.
2025-12-16 20:28:15.705 +03:00 [DBG] A data reader for 'AuthServiceDb_Dev' on server 'tcp://localhost:5432' is being disposed after spending 1ms reading results.
2025-12-16 20:28:15.706 +03:00 [DBG] Closing connection to database 'AuthServiceDb_Dev' on server 'tcp://localhost:5432'.
2025-12-16 20:28:15.707 +03:00 [DBG] Closed connection to database 'AuthServiceDb_Dev' on server 'tcp://localhost:5432' (0ms).
2025-12-16 20:28:15.715 +03:00 [INF] No migrations were applied. The database is already up to date.
2025-12-16 20:28:15.717 +03:00 [INF] Database migrations applied successfully.
2025-12-16 20:28:15.719 +03:00 [DBG] 'AuthDbContext' disposed.
2025-12-16 20:28:15.721 +03:00 [DBG] Disposing connection to database 'AuthServiceDb_Dev' on server 'tcp://localhost:5432'.
2025-12-16 20:28:15.722 +03:00 [DBG] Disposed connection to database 'AuthServiceDb_Dev' on server 'tcp://localhost:5432' (1ms).
2025-12-16 20:28:15.725 +03:00 [DBG] Hosting starting
2025-12-16 20:28:15.745 +03:00 [INF] User profile is available. Using 'C:\Users\atura\AppData\Local\ASP.NET\DataProtection-Keys' as key repository and Windows DPAPI to encrypt keys at rest.
2025-12-16 20:28:15.762 +03:00 [DBG] Reading data from file 'C:\Users\atura\AppData\Local\ASP.NET\DataProtection-Keys\key-2b41731a-ff2b-4c58-8083-9dd2e8e06c02.xml'.
2025-12-16 20:28:15.768 +03:00 [DBG] Reading data from file 'C:\Users\atura\AppData\Local\ASP.NET\DataProtection-Keys\key-b1bfbf17-5e54-4bcd-856c-81e8ff116985.xml'.
2025-12-16 20:28:15.769 +03:00 [DBG] Reading data from file 'C:\Users\atura\AppData\Local\ASP.NET\DataProtection-Keys\key-d4db8ae3-c3b6-4a1e-a8e6-5ce936ab3dc1.xml'.
2025-12-16 20:28:15.770 +03:00 [DBG] Reading data from file 'C:\Users\atura\AppData\Local\ASP.NET\DataProtection-Keys\key-d528c6a9-5739-4b20-b71f-eef16136c0e0.xml'.
2025-12-16 20:28:15.771 +03:00 [DBG] Reading data from file 'C:\Users\atura\AppData\Local\ASP.NET\DataProtection-Keys\key-f197c843-1f03-4bc8-9e1b-7ef1bcdd878d.xml'.
2025-12-16 20:28:15.774 +03:00 [DBG] Found key {2b41731a-ff2b-4c58-8083-9dd2e8e06c02}.
2025-12-16 20:28:15.777 +03:00 [DBG] Found key {b1bfbf17-5e54-4bcd-856c-81e8ff116985}.
2025-12-16 20:28:15.778 +03:00 [DBG] Found key {d4db8ae3-c3b6-4a1e-a8e6-5ce936ab3dc1}.
2025-12-16 20:28:15.779 +03:00 [DBG] Found key {d528c6a9-5739-4b20-b71f-eef16136c0e0}.
2025-12-16 20:28:15.780 +03:00 [DBG] Found key {f197c843-1f03-4bc8-9e1b-7ef1bcdd878d}.
2025-12-16 20:28:15.785 +03:00 [DBG] Considering key {d528c6a9-5739-4b20-b71f-eef16136c0e0} with expiration date 2026-01-16 09:53:55Z as default key.
2025-12-16 20:28:15.788 +03:00 [DBG] Forwarded activator type request from Microsoft.AspNetCore.DataProtection.XmlEncryption.DpapiXmlDecryptor, Microsoft.AspNetCore.DataProtection, Version=8.0.0.0, Culture=neutral, PublicKeyToken=adb9793829ddae60 to Microsoft.AspNetCore.DataProtection.XmlEncryption.DpapiXmlDecryptor, Microsoft.AspNetCore.DataProtection, Culture=neutral, PublicKeyToken=adb9793829ddae60
2025-12-16 20:28:15.789 +03:00 [DBG] Decrypting secret element using Windows DPAPI.
2025-12-16 20:28:15.791 +03:00 [DBG] Forwarded activator type request from Microsoft.AspNetCore.DataProtection.AuthenticatedEncryption.ConfigurationModel.AuthenticatedEncryptorDescriptorDeserializer, Microsoft.AspNetCore.DataProtection, Version=8.0.0.0, Culture=neutral, PublicKeyToken=adb9793829ddae60 to Microsoft.AspNetCore.DataProtection.AuthenticatedEncryption.ConfigurationModel.AuthenticatedEncryptorDescriptorDeserializer, Microsoft.AspNetCore.DataProtection, Culture=neutral, PublicKeyToken=adb9793829ddae60
2025-12-16 20:28:15.793 +03:00 [DBG] Opening CNG algorithm 'AES' from provider 'null' with chaining mode CBC.
2025-12-16 20:28:15.795 +03:00 [DBG] Opening CNG algorithm 'SHA256' from provider 'null' with HMAC.
2025-12-16 20:28:15.797 +03:00 [DBG] Using key {d528c6a9-5739-4b20-b71f-eef16136c0e0} as the default key.
2025-12-16 20:28:15.798 +03:00 [DBG] Key ring with default key {d528c6a9-5739-4b20-b71f-eef16136c0e0} was loaded during application startup.
2025-12-16 20:28:15.943 +03:00 [INF] Now listening on: https://localhost:7001
2025-12-16 20:28:15.944 +03:00 [INF] Now listening on: http://localhost:5001
2025-12-16 20:28:15.945 +03:00 [DBG] Loaded hosting startup assembly AuthService.API
2025-12-16 20:28:15.946 +03:00 [DBG] Loaded hosting startup assembly Microsoft.WebTools.ApiEndpointDiscovery
2025-12-16 20:28:15.947 +03:00 [DBG] Loaded hosting startup assembly Microsoft.AspNetCore.Watch.BrowserRefresh
2025-12-16 20:28:15.947 +03:00 [DBG] Loaded hosting startup assembly Microsoft.WebTools.BrowserLink.Net
2025-12-16 20:28:15.959 +03:00 [DBG] Connection id "0HNHSP1VKBGE5" received FIN.
2025-12-16 20:28:15.959 +03:00 [DBG] Connection id "0HNHSP1VKBGE6" received FIN.
2025-12-16 20:28:15.966 +03:00 [DBG] Connection id "0HNHSP1VKBGE6" accepted.
2025-12-16 20:28:15.966 +03:00 [DBG] Connection id "0HNHSP1VKBGE5" accepted.
2025-12-16 20:28:15.968 +03:00 [DBG] Connection id "0HNHSP1VKBGE6" started.
2025-12-16 20:28:15.968 +03:00 [DBG] Connection id "0HNHSP1VKBGE5" started.
2025-12-16 20:28:15.981 +03:00 [DBG] Failed to authenticate HTTPS connection.
System.IO.IOException: Received an unexpected EOF or 0 bytes from the transport stream.
   at System.Net.Security.SslStream.ReceiveHandshakeFrameAsync[TIOAdapter](CancellationToken cancellationToken)
   at System.Net.Security.SslStream.ForceAuthenticationAsync[TIOAdapter](Boolean receiveFirst, Byte[] reAuthenticationData, CancellationToken cancellationToken)
   at System.Net.Security.SslStream.ProcessAuthenticationWithTelemetryAsync(Boolean isAsync, CancellationToken cancellationToken)
   at Microsoft.AspNetCore.Server.Kestrel.Https.Internal.HttpsConnectionMiddleware.OnConnectionAsync(ConnectionContext context)
2025-12-16 20:28:15.981 +03:00 [DBG] Failed to authenticate HTTPS connection.
System.IO.IOException: Received an unexpected EOF or 0 bytes from the transport stream.
   at System.Net.Security.SslStream.ReceiveHandshakeFrameAsync[TIOAdapter](CancellationToken cancellationToken)
   at System.Net.Security.SslStream.ForceAuthenticationAsync[TIOAdapter](Boolean receiveFirst, Byte[] reAuthenticationData, CancellationToken cancellationToken)
   at System.Net.Security.SslStream.ProcessAuthenticationWithTelemetryAsync(Boolean isAsync, CancellationToken cancellationToken)
   at Microsoft.AspNetCore.Server.Kestrel.Https.Internal.HttpsConnectionMiddleware.OnConnectionAsync(ConnectionContext context)
2025-12-16 20:28:16.005 +03:00 [DBG] Connection id "0HNHSP1VKBGE6" stopped.
2025-12-16 20:28:16.005 +03:00 [DBG] Connection id "0HNHSP1VKBGE5" stopped.
2025-12-16 20:28:16.009 +03:00 [DBG] Connection id "0HNHSP1VKBGE5" sending FIN because: "The Socket transport's send loop completed gracefully."
2025-12-16 20:28:16.009 +03:00 [DBG] Connection id "0HNHSP1VKBGE6" sending FIN because: "The Socket transport's send loop completed gracefully."
2025-12-16 20:28:16.046 +03:00 [INF] Application started. Press Ctrl+C to shut down.
2025-12-16 20:28:16.047 +03:00 [INF] Hosting environment: Development
2025-12-16 20:28:16.048 +03:00 [INF] Content root path: C:\Users\atura\OneDrive\Masaüstü\Yarışma\appointment-reservation\backend\Services\AuthService\AuthService.API
2025-12-16 20:28:16.049 +03:00 [DBG] Hosting started
2025-12-16 20:28:17.036 +03:00 [DBG] Connection id "0HNHSP1VKBGE7" accepted.
2025-12-16 20:28:17.038 +03:00 [DBG] Connection id "0HNHSP1VKBGE7" started.
2025-12-16 20:28:17.079 +03:00 [DBG] Connection 0HNHSP1VKBGE7 established using the following protocol: "Tls13"
2025-12-16 20:28:17.144 +03:00 [INF] Request starting HTTP/2 GET https://localhost:7001/swagger/index.html - null null
2025-12-16 20:28:17.229 +03:00 [DBG] Wildcard detected, all requests with hosts will be allowed.
2025-12-16 20:28:17.250 +03:00 [DBG] No candidates found for the request path '/swagger/index.html'
2025-12-16 20:28:17.252 +03:00 [DBG] Request did not match any endpoints
2025-12-16 20:28:17.303 +03:00 [DBG] Response markup is scheduled to include Browser Link script injection.
2025-12-16 20:28:17.305 +03:00 [DBG] Response markup is scheduled to include browser refresh script injection.
2025-12-16 20:28:17.310 +03:00 [DBG] Response markup was updated to include Browser Link script injection.
2025-12-16 20:28:17.311 +03:00 [DBG] Response markup was updated to include browser refresh script injection.
2025-12-16 20:28:17.316 +03:00 [INF] Request finished HTTP/2 GET https://localhost:7001/swagger/index.html - 200 null text/html;charset=utf-8 180.7965ms
2025-12-16 20:28:17.326 +03:00 [INF] Request starting HTTP/2 GET https://localhost:7001/swagger/index.js - null null
2025-12-16 20:28:17.326 +03:00 [INF] Request starting HTTP/2 GET https://localhost:7001/_framework/aspnetcore-browser-refresh.js - null null
2025-12-16 20:28:17.328 +03:00 [DBG] No candidates found for the request path '/swagger/index.js'
2025-12-16 20:28:17.331 +03:00 [DBG] Request did not match any endpoints
2025-12-16 20:28:17.334 +03:00 [INF] Request finished HTTP/2 GET https://localhost:7001/swagger/index.js - 200 null application/javascript;charset=utf-8 8.2492ms
2025-12-16 20:28:17.337 +03:00 [INF] Request starting HTTP/2 GET https://localhost:7001/_vs/browserLink - null null
2025-12-16 20:28:17.346 +03:00 [INF] Request finished HTTP/2 GET https://localhost:7001/_framework/aspnetcore-browser-refresh.js - 200 13782 application/javascript; charset=utf-8 20.3771ms
2025-12-16 20:28:17.379 +03:00 [INF] Request finished HTTP/2 GET https://localhost:7001/_vs/browserLink - 200 null text/javascript; charset=UTF-8 43.0034ms
2025-12-16 20:28:17.475 +03:00 [INF] Request starting HTTP/2 GET https://localhost:7001/swagger/v1/swagger.json - null null
2025-12-16 20:28:17.479 +03:00 [DBG] No candidates found for the request path '/swagger/v1/swagger.json'
2025-12-16 20:28:17.480 +03:00 [DBG] Request did not match any endpoints
2025-12-16 20:28:17.514 +03:00 [INF] Request finished HTTP/2 GET https://localhost:7001/swagger/v1/swagger.json - 200 null application/json;charset=utf-8 39.5261ms
2025-12-16 20:28:56.999 +03:00 [DBG] Connection id "0HNHSP1VKBGE7" received FIN.
2025-12-16 20:28:57.005 +03:00 [DBG] Connection id "0HNHSP1VKBGE7" sending FIN because: "The Socket transport's send loop completed gracefully."
2025-12-16 20:28:57.007 +03:00 [DBG] Connection id "0HNHSP1VKBGE7" is closed. The last processed stream ID was 9.
2025-12-16 20:28:57.010 +03:00 [DBG] The connection queue processing loop for 0HNHSP1VKBGE7 completed.
2025-12-16 20:28:57.012 +03:00 [DBG] Connection id "0HNHSP1VKBGE7" stopped.
2025-12-16 20:28:59.998 +03:00 [DBG] Connection id "0HNHSP1VKBGE8" accepted.
2025-12-16 20:28:59.999 +03:00 [DBG] Connection id "0HNHSP1VKBGE8" started.
2025-12-16 20:29:00.004 +03:00 [DBG] Connection 0HNHSP1VKBGE8 established using the following protocol: "Tls13"
2025-12-16 20:29:00.007 +03:00 [INF] Request starting HTTP/2 POST https://localhost:7001/api/Auth/register - application/json 219
2025-12-16 20:29:00.014 +03:00 [DBG] 1 candidate(s) found for the request path '/api/Auth/register'
2025-12-16 20:29:00.017 +03:00 [DBG] Endpoint 'AuthService.API.Controllers.AuthController.Register (AuthService.API)' with route pattern 'api/Auth/register' is valid for the request path '/api/Auth/register'
2025-12-16 20:29:00.019 +03:00 [DBG] Request matched endpoint 'AuthService.API.Controllers.AuthController.Register (AuthService.API)'
2025-12-16 20:29:00.023 +03:00 [DBG] Static files was skipped as the request already matched an endpoint.
2025-12-16 20:29:00.026 +03:00 [DBG] The request has an origin header: 'https://localhost:7001'.
2025-12-16 20:29:00.028 +03:00 [INF] CORS policy execution successful.
2025-12-16 20:29:00.092 +03:00 [DBG] AuthenticationScheme: Bearer was not authenticated.
2025-12-16 20:29:00.095 +03:00 [INF] Executing endpoint 'AuthService.API.Controllers.AuthController.Register (AuthService.API)'
2025-12-16 20:29:00.116 +03:00 [INF] Route matched with {action = "Register", controller = "Auth"}. Executing controller action with signature Microsoft.AspNetCore.Mvc.IActionResult Register(AuthService.Entities.DTOs.UserForRegisterDto) on controller AuthService.API.Controllers.AuthController (AuthService.API).
2025-12-16 20:29:00.119 +03:00 [DBG] Execution plan of authorization filters (in the following order): ["None"]
2025-12-16 20:29:00.120 +03:00 [DBG] Execution plan of resource filters (in the following order): ["None"]
2025-12-16 20:29:00.121 +03:00 [DBG] Execution plan of action filters (in the following order): ["Microsoft.AspNetCore.Mvc.ModelBinding.UnsupportedContentTypeFilter (Order: -3000)","Microsoft.AspNetCore.Mvc.Infrastructure.ModelStateInvalidFilter (Order: -2000)"]
2025-12-16 20:29:00.123 +03:00 [DBG] Execution plan of exception filters (in the following order): ["None"]
2025-12-16 20:29:00.125 +03:00 [DBG] Execution plan of result filters (in the following order): ["Microsoft.AspNetCore.Mvc.Infrastructure.ClientErrorResultFilter (Order: -2000)","Microsoft.AspNetCore.Mvc.ProducesAttribute (Order: 0)"]
2025-12-16 20:29:00.127 +03:00 [DBG] Executing controller factory for controller AuthService.API.Controllers.AuthController (AuthService.API)
2025-12-16 20:29:00.193 +03:00 [DBG] Executed controller factory for controller AuthService.API.Controllers.AuthController (AuthService.API)
2025-12-16 20:29:00.204 +03:00 [DBG] Attempting to bind parameter 'userForRegisterDto' of type 'AuthService.Entities.DTOs.UserForRegisterDto' ...
2025-12-16 20:29:00.208 +03:00 [DBG] Attempting to bind parameter 'userForRegisterDto' of type 'AuthService.Entities.DTOs.UserForRegisterDto' using the name '' in request data ...
2025-12-16 20:29:00.209 +03:00 [DBG] Selected input formatter 'Microsoft.AspNetCore.Mvc.Formatters.SystemTextJsonInputFormatter' for content type 'application/json'.
2025-12-16 20:29:00.218 +03:00 [DBG] Connection id "0HNHSP1VKBGE8", Request id "0HNHSP1VKBGE8:00000001": started reading request body.
2025-12-16 20:29:00.219 +03:00 [DBG] Connection id "0HNHSP1VKBGE8", Request id "0HNHSP1VKBGE8:00000001": done reading request body.
2025-12-16 20:29:00.231 +03:00 [DBG] JSON input formatter succeeded, deserializing to type 'AuthService.Entities.DTOs.UserForRegisterDto'
2025-12-16 20:29:00.233 +03:00 [DBG] Done attempting to bind parameter 'userForRegisterDto' of type 'AuthService.Entities.DTOs.UserForRegisterDto'.
2025-12-16 20:29:00.234 +03:00 [DBG] Done attempting to bind parameter 'userForRegisterDto' of type 'AuthService.Entities.DTOs.UserForRegisterDto'.
2025-12-16 20:29:00.235 +03:00 [DBG] Attempting to validate the bound parameter 'userForRegisterDto' of type 'AuthService.Entities.DTOs.UserForRegisterDto' ...
2025-12-16 20:29:00.274 +03:00 [DBG] Done attempting to validate the bound parameter 'userForRegisterDto' of type 'AuthService.Entities.DTOs.UserForRegisterDto'.
2025-12-16 20:29:01.196 +03:00 [DBG] Entity Framework Core 8.0.17 initialized 'AuthDbContext' using provider 'Npgsql.EntityFrameworkCore.PostgreSQL:8.0.10+18d07c54eacaffa5bf8128d47eecdb5255d86376' with options: None
2025-12-16 20:29:01.215 +03:00 [DBG] Compiling query expression: 
'DbSet<User>()
    .FirstOrDefault(u => u.Email == __email_0)'
2025-12-16 20:29:01.337 +03:00 [DBG] Generated query execution expression: 
'queryContext => new SingleQueryingEnumerable<User>(
    (RelationalQueryContext)queryContext, 
    RelationalCommandCache.QueryExpression(
        Projection Mapping:
            EmptyProjectionMember -> Dictionary<IProperty, int> { [Property: User.Id (int) Required PK AfterSave:Throw ValueGenerated.OnAdd, 0], [Property: User.CreatedDate (DateTime) Required, 1], [Property: User.Email (string) Required Index MaxLength(100), 2], [Property: User.FailedLoginAttempts (int) Required, 3], [Property: User.FirstName (string) Required MaxLength(50), 4], [Property: User.IdentityNumber (string) Required MaxLength(11), 5], [Property: User.IsEmailVerified (bool) Required, 6], [Property: User.LastName (string) MaxLength(50), 7], [Property: User.LockoutEndTime (DateTime?), 8], [Property: User.PasswordHash (byte[]) Required, 9], [Property: User.PasswordSalt (byte[]) Required, 10], [Property: User.PhoneNumber (string) MaxLength(20), 11], [Property: User.RefreshToken (string), 12], [Property: User.RefreshTokenExpiration (DateTime?), 13], [Property: User.Status (bool) Required, 14], [Property: User.UpdatedDate (DateTime?), 15] }
        SELECT TOP(1) u.Id, u.CreatedDate, u.Email, u.FailedLoginAttempts, u.FirstName, u.IdentityNumber, u.IsEmailVerified, u.LastName, u.LockoutEndTime, u.PasswordHash, u.PasswordSalt, u.PhoneNumber, u.RefreshToken, u.RefreshTokenExpiration, u.Status, u.UpdatedDate
        FROM Users AS u
        WHERE u.Email == @__email_0), 
    null, 
    Func<QueryContext, DbDataReader, ResultContext, SingleQueryResultCoordinator, User>, 
    AuthService.DataAccess.Concrete.EntityFramework.AuthDbContext, 
    False, 
    False, 
    True
)
    .SingleOrDefault()'
2025-12-16 20:29:01.356 +03:00 [DBG] Creating DbConnection.
2025-12-16 20:29:01.356 +03:00 [DBG] Created DbConnection. (0ms).
2025-12-16 20:29:01.357 +03:00 [DBG] Opening connection to database 'AuthServiceDb_Dev' on server 'tcp://localhost:5432'.
2025-12-16 20:29:01.358 +03:00 [DBG] Opened connection to database 'AuthServiceDb_Dev' on server 'tcp://localhost:5432'.
2025-12-16 20:29:01.359 +03:00 [DBG] Creating DbCommand for 'ExecuteReader'.
2025-12-16 20:29:01.360 +03:00 [DBG] Created DbCommand for 'ExecuteReader' (0ms).
2025-12-16 20:29:01.364 +03:00 [DBG] Initialized DbCommand for 'ExecuteReader' (4ms).
2025-12-16 20:29:01.366 +03:00 [DBG] Executing DbCommand [Parameters=[@__email_0='?'], CommandType='"Text"', CommandTimeout='30']
SELECT u."Id", u."CreatedDate", u."Email", u."FailedLoginAttempts", u."FirstName", u."IdentityNumber", u."IsEmailVerified", u."LastName", u."LockoutEndTime", u."PasswordHash", u."PasswordSalt", u."PhoneNumber", u."RefreshToken", u."RefreshTokenExpiration", u."Status", u."UpdatedDate"
FROM "Users" AS u
WHERE u."Email" = @__email_0
LIMIT 1
2025-12-16 20:29:01.374 +03:00 [INF] Executed DbCommand (10ms) [Parameters=[@__email_0='?'], CommandType='"Text"', CommandTimeout='30']
SELECT u."Id", u."CreatedDate", u."Email", u."FailedLoginAttempts", u."FirstName", u."IdentityNumber", u."IsEmailVerified", u."LastName", u."LockoutEndTime", u."PasswordHash", u."PasswordSalt", u."PhoneNumber", u."RefreshToken", u."RefreshTokenExpiration", u."Status", u."UpdatedDate"
FROM "Users" AS u
WHERE u."Email" = @__email_0
LIMIT 1
2025-12-16 20:29:01.377 +03:00 [DBG] Closing data reader to 'AuthServiceDb_Dev' on server 'tcp://localhost:5432'.
2025-12-16 20:29:01.378 +03:00 [DBG] A data reader for 'AuthServiceDb_Dev' on server 'tcp://localhost:5432' is being disposed after spending 1ms reading results.
2025-12-16 20:29:01.379 +03:00 [DBG] Closing connection to database 'AuthServiceDb_Dev' on server 'tcp://localhost:5432'.
2025-12-16 20:29:01.380 +03:00 [DBG] Closed connection to database 'AuthServiceDb_Dev' on server 'tcp://localhost:5432' (1ms).
2025-12-16 20:29:01.399 +03:00 [DBG] 'AuthDbContext' generated a temporary value for the property 'User.Id'. Consider using 'DbContextOptionsBuilder.EnableSensitiveDataLogging' to see key values.
2025-12-16 20:29:01.443 +03:00 [DBG] Context 'AuthDbContext' started tracking 'User' entity. Consider using 'DbContextOptionsBuilder.EnableSensitiveDataLogging' to see key values.
2025-12-16 20:29:01.445 +03:00 [DBG] SaveChanges starting for 'AuthDbContext'.
2025-12-16 20:29:01.447 +03:00 [DBG] DetectChanges starting for 'AuthDbContext'.
2025-12-16 20:29:01.460 +03:00 [DBG] DetectChanges completed for 'AuthDbContext'.
2025-12-16 20:29:01.497 +03:00 [DBG] Opening connection to database 'AuthServiceDb_Dev' on server 'tcp://localhost:5432'.
2025-12-16 20:29:01.498 +03:00 [DBG] Opened connection to database 'AuthServiceDb_Dev' on server 'tcp://localhost:5432'.
2025-12-16 20:29:01.499 +03:00 [DBG] Creating DbCommand for 'ExecuteReader'.
2025-12-16 20:29:01.500 +03:00 [DBG] Created DbCommand for 'ExecuteReader' (0ms).
2025-12-16 20:29:01.501 +03:00 [DBG] Initialized DbCommand for 'ExecuteReader' (2ms).
2025-12-16 20:29:01.502 +03:00 [DBG] Executing DbCommand [Parameters=[@p0='?' (DbType = DateTime), @p1='?', @p2='?' (DbType = Int32), @p3='?', @p4='?', @p5='?' (DbType = Boolean), @p6='?', @p7='?' (DbType = DateTime), @p8='?' (DbType = Binary), @p9='?' (DbType = Binary), @p10='?', @p11='?', @p12='?' (DbType = DateTime), @p13='?' (DbType = Boolean), @p14='?' (DbType = DateTime)], CommandType='"Text"', CommandTimeout='30']
INSERT INTO "Users" ("CreatedDate", "Email", "FailedLoginAttempts", "FirstName", "IdentityNumber", "IsEmailVerified", "LastName", "LockoutEndTime", "PasswordHash", "PasswordSalt", "PhoneNumber", "RefreshToken", "RefreshTokenExpiration", "Status", "UpdatedDate")
VALUES (@p0, @p1, @p2, @p3, @p4, @p5, @p6, @p7, @p8, @p9, @p10, @p11, @p12, @p13, @p14)
RETURNING "Id";
2025-12-16 20:29:01.511 +03:00 [INF] Executed DbCommand (9ms) [Parameters=[@p0='?' (DbType = DateTime), @p1='?', @p2='?' (DbType = Int32), @p3='?', @p4='?', @p5='?' (DbType = Boolean), @p6='?', @p7='?' (DbType = DateTime), @p8='?' (DbType = Binary), @p9='?' (DbType = Binary), @p10='?', @p11='?', @p12='?' (DbType = DateTime), @p13='?' (DbType = Boolean), @p14='?' (DbType = DateTime)], CommandType='"Text"', CommandTimeout='30']
INSERT INTO "Users" ("CreatedDate", "Email", "FailedLoginAttempts", "FirstName", "IdentityNumber", "IsEmailVerified", "LastName", "LockoutEndTime", "PasswordHash", "PasswordSalt", "PhoneNumber", "RefreshToken", "RefreshTokenExpiration", "Status", "UpdatedDate")
VALUES (@p0, @p1, @p2, @p3, @p4, @p5, @p6, @p7, @p8, @p9, @p10, @p11, @p12, @p13, @p14)
RETURNING "Id";
2025-12-16 20:29:01.520 +03:00 [DBG] The foreign key property 'User.Id' was detected as changed. Consider using 'DbContextOptionsBuilder.EnableSensitiveDataLogging' to see property values.
2025-12-16 20:29:01.523 +03:00 [DBG] Closing data reader to 'AuthServiceDb_Dev' on server 'tcp://localhost:5432'.
2025-12-16 20:29:01.524 +03:00 [DBG] A data reader for 'AuthServiceDb_Dev' on server 'tcp://localhost:5432' is being disposed after spending 11ms reading results.
2025-12-16 20:29:01.526 +03:00 [DBG] Closing connection to database 'AuthServiceDb_Dev' on server 'tcp://localhost:5432'.
2025-12-16 20:29:01.527 +03:00 [DBG] Closed connection to database 'AuthServiceDb_Dev' on server 'tcp://localhost:5432' (0ms).
2025-12-16 20:29:01.536 +03:00 [DBG] An entity of type 'User' tracked by 'AuthDbContext' changed state from '"Added"' to '"Unchanged"'. Consider using 'DbContextOptionsBuilder.EnableSensitiveDataLogging' to see key values.
2025-12-16 20:29:01.538 +03:00 [DBG] SaveChanges completed for 'AuthDbContext' with 1 entities written to the database.
2025-12-16 20:29:01.541 +03:00 [DBG] Compiling query expression: 
'DbSet<OperationClaim>()
    .FirstOrDefault(oc => oc.Name == __name_0)'
2025-12-16 20:29:01.545 +03:00 [DBG] Generated query execution expression: 
'queryContext => new SingleQueryingEnumerable<OperationClaim>(
    (RelationalQueryContext)queryContext, 
    RelationalCommandCache.QueryExpression(
        Projection Mapping:
            EmptyProjectionMember -> Dictionary<IProperty, int> { [Property: OperationClaim.Id (int) Required PK AfterSave:Throw ValueGenerated.OnAdd, 0], [Property: OperationClaim.CreatedDate (DateTime) Required, 1], [Property: OperationClaim.Description (string) MaxLength(200), 2], [Property: OperationClaim.Name (string) Required Index MaxLength(50), 3] }
        SELECT TOP(1) o.Id, o.CreatedDate, o.Description, o.Name
        FROM OperationClaims AS o
        WHERE o.Name == @__name_0), 
    null, 
    Func<QueryContext, DbDataReader, ResultContext, SingleQueryResultCoordinator, OperationClaim>, 
    AuthService.DataAccess.Concrete.EntityFramework.AuthDbContext, 
    False, 
    False, 
    True
)
    .SingleOrDefault()'
2025-12-16 20:29:01.546 +03:00 [DBG] Opening connection to database 'AuthServiceDb_Dev' on server 'tcp://localhost:5432'.
2025-12-16 20:29:01.547 +03:00 [DBG] Opened connection to database 'AuthServiceDb_Dev' on server 'tcp://localhost:5432'.
2025-12-16 20:29:01.548 +03:00 [DBG] Creating DbCommand for 'ExecuteReader'.
2025-12-16 20:29:01.549 +03:00 [DBG] Created DbCommand for 'ExecuteReader' (0ms).
2025-12-16 20:29:01.550 +03:00 [DBG] Initialized DbCommand for 'ExecuteReader' (1ms).
2025-12-16 20:29:01.551 +03:00 [DBG] Executing DbCommand [Parameters=[@__name_0='?'], CommandType='"Text"', CommandTimeout='30']
SELECT o."Id", o."CreatedDate", o."Description", o."Name"
FROM "OperationClaims" AS o
WHERE o."Name" = @__name_0
LIMIT 1
2025-12-16 20:29:01.554 +03:00 [INF] Executed DbCommand (3ms) [Parameters=[@__name_0='?'], CommandType='"Text"', CommandTimeout='30']
SELECT o."Id", o."CreatedDate", o."Description", o."Name"
FROM "OperationClaims" AS o
WHERE o."Name" = @__name_0
LIMIT 1
2025-12-16 20:29:01.562 +03:00 [DBG] Context 'AuthDbContext' started tracking 'OperationClaim' entity. Consider using 'DbContextOptionsBuilder.EnableSensitiveDataLogging' to see key values.
2025-12-16 20:29:01.569 +03:00 [DBG] Closing data reader to 'AuthServiceDb_Dev' on server 'tcp://localhost:5432'.
2025-12-16 20:29:01.571 +03:00 [DBG] A data reader for 'AuthServiceDb_Dev' on server 'tcp://localhost:5432' is being disposed after spending 14ms reading results.
2025-12-16 20:29:01.572 +03:00 [DBG] Closing connection to database 'AuthServiceDb_Dev' on server 'tcp://localhost:5432'.
2025-12-16 20:29:01.573 +03:00 [DBG] Closed connection to database 'AuthServiceDb_Dev' on server 'tcp://localhost:5432' (0ms).
2025-12-16 20:29:01.576 +03:00 [DBG] 'AuthDbContext' generated a temporary value for the property 'UserOperationClaim.Id'. Consider using 'DbContextOptionsBuilder.EnableSensitiveDataLogging' to see key values.
2025-12-16 20:29:01.585 +03:00 [DBG] The navigation 'UserOperationClaim.OperationClaim' was detected as changed. Consider using 'DbContextOptionsBuilder.EnableSensitiveDataLogging' to see key values.
2025-12-16 20:29:01.593 +03:00 [DBG] The navigation 'UserOperationClaim.User' was detected as changed. Consider using 'DbContextOptionsBuilder.EnableSensitiveDataLogging' to see key values.
2025-12-16 20:29:01.596 +03:00 [DBG] Context 'AuthDbContext' started tracking 'UserOperationClaim' entity. Consider using 'DbContextOptionsBuilder.EnableSensitiveDataLogging' to see key values.
2025-12-16 20:29:01.597 +03:00 [DBG] SaveChanges starting for 'AuthDbContext'.
2025-12-16 20:29:01.598 +03:00 [DBG] DetectChanges starting for 'AuthDbContext'.
2025-12-16 20:29:01.603 +03:00 [DBG] DetectChanges completed for 'AuthDbContext'.
2025-12-16 20:29:01.607 +03:00 [DBG] Opening connection to database 'AuthServiceDb_Dev' on server 'tcp://localhost:5432'.
2025-12-16 20:29:01.608 +03:00 [DBG] Opened connection to database 'AuthServiceDb_Dev' on server 'tcp://localhost:5432'.
2025-12-16 20:29:01.609 +03:00 [DBG] Creating DbCommand for 'ExecuteReader'.
2025-12-16 20:29:01.610 +03:00 [DBG] Created DbCommand for 'ExecuteReader' (0ms).
2025-12-16 20:29:01.610 +03:00 [DBG] Initialized DbCommand for 'ExecuteReader' (1ms).
2025-12-16 20:29:01.611 +03:00 [DBG] Executing DbCommand [Parameters=[@p0='?' (DbType = DateTime), @p1='?' (DbType = Int32), @p2='?' (DbType = Int32)], CommandType='"Text"', CommandTimeout='30']
INSERT INTO "UserOperationClaims" ("CreatedDate", "OperationClaimId", "UserId")
VALUES (@p0, @p1, @p2)
RETURNING "Id";
2025-12-16 20:29:01.615 +03:00 [INF] Executed DbCommand (4ms) [Parameters=[@p0='?' (DbType = DateTime), @p1='?' (DbType = Int32), @p2='?' (DbType = Int32)], CommandType='"Text"', CommandTimeout='30']
INSERT INTO "UserOperationClaims" ("CreatedDate", "OperationClaimId", "UserId")
VALUES (@p0, @p1, @p2)
RETURNING "Id";
2025-12-16 20:29:01.618 +03:00 [DBG] The foreign key property 'UserOperationClaim.Id' was detected as changed. Consider using 'DbContextOptionsBuilder.EnableSensitiveDataLogging' to see property values.
2025-12-16 20:29:01.620 +03:00 [DBG] Closing data reader to 'AuthServiceDb_Dev' on server 'tcp://localhost:5432'.
2025-12-16 20:29:01.621 +03:00 [DBG] A data reader for 'AuthServiceDb_Dev' on server 'tcp://localhost:5432' is being disposed after spending 3ms reading results.
2025-12-16 20:29:01.622 +03:00 [DBG] Closing connection to database 'AuthServiceDb_Dev' on server 'tcp://localhost:5432'.
2025-12-16 20:29:01.624 +03:00 [DBG] Closed connection to database 'AuthServiceDb_Dev' on server 'tcp://localhost:5432' (1ms).
2025-12-16 20:29:01.625 +03:00 [DBG] An entity of type 'UserOperationClaim' tracked by 'AuthDbContext' changed state from '"Added"' to '"Unchanged"'. Consider using 'DbContextOptionsBuilder.EnableSensitiveDataLogging' to see key values.
2025-12-16 20:29:01.626 +03:00 [DBG] SaveChanges completed for 'AuthDbContext' with 1 entities written to the database.
2025-12-16 20:29:01.633 +03:00 [DBG] Compiling query expression: 
'DbSet<OperationClaim>()
    .Join(
        inner: DbSet<UserOperationClaim>(), 
        outerKeySelector: operationClaim => operationClaim.Id, 
        innerKeySelector: userOperationClaim => userOperationClaim.OperationClaimId, 
        resultSelector: (operationClaim, userOperationClaim) => new { 
            operationClaim = operationClaim, 
            userOperationClaim = userOperationClaim
         })
    .Where(<>h__TransparentIdentifier0 => <>h__TransparentIdentifier0.userOperationClaim.UserId == __user_Id_0)
    .Select(<>h__TransparentIdentifier0 => new OperationClaim{ 
        Id = <>h__TransparentIdentifier0.operationClaim.Id, 
        Name = <>h__TransparentIdentifier0.operationClaim.Name, 
        Description = <>h__TransparentIdentifier0.operationClaim.Description 
    }
    )'
2025-12-16 20:29:01.667 +03:00 [DBG] Generated query execution expression: 
'queryContext => new SingleQueryingEnumerable<OperationClaim>(
    (RelationalQueryContext)queryContext, 
    RelationalCommandCache.QueryExpression(
        Projection Mapping:
            Id -> 0
            Name -> 1
            Description -> 2
        SELECT o.Id, o.Name, o.Description
        FROM OperationClaims AS o
        INNER JOIN UserOperationClaims AS u ON o.Id == u.OperationClaimId
        WHERE u.UserId == @__user_Id_0), 
    null, 
    Func<QueryContext, DbDataReader, ResultContext, SingleQueryResultCoordinator, OperationClaim>, 
    AuthService.DataAccess.Concrete.EntityFramework.AuthDbContext, 
    False, 
    False, 
    True
)'
2025-12-16 20:29:01.669 +03:00 [DBG] Opening connection to database 'AuthServiceDb_Dev' on server 'tcp://localhost:5432'.
2025-12-16 20:29:01.670 +03:00 [DBG] Opened connection to database 'AuthServiceDb_Dev' on server 'tcp://localhost:5432'.
2025-12-16 20:29:01.671 +03:00 [DBG] Creating DbCommand for 'ExecuteReader'.
2025-12-16 20:29:01.672 +03:00 [DBG] Created DbCommand for 'ExecuteReader' (0ms).
2025-12-16 20:29:01.673 +03:00 [DBG] Initialized DbCommand for 'ExecuteReader' (1ms).
2025-12-16 20:29:01.673 +03:00 [DBG] Executing DbCommand [Parameters=[@__user_Id_0='?' (DbType = Int32)], CommandType='"Text"', CommandTimeout='30']
SELECT o."Id", o."Name", o."Description"
FROM "OperationClaims" AS o
INNER JOIN "UserOperationClaims" AS u ON o."Id" = u."OperationClaimId"
WHERE u."UserId" = @__user_Id_0
2025-12-16 20:29:01.676 +03:00 [INF] Executed DbCommand (3ms) [Parameters=[@__user_Id_0='?' (DbType = Int32)], CommandType='"Text"', CommandTimeout='30']
SELECT o."Id", o."Name", o."Description"
FROM "OperationClaims" AS o
INNER JOIN "UserOperationClaims" AS u ON o."Id" = u."OperationClaimId"
WHERE u."UserId" = @__user_Id_0
2025-12-16 20:29:01.678 +03:00 [DBG] Closing data reader to 'AuthServiceDb_Dev' on server 'tcp://localhost:5432'.
2025-12-16 20:29:01.679 +03:00 [DBG] A data reader for 'AuthServiceDb_Dev' on server 'tcp://localhost:5432' is being disposed after spending 1ms reading results.
2025-12-16 20:29:01.680 +03:00 [DBG] Closing connection to database 'AuthServiceDb_Dev' on server 'tcp://localhost:5432'.
2025-12-16 20:29:01.681 +03:00 [DBG] Closed connection to database 'AuthServiceDb_Dev' on server 'tcp://localhost:5432' (0ms).
2025-12-16 20:29:01.703 +03:00 [DBG] The unchanged property 'User.RefreshToken' was detected as changed and will be marked as modified. Consider using 'DbContextOptionsBuilder.EnableSensitiveDataLogging' to see property values.
2025-12-16 20:29:01.705 +03:00 [DBG] An entity of type 'User' tracked by 'AuthDbContext' changed state from '"Unchanged"' to '"Modified"'. Consider using 'DbContextOptionsBuilder.EnableSensitiveDataLogging' to see key values.
2025-12-16 20:29:01.706 +03:00 [DBG] The unchanged property 'User.RefreshTokenExpiration' was detected as changed and will be marked as modified. Consider using 'DbContextOptionsBuilder.EnableSensitiveDataLogging' to see property values.
2025-12-16 20:29:01.707 +03:00 [DBG] SaveChanges starting for 'AuthDbContext'.
2025-12-16 20:29:01.708 +03:00 [DBG] DetectChanges starting for 'AuthDbContext'.
2025-12-16 20:29:01.709 +03:00 [DBG] DetectChanges completed for 'AuthDbContext'.
2025-12-16 20:29:01.716 +03:00 [DBG] Opening connection to database 'AuthServiceDb_Dev' on server 'tcp://localhost:5432'.
2025-12-16 20:29:01.717 +03:00 [DBG] Opened connection to database 'AuthServiceDb_Dev' on server 'tcp://localhost:5432'.
2025-12-16 20:29:01.718 +03:00 [DBG] Creating DbCommand for 'ExecuteReader'.
2025-12-16 20:29:01.718 +03:00 [DBG] Created DbCommand for 'ExecuteReader' (0ms).
2025-12-16 20:29:01.720 +03:00 [DBG] Initialized DbCommand for 'ExecuteReader' (1ms).
2025-12-16 20:29:01.721 +03:00 [DBG] Executing DbCommand [Parameters=[@p15='?' (DbType = Int32), @p0='?' (DbType = DateTime), @p1='?', @p2='?' (DbType = Int32), @p3='?', @p4='?', @p5='?' (DbType = Boolean), @p6='?', @p7='?' (DbType = DateTime), @p8='?' (DbType = Binary), @p9='?' (DbType = Binary), @p10='?', @p11='?', @p12='?' (DbType = DateTime), @p13='?' (DbType = Boolean), @p14='?' (DbType = DateTime)], CommandType='"Text"', CommandTimeout='30']
UPDATE "Users" SET "CreatedDate" = @p0, "Email" = @p1, "FailedLoginAttempts" = @p2, "FirstName" = @p3, "IdentityNumber" = @p4, "IsEmailVerified" = @p5, "LastName" = @p6, "LockoutEndTime" = @p7, "PasswordHash" = @p8, "PasswordSalt" = @p9, "PhoneNumber" = @p10, "RefreshToken" = @p11, "RefreshTokenExpiration" = @p12, "Status" = @p13, "UpdatedDate" = @p14
WHERE "Id" = @p15;
2025-12-16 20:29:01.723 +03:00 [INF] Executed DbCommand (3ms) [Parameters=[@p15='?' (DbType = Int32), @p0='?' (DbType = DateTime), @p1='?', @p2='?' (DbType = Int32), @p3='?', @p4='?', @p5='?' (DbType = Boolean), @p6='?', @p7='?' (DbType = DateTime), @p8='?' (DbType = Binary), @p9='?' (DbType = Binary), @p10='?', @p11='?', @p12='?' (DbType = DateTime), @p13='?' (DbType = Boolean), @p14='?' (DbType = DateTime)], CommandType='"Text"', CommandTimeout='30']
UPDATE "Users" SET "CreatedDate" = @p0, "Email" = @p1, "FailedLoginAttempts" = @p2, "FirstName" = @p3, "IdentityNumber" = @p4, "IsEmailVerified" = @p5, "LastName" = @p6, "LockoutEndTime" = @p7, "PasswordHash" = @p8, "PasswordSalt" = @p9, "PhoneNumber" = @p10, "RefreshToken" = @p11, "RefreshTokenExpiration" = @p12, "Status" = @p13, "UpdatedDate" = @p14
WHERE "Id" = @p15;
2025-12-16 20:29:01.725 +03:00 [DBG] Closing data reader to 'AuthServiceDb_Dev' on server 'tcp://localhost:5432'.
2025-12-16 20:29:01.726 +03:00 [DBG] A data reader for 'AuthServiceDb_Dev' on server 'tcp://localhost:5432' is being disposed after spending 1ms reading results.
2025-12-16 20:29:01.727 +03:00 [DBG] Closing connection to database 'AuthServiceDb_Dev' on server 'tcp://localhost:5432'.
2025-12-16 20:29:01.728 +03:00 [DBG] Closed connection to database 'AuthServiceDb_Dev' on server 'tcp://localhost:5432' (0ms).
2025-12-16 20:29:01.730 +03:00 [DBG] An entity of type 'User' tracked by 'AuthDbContext' changed state from '"Modified"' to '"Unchanged"'. Consider using 'DbContextOptionsBuilder.EnableSensitiveDataLogging' to see key values.
2025-12-16 20:29:01.731 +03:00 [DBG] SaveChanges completed for 'AuthDbContext' with 1 entities written to the database.
2025-12-16 20:29:05.808 +03:00 [INF] Start processing HTTP request POST https://localhost:7296/api/Patients
2025-12-16 20:29:05.812 +03:00 [INF] Sending HTTP request POST https://localhost:7296/api/Patients
2025-12-16 20:29:05.841 +03:00 [DBG] List of registered output formatters, in the following order: ["Microsoft.AspNetCore.Mvc.Formatters.HttpNoContentOutputFormatter","Microsoft.AspNetCore.Mvc.Formatters.StringOutputFormatter","Microsoft.AspNetCore.Mvc.Formatters.StreamOutputFormatter","Microsoft.AspNetCore.Mvc.Formatters.SystemTextJsonOutputFormatter"]
2025-12-16 20:29:05.846 +03:00 [DBG] Attempting to select an output formatter based on Accept header '["application/json"]' and explicitly specified content types '["application/json"]'. The content types in the accept header must be a subset of the explicitly set content types.
2025-12-16 20:29:05.850 +03:00 [DBG] Selected output formatter 'Microsoft.AspNetCore.Mvc.Formatters.SystemTextJsonOutputFormatter' and content type 'application/json' to write the response.
2025-12-16 20:29:05.852 +03:00 [INF] Executing OkObjectResult, writing value of type 'Core.Extensions.ApiResponse`1[[AuthService.Entities.DTOs.TokenDto, AuthService.Entities, Version=1.0.0.0, Culture=neutral, PublicKeyToken=null]]'.
2025-12-16 20:29:05.866 +03:00 [INF] Executed action AuthService.API.Controllers.AuthController.Register (AuthService.API) in 5737.2383ms
2025-12-16 20:29:05.867 +03:00 [INF] Executed endpoint 'AuthService.API.Controllers.AuthController.Register (AuthService.API)'
2025-12-16 20:29:05.870 +03:00 [INF] [User: Anonymous] [IP: ::1] POST /api/Auth/register -> 200
2025-12-16 20:29:05.872 +03:00 [DBG] 'AuthDbContext' disposed.
2025-12-16 20:29:05.876 +03:00 [DBG] Disposing connection to database 'AuthServiceDb_Dev' on server 'tcp://localhost:5432'.
2025-12-16 20:29:05.878 +03:00 [DBG] Disposed connection to database 'AuthServiceDb_Dev' on server 'tcp://localhost:5432' (2ms).
2025-12-16 20:29:05.880 +03:00 [INF] Request finished HTTP/2 POST https://localhost:7001/api/Auth/register - 200 null application/json; charset=utf-8 5873.3359ms
2025-12-16 20:29:11.474 +03:00 [INF] Received HTTP response headers after 5659.79ms - 200
2025-12-16 20:29:11.476 +03:00 [INF] End processing HTTP request after 5668.7724ms - 200
2025-12-16 20:29:43.295 +03:00 [INF] Request starting HTTP/2 POST https://localhost:7001/api/Auth/login - application/json 58
2025-12-16 20:29:43.307 +03:00 [DBG] 1 candidate(s) found for the request path '/api/Auth/login'
2025-12-16 20:29:43.308 +03:00 [DBG] Endpoint 'AuthService.API.Controllers.AuthController.Login (AuthService.API)' with route pattern 'api/Auth/login' is valid for the request path '/api/Auth/login'
2025-12-16 20:29:43.310 +03:00 [DBG] Request matched endpoint 'AuthService.API.Controllers.AuthController.Login (AuthService.API)'
2025-12-16 20:29:43.311 +03:00 [DBG] Static files was skipped as the request already matched an endpoint.
2025-12-16 20:29:43.312 +03:00 [DBG] The request has an origin header: 'https://localhost:7001'.
2025-12-16 20:29:43.313 +03:00 [INF] CORS policy execution successful.
2025-12-16 20:29:43.314 +03:00 [DBG] AuthenticationScheme: Bearer was not authenticated.
2025-12-16 20:29:43.314 +03:00 [INF] Executing endpoint 'AuthService.API.Controllers.AuthController.Login (AuthService.API)'
2025-12-16 20:29:43.317 +03:00 [INF] Route matched with {action = "Login", controller = "Auth"}. Executing controller action with signature Microsoft.AspNetCore.Mvc.IActionResult Login(AuthService.Entities.DTOs.UserForLoginDto) on controller AuthService.API.Controllers.AuthController (AuthService.API).
2025-12-16 20:29:43.319 +03:00 [DBG] Execution plan of authorization filters (in the following order): ["None"]
2025-12-16 20:29:43.320 +03:00 [DBG] Execution plan of resource filters (in the following order): ["None"]
2025-12-16 20:29:43.321 +03:00 [DBG] Execution plan of action filters (in the following order): ["Microsoft.AspNetCore.Mvc.ModelBinding.UnsupportedContentTypeFilter (Order: -3000)","Microsoft.AspNetCore.Mvc.Infrastructure.ModelStateInvalidFilter (Order: -2000)"]
2025-12-16 20:29:43.322 +03:00 [DBG] Execution plan of exception filters (in the following order): ["None"]
2025-12-16 20:29:43.324 +03:00 [DBG] Execution plan of result filters (in the following order): ["Microsoft.AspNetCore.Mvc.Infrastructure.ClientErrorResultFilter (Order: -2000)","Microsoft.AspNetCore.Mvc.ProducesAttribute (Order: 0)"]
2025-12-16 20:29:43.325 +03:00 [DBG] Executing controller factory for controller AuthService.API.Controllers.AuthController (AuthService.API)
2025-12-16 20:29:43.327 +03:00 [DBG] Executed controller factory for controller AuthService.API.Controllers.AuthController (AuthService.API)
2025-12-16 20:29:43.328 +03:00 [DBG] Attempting to bind parameter 'userForLoginDto' of type 'AuthService.Entities.DTOs.UserForLoginDto' ...
2025-12-16 20:29:43.329 +03:00 [DBG] Attempting to bind parameter 'userForLoginDto' of type 'AuthService.Entities.DTOs.UserForLoginDto' using the name '' in request data ...
2025-12-16 20:29:43.331 +03:00 [DBG] Selected input formatter 'Microsoft.AspNetCore.Mvc.Formatters.SystemTextJsonInputFormatter' for content type 'application/json'.
2025-12-16 20:29:43.332 +03:00 [DBG] Connection id "0HNHSP1VKBGE8", Request id "0HNHSP1VKBGE8:00000003": started reading request body.
2025-12-16 20:29:43.333 +03:00 [DBG] Connection id "0HNHSP1VKBGE8", Request id "0HNHSP1VKBGE8:00000003": done reading request body.
2025-12-16 20:29:43.335 +03:00 [DBG] JSON input formatter succeeded, deserializing to type 'AuthService.Entities.DTOs.UserForLoginDto'
2025-12-16 20:29:43.336 +03:00 [DBG] Done attempting to bind parameter 'userForLoginDto' of type 'AuthService.Entities.DTOs.UserForLoginDto'.
2025-12-16 20:29:43.336 +03:00 [DBG] Done attempting to bind parameter 'userForLoginDto' of type 'AuthService.Entities.DTOs.UserForLoginDto'.
2025-12-16 20:29:43.338 +03:00 [DBG] Attempting to validate the bound parameter 'userForLoginDto' of type 'AuthService.Entities.DTOs.UserForLoginDto' ...
2025-12-16 20:29:43.342 +03:00 [DBG] Done attempting to validate the bound parameter 'userForLoginDto' of type 'AuthService.Entities.DTOs.UserForLoginDto'.
2025-12-16 20:29:43.380 +03:00 [DBG] Entity Framework Core 8.0.17 initialized 'AuthDbContext' using provider 'Npgsql.EntityFrameworkCore.PostgreSQL:8.0.10+18d07c54eacaffa5bf8128d47eecdb5255d86376' with options: None
2025-12-16 20:29:43.385 +03:00 [DBG] Creating DbConnection.
2025-12-16 20:29:43.386 +03:00 [DBG] Created DbConnection. (0ms).
2025-12-16 20:29:43.387 +03:00 [DBG] Opening connection to database 'AuthServiceDb_Dev' on server 'tcp://localhost:5432'.
2025-12-16 20:29:43.388 +03:00 [DBG] Opened connection to database 'AuthServiceDb_Dev' on server 'tcp://localhost:5432'.
2025-12-16 20:29:43.388 +03:00 [DBG] Creating DbCommand for 'ExecuteReader'.
2025-12-16 20:29:43.389 +03:00 [DBG] Created DbCommand for 'ExecuteReader' (0ms).
2025-12-16 20:29:43.390 +03:00 [DBG] Initialized DbCommand for 'ExecuteReader' (1ms).
2025-12-16 20:29:43.391 +03:00 [DBG] Executing DbCommand [Parameters=[@__email_0='?'], CommandType='"Text"', CommandTimeout='30']
SELECT u."Id", u."CreatedDate", u."Email", u."FailedLoginAttempts", u."FirstName", u."IdentityNumber", u."IsEmailVerified", u."LastName", u."LockoutEndTime", u."PasswordHash", u."PasswordSalt", u."PhoneNumber", u."RefreshToken", u."RefreshTokenExpiration", u."Status", u."UpdatedDate"
FROM "Users" AS u
WHERE u."Email" = @__email_0
LIMIT 1
2025-12-16 20:29:43.393 +03:00 [INF] Executed DbCommand (2ms) [Parameters=[@__email_0='?'], CommandType='"Text"', CommandTimeout='30']
SELECT u."Id", u."CreatedDate", u."Email", u."FailedLoginAttempts", u."FirstName", u."IdentityNumber", u."IsEmailVerified", u."LastName", u."LockoutEndTime", u."PasswordHash", u."PasswordSalt", u."PhoneNumber", u."RefreshToken", u."RefreshTokenExpiration", u."Status", u."UpdatedDate"
FROM "Users" AS u
WHERE u."Email" = @__email_0
LIMIT 1
2025-12-16 20:29:43.399 +03:00 [ERR] An exception occurred while iterating over the results of a query for context type 'AuthService.DataAccess.Concrete.EntityFramework.AuthDbContext'.
System.InvalidCastException: Column 'IdentityNumber' is null.
   at Npgsql.ThrowHelper.ThrowInvalidCastException_NoValue(FieldDescription field)
   at Npgsql.NpgsqlDataReader.DbNullValueOrThrow[T](Int32 ordinal)
   at Npgsql.NpgsqlDataReader.GetFieldValueCore[T](Int32 ordinal)
   at Npgsql.NpgsqlDataReader.GetString(Int32 ordinal)
   at lambda_method519(Closure, QueryContext, DbDataReader, ResultContext, SingleQueryResultCoordinator)
   at Microsoft.EntityFrameworkCore.Query.Internal.SingleQueryingEnumerable`1.Enumerator.MoveNext()
System.InvalidCastException: Column 'IdentityNumber' is null.
   at Npgsql.ThrowHelper.ThrowInvalidCastException_NoValue(FieldDescription field)
   at Npgsql.NpgsqlDataReader.DbNullValueOrThrow[T](Int32 ordinal)
   at Npgsql.NpgsqlDataReader.GetFieldValueCore[T](Int32 ordinal)
   at Npgsql.NpgsqlDataReader.GetString(Int32 ordinal)
   at lambda_method519(Closure, QueryContext, DbDataReader, ResultContext, SingleQueryResultCoordinator)
   at Microsoft.EntityFrameworkCore.Query.Internal.SingleQueryingEnumerable`1.Enumerator.MoveNext()
2025-12-16 20:29:56.138 +03:00 [DBG] Closing data reader to 'AuthServiceDb_Dev' on server 'tcp://localhost:5432'.
2025-12-16 20:29:56.143 +03:00 [DBG] A data reader for 'AuthServiceDb_Dev' on server 'tcp://localhost:5432' is being disposed after spending 12748ms reading results.
2025-12-16 20:29:56.144 +03:00 [DBG] Closing connection to database 'AuthServiceDb_Dev' on server 'tcp://localhost:5432'.
2025-12-16 20:29:56.145 +03:00 [DBG] Closed connection to database 'AuthServiceDb_Dev' on server 'tcp://localhost:5432' (0ms).
2025-12-16 20:29:56.148 +03:00 [INF] Executed action AuthService.API.Controllers.AuthController.Login (AuthService.API) in 12822.6095ms
2025-12-16 20:29:56.149 +03:00 [INF] Executed endpoint 'AuthService.API.Controllers.AuthController.Login (AuthService.API)'
2025-12-16 20:29:56.163 +03:00 [ERR] [User: Anonymous] [IP: ::1] POST /api/Auth/login - InvalidCastException: Column 'IdentityNumber' is null.
System.InvalidCastException: Column 'IdentityNumber' is null.
   at Npgsql.ThrowHelper.ThrowInvalidCastException_NoValue(FieldDescription field)
   at Npgsql.NpgsqlDataReader.DbNullValueOrThrow[T](Int32 ordinal)
   at Npgsql.NpgsqlDataReader.GetFieldValueCore[T](Int32 ordinal)
   at Npgsql.NpgsqlDataReader.GetString(Int32 ordinal)
   at lambda_method519(Closure, QueryContext, DbDataReader, ResultContext, SingleQueryResultCoordinator)
   at Microsoft.EntityFrameworkCore.Query.Internal.SingleQueryingEnumerable`1.Enumerator.MoveNext()
   at System.Linq.Enumerable.TryGetSingle[TSource](IEnumerable`1 source, Boolean& found)
   at lambda_method520(Closure, QueryContext)
   at Microsoft.EntityFrameworkCore.Query.Internal.QueryCompiler.Execute[TResult](Expression query)
   at Microsoft.EntityFrameworkCore.Query.Internal.EntityQueryProvider.Execute[TResult](Expression expression)
   at AuthService.DataAccess.Concrete.EntityFramework.EfUserDal.GetByEmail(String email) in C:\Users\atura\OneDrive\Masaüstü\Yarışma\appointment-reservation\backend\Services\AuthService\AuthService.DataAccess\Concrete\EntityFramework\EfUserDal.cs:line 30
   at AuthService.Business.Concrete.AuthManager.Login(UserForLoginDto userForLoginDto) in C:\Users\atura\OneDrive\Masaüstü\Yarışma\appointment-reservation\backend\Services\AuthService\AuthService.Business\Concrete\AuthManager.cs:line 105
   at AuthService.API.Controllers.AuthController.Login(UserForLoginDto userForLoginDto) in C:\Users\atura\OneDrive\Masaüstü\Yarışma\appointment-reservation\backend\Services\AuthService\AuthService.API\Controllers\AuthController.cs:line 54
   at lambda_method818(Closure, Object, Object[])
   at Microsoft.AspNetCore.Mvc.Infrastructure.ActionMethodExecutor.SyncActionResultExecutor.Execute(ActionContext actionContext, IActionResultTypeMapper mapper, ObjectMethodExecutor executor, Object controller, Object[] arguments)
   at Microsoft.AspNetCore.Mvc.Infrastructure.ControllerActionInvoker.InvokeActionMethodAsync()
   at Microsoft.AspNetCore.Mvc.Infrastructure.ControllerActionInvoker.Next(State& next, Scope& scope, Object& state, Boolean& isCompleted)
   at Microsoft.AspNetCore.Mvc.Infrastructure.ControllerActionInvoker.InvokeNextActionFilterAsync()
--- End of stack trace from previous location ---
   at Microsoft.AspNetCore.Mvc.Infrastructure.ControllerActionInvoker.Rethrow(ActionExecutedContextSealed context)
   at Microsoft.AspNetCore.Mvc.Infrastructure.ControllerActionInvoker.Next(State& next, Scope& scope, Object& state, Boolean& isCompleted)
   at Microsoft.AspNetCore.Mvc.Infrastructure.ControllerActionInvoker.InvokeInnerFilterAsync()
--- End of stack trace from previous location ---
   at Microsoft.AspNetCore.Mvc.Infrastructure.ResourceInvoker.<InvokeFilterPipelineAsync>g__Awaited|20_0(ResourceInvoker invoker, Task lastTask, State next, Scope scope, Object state, Boolean isCompleted)
   at Microsoft.AspNetCore.Mvc.Infrastructure.ResourceInvoker.<InvokeAsync>g__Logged|17_1(ResourceInvoker invoker)
   at Microsoft.AspNetCore.Mvc.Infrastructure.ResourceInvoker.<InvokeAsync>g__Logged|17_1(ResourceInvoker invoker)
   at Microsoft.AspNetCore.Routing.EndpointMiddleware.<Invoke>g__AwaitRequestTask|7_0(Endpoint endpoint, Task requestTask, ILogger logger)
   at Microsoft.AspNetCore.Authorization.AuthorizationMiddleware.Invoke(HttpContext context)
   at Microsoft.AspNetCore.Authentication.AuthenticationMiddleware.Invoke(HttpContext context)
   at Core.Extensions.ExceptionMiddleware.InvokeAsync(HttpContext context) in C:\Users\atura\OneDrive\Masaüstü\Yarışma\appointment-reservation\backend\Shared\Core\Extensions\ExceptionMiddleware.cs:line 29
2025-12-16 20:29:56.257 +03:00 [DBG] 'AuthDbContext' disposed.
2025-12-16 20:29:56.258 +03:00 [DBG] Disposing connection to database 'AuthServiceDb_Dev' on server 'tcp://localhost:5432'.
2025-12-16 20:29:56.259 +03:00 [DBG] Disposed connection to database 'AuthServiceDb_Dev' on server 'tcp://localhost:5432' (1ms).
2025-12-16 20:29:56.260 +03:00 [INF] Request finished HTTP/2 POST https://localhost:7001/api/Auth/login - 500 null application/json 12965.5664ms
2025-12-16 20:30:14.533 +03:00 [INF] Request starting HTTP/2 POST https://localhost:7001/api/Auth/register - application/json 220
2025-12-16 20:30:14.535 +03:00 [DBG] 1 candidate(s) found for the request path '/api/Auth/register'
2025-12-16 20:30:14.536 +03:00 [DBG] Endpoint 'AuthService.API.Controllers.AuthController.Register (AuthService.API)' with route pattern 'api/Auth/register' is valid for the request path '/api/Auth/register'
2025-12-16 20:30:14.537 +03:00 [DBG] Request matched endpoint 'AuthService.API.Controllers.AuthController.Register (AuthService.API)'
2025-12-16 20:30:14.537 +03:00 [DBG] Static files was skipped as the request already matched an endpoint.
2025-12-16 20:30:14.538 +03:00 [DBG] The request has an origin header: 'https://localhost:7001'.
2025-12-16 20:30:14.539 +03:00 [INF] CORS policy execution successful.
2025-12-16 20:30:14.539 +03:00 [DBG] AuthenticationScheme: Bearer was not authenticated.
2025-12-16 20:30:14.540 +03:00 [INF] Executing endpoint 'AuthService.API.Controllers.AuthController.Register (AuthService.API)'
2025-12-16 20:30:14.541 +03:00 [INF] Route matched with {action = "Register", controller = "Auth"}. Executing controller action with signature Microsoft.AspNetCore.Mvc.IActionResult Register(AuthService.Entities.DTOs.UserForRegisterDto) on controller AuthService.API.Controllers.AuthController (AuthService.API).
2025-12-16 20:30:14.542 +03:00 [DBG] Execution plan of authorization filters (in the following order): ["None"]
2025-12-16 20:30:14.543 +03:00 [DBG] Execution plan of resource filters (in the following order): ["None"]
2025-12-16 20:30:14.544 +03:00 [DBG] Execution plan of action filters (in the following order): ["Microsoft.AspNetCore.Mvc.ModelBinding.UnsupportedContentTypeFilter (Order: -3000)","Microsoft.AspNetCore.Mvc.Infrastructure.ModelStateInvalidFilter (Order: -2000)"]
2025-12-16 20:30:14.545 +03:00 [DBG] Execution plan of exception filters (in the following order): ["None"]
2025-12-16 20:30:14.546 +03:00 [DBG] Execution plan of result filters (in the following order): ["Microsoft.AspNetCore.Mvc.Infrastructure.ClientErrorResultFilter (Order: -2000)","Microsoft.AspNetCore.Mvc.ProducesAttribute (Order: 0)"]
2025-12-16 20:30:14.548 +03:00 [DBG] Executing controller factory for controller AuthService.API.Controllers.AuthController (AuthService.API)
2025-12-16 20:30:14.549 +03:00 [DBG] Executed controller factory for controller AuthService.API.Controllers.AuthController (AuthService.API)
2025-12-16 20:30:14.550 +03:00 [DBG] Attempting to bind parameter 'userForRegisterDto' of type 'AuthService.Entities.DTOs.UserForRegisterDto' ...
2025-12-16 20:30:14.551 +03:00 [DBG] Attempting to bind parameter 'userForRegisterDto' of type 'AuthService.Entities.DTOs.UserForRegisterDto' using the name '' in request data ...
2025-12-16 20:30:14.552 +03:00 [DBG] Selected input formatter 'Microsoft.AspNetCore.Mvc.Formatters.SystemTextJsonInputFormatter' for content type 'application/json'.
2025-12-16 20:30:14.553 +03:00 [DBG] Connection id "0HNHSP1VKBGE8", Request id "0HNHSP1VKBGE8:00000005": started reading request body.
2025-12-16 20:30:14.554 +03:00 [DBG] Connection id "0HNHSP1VKBGE8", Request id "0HNHSP1VKBGE8:00000005": done reading request body.
2025-12-16 20:30:14.555 +03:00 [DBG] JSON input formatter succeeded, deserializing to type 'AuthService.Entities.DTOs.UserForRegisterDto'
2025-12-16 20:30:14.556 +03:00 [DBG] Done attempting to bind parameter 'userForRegisterDto' of type 'AuthService.Entities.DTOs.UserForRegisterDto'.
2025-12-16 20:30:14.556 +03:00 [DBG] Done attempting to bind parameter 'userForRegisterDto' of type 'AuthService.Entities.DTOs.UserForRegisterDto'.
2025-12-16 20:30:14.557 +03:00 [DBG] Attempting to validate the bound parameter 'userForRegisterDto' of type 'AuthService.Entities.DTOs.UserForRegisterDto' ...
2025-12-16 20:30:14.559 +03:00 [DBG] Done attempting to validate the bound parameter 'userForRegisterDto' of type 'AuthService.Entities.DTOs.UserForRegisterDto'.
2025-12-16 20:30:25.644 +03:00 [DBG] Entity Framework Core 8.0.17 initialized 'AuthDbContext' using provider 'Npgsql.EntityFrameworkCore.PostgreSQL:8.0.10+18d07c54eacaffa5bf8128d47eecdb5255d86376' with options: None
2025-12-16 20:30:25.647 +03:00 [DBG] Creating DbConnection.
2025-12-16 20:30:25.647 +03:00 [DBG] Created DbConnection. (0ms).
2025-12-16 20:30:25.648 +03:00 [DBG] Opening connection to database 'AuthServiceDb_Dev' on server 'tcp://localhost:5432'.
2025-12-16 20:30:25.649 +03:00 [DBG] Opened connection to database 'AuthServiceDb_Dev' on server 'tcp://localhost:5432'.
2025-12-16 20:30:25.650 +03:00 [DBG] Creating DbCommand for 'ExecuteReader'.
2025-12-16 20:30:25.650 +03:00 [DBG] Created DbCommand for 'ExecuteReader' (0ms).
2025-12-16 20:30:25.651 +03:00 [DBG] Initialized DbCommand for 'ExecuteReader' (1ms).
2025-12-16 20:30:25.652 +03:00 [DBG] Executing DbCommand [Parameters=[@__email_0='?'], CommandType='"Text"', CommandTimeout='30']
SELECT u."Id", u."CreatedDate", u."Email", u."FailedLoginAttempts", u."FirstName", u."IdentityNumber", u."IsEmailVerified", u."LastName", u."LockoutEndTime", u."PasswordHash", u."PasswordSalt", u."PhoneNumber", u."RefreshToken", u."RefreshTokenExpiration", u."Status", u."UpdatedDate"
FROM "Users" AS u
WHERE u."Email" = @__email_0
LIMIT 1
2025-12-16 20:30:25.654 +03:00 [INF] Executed DbCommand (2ms) [Parameters=[@__email_0='?'], CommandType='"Text"', CommandTimeout='30']
SELECT u."Id", u."CreatedDate", u."Email", u."FailedLoginAttempts", u."FirstName", u."IdentityNumber", u."IsEmailVerified", u."LastName", u."LockoutEndTime", u."PasswordHash", u."PasswordSalt", u."PhoneNumber", u."RefreshToken", u."RefreshTokenExpiration", u."Status", u."UpdatedDate"
FROM "Users" AS u
WHERE u."Email" = @__email_0
LIMIT 1
2025-12-16 20:30:25.655 +03:00 [DBG] Closing data reader to 'AuthServiceDb_Dev' on server 'tcp://localhost:5432'.
2025-12-16 20:30:25.656 +03:00 [DBG] A data reader for 'AuthServiceDb_Dev' on server 'tcp://localhost:5432' is being disposed after spending 0ms reading results.
2025-12-16 20:30:25.658 +03:00 [DBG] Closing connection to database 'AuthServiceDb_Dev' on server 'tcp://localhost:5432'.
2025-12-16 20:30:25.659 +03:00 [DBG] Closed connection to database 'AuthServiceDb_Dev' on server 'tcp://localhost:5432' (1ms).
2025-12-16 20:30:25.661 +03:00 [DBG] 'AuthDbContext' generated a temporary value for the property 'User.Id'. Consider using 'DbContextOptionsBuilder.EnableSensitiveDataLogging' to see key values.
2025-12-16 20:30:25.662 +03:00 [DBG] Context 'AuthDbContext' started tracking 'User' entity. Consider using 'DbContextOptionsBuilder.EnableSensitiveDataLogging' to see key values.
2025-12-16 20:30:25.663 +03:00 [DBG] SaveChanges starting for 'AuthDbContext'.
2025-12-16 20:30:25.664 +03:00 [DBG] DetectChanges starting for 'AuthDbContext'.
2025-12-16 20:30:25.665 +03:00 [DBG] DetectChanges completed for 'AuthDbContext'.
2025-12-16 20:30:25.666 +03:00 [DBG] Opening connection to database 'AuthServiceDb_Dev' on server 'tcp://localhost:5432'.
2025-12-16 20:30:25.667 +03:00 [DBG] Opened connection to database 'AuthServiceDb_Dev' on server 'tcp://localhost:5432'.
2025-12-16 20:30:25.668 +03:00 [DBG] Creating DbCommand for 'ExecuteReader'.
2025-12-16 20:30:25.669 +03:00 [DBG] Created DbCommand for 'ExecuteReader' (0ms).
2025-12-16 20:30:25.670 +03:00 [DBG] Initialized DbCommand for 'ExecuteReader' (1ms).
2025-12-16 20:30:25.671 +03:00 [DBG] Executing DbCommand [Parameters=[@p0='?' (DbType = DateTime), @p1='?', @p2='?' (DbType = Int32), @p3='?', @p4='?', @p5='?' (DbType = Boolean), @p6='?', @p7='?' (DbType = DateTime), @p8='?' (DbType = Binary), @p9='?' (DbType = Binary), @p10='?', @p11='?', @p12='?' (DbType = DateTime), @p13='?' (DbType = Boolean), @p14='?' (DbType = DateTime)], CommandType='"Text"', CommandTimeout='30']
INSERT INTO "Users" ("CreatedDate", "Email", "FailedLoginAttempts", "FirstName", "IdentityNumber", "IsEmailVerified", "LastName", "LockoutEndTime", "PasswordHash", "PasswordSalt", "PhoneNumber", "RefreshToken", "RefreshTokenExpiration", "Status", "UpdatedDate")
VALUES (@p0, @p1, @p2, @p3, @p4, @p5, @p6, @p7, @p8, @p9, @p10, @p11, @p12, @p13, @p14)
RETURNING "Id";
2025-12-16 20:30:25.673 +03:00 [INF] Executed DbCommand (3ms) [Parameters=[@p0='?' (DbType = DateTime), @p1='?', @p2='?' (DbType = Int32), @p3='?', @p4='?', @p5='?' (DbType = Boolean), @p6='?', @p7='?' (DbType = DateTime), @p8='?' (DbType = Binary), @p9='?' (DbType = Binary), @p10='?', @p11='?', @p12='?' (DbType = DateTime), @p13='?' (DbType = Boolean), @p14='?' (DbType = DateTime)], CommandType='"Text"', CommandTimeout='30']
INSERT INTO "Users" ("CreatedDate", "Email", "FailedLoginAttempts", "FirstName", "IdentityNumber", "IsEmailVerified", "LastName", "LockoutEndTime", "PasswordHash", "PasswordSalt", "PhoneNumber", "RefreshToken", "RefreshTokenExpiration", "Status", "UpdatedDate")
VALUES (@p0, @p1, @p2, @p3, @p4, @p5, @p6, @p7, @p8, @p9, @p10, @p11, @p12, @p13, @p14)
RETURNING "Id";
2025-12-16 20:30:25.675 +03:00 [DBG] The foreign key property 'User.Id' was detected as changed. Consider using 'DbContextOptionsBuilder.EnableSensitiveDataLogging' to see property values.
2025-12-16 20:30:25.676 +03:00 [DBG] Closing data reader to 'AuthServiceDb_Dev' on server 'tcp://localhost:5432'.
2025-12-16 20:30:25.677 +03:00 [DBG] A data reader for 'AuthServiceDb_Dev' on server 'tcp://localhost:5432' is being disposed after spending 1ms reading results.
2025-12-16 20:30:25.678 +03:00 [DBG] Closing connection to database 'AuthServiceDb_Dev' on server 'tcp://localhost:5432'.
2025-12-16 20:30:25.679 +03:00 [DBG] Closed connection to database 'AuthServiceDb_Dev' on server 'tcp://localhost:5432' (0ms).
2025-12-16 20:30:25.680 +03:00 [DBG] An entity of type 'User' tracked by 'AuthDbContext' changed state from '"Added"' to '"Unchanged"'. Consider using 'DbContextOptionsBuilder.EnableSensitiveDataLogging' to see key values.
2025-12-16 20:30:25.682 +03:00 [DBG] SaveChanges completed for 'AuthDbContext' with 1 entities written to the database.
2025-12-16 20:30:25.684 +03:00 [DBG] Opening connection to database 'AuthServiceDb_Dev' on server 'tcp://localhost:5432'.
2025-12-16 20:30:25.685 +03:00 [DBG] Opened connection to database 'AuthServiceDb_Dev' on server 'tcp://localhost:5432'.
2025-12-16 20:30:25.686 +03:00 [DBG] Creating DbCommand for 'ExecuteReader'.
2025-12-16 20:30:25.687 +03:00 [DBG] Created DbCommand for 'ExecuteReader' (1ms).
2025-12-16 20:30:25.688 +03:00 [DBG] Initialized DbCommand for 'ExecuteReader' (1ms).
2025-12-16 20:30:25.690 +03:00 [DBG] Executing DbCommand [Parameters=[@__name_0='?'], CommandType='"Text"', CommandTimeout='30']
SELECT o."Id", o."CreatedDate", o."Description", o."Name"
FROM "OperationClaims" AS o
WHERE o."Name" = @__name_0
LIMIT 1
2025-12-16 20:30:25.691 +03:00 [INF] Executed DbCommand (2ms) [Parameters=[@__name_0='?'], CommandType='"Text"', CommandTimeout='30']
SELECT o."Id", o."CreatedDate", o."Description", o."Name"
FROM "OperationClaims" AS o
WHERE o."Name" = @__name_0
LIMIT 1
2025-12-16 20:30:25.693 +03:00 [DBG] Context 'AuthDbContext' started tracking 'OperationClaim' entity. Consider using 'DbContextOptionsBuilder.EnableSensitiveDataLogging' to see key values.
2025-12-16 20:30:25.694 +03:00 [DBG] Closing data reader to 'AuthServiceDb_Dev' on server 'tcp://localhost:5432'.
2025-12-16 20:30:25.695 +03:00 [DBG] A data reader for 'AuthServiceDb_Dev' on server 'tcp://localhost:5432' is being disposed after spending 2ms reading results.
2025-12-16 20:30:25.696 +03:00 [DBG] Closing connection to database 'AuthServiceDb_Dev' on server 'tcp://localhost:5432'.
2025-12-16 20:30:25.697 +03:00 [DBG] Closed connection to database 'AuthServiceDb_Dev' on server 'tcp://localhost:5432' (0ms).
2025-12-16 20:30:25.698 +03:00 [DBG] 'AuthDbContext' generated a temporary value for the property 'UserOperationClaim.Id'. Consider using 'DbContextOptionsBuilder.EnableSensitiveDataLogging' to see key values.
2025-12-16 20:30:25.700 +03:00 [DBG] The navigation 'UserOperationClaim.OperationClaim' was detected as changed. Consider using 'DbContextOptionsBuilder.EnableSensitiveDataLogging' to see key values.
2025-12-16 20:30:25.701 +03:00 [DBG] The navigation 'UserOperationClaim.User' was detected as changed. Consider using 'DbContextOptionsBuilder.EnableSensitiveDataLogging' to see key values.
2025-12-16 20:30:25.702 +03:00 [DBG] Context 'AuthDbContext' started tracking 'UserOperationClaim' entity. Consider using 'DbContextOptionsBuilder.EnableSensitiveDataLogging' to see key values.
2025-12-16 20:30:25.703 +03:00 [DBG] SaveChanges starting for 'AuthDbContext'.
2025-12-16 20:30:25.703 +03:00 [DBG] DetectChanges starting for 'AuthDbContext'.
2025-12-16 20:30:25.704 +03:00 [DBG] DetectChanges completed for 'AuthDbContext'.
2025-12-16 20:30:25.705 +03:00 [DBG] Opening connection to database 'AuthServiceDb_Dev' on server 'tcp://localhost:5432'.
2025-12-16 20:30:25.706 +03:00 [DBG] Opened connection to database 'AuthServiceDb_Dev' on server 'tcp://localhost:5432'.
2025-12-16 20:30:25.708 +03:00 [DBG] Creating DbCommand for 'ExecuteReader'.
2025-12-16 20:30:25.708 +03:00 [DBG] Created DbCommand for 'ExecuteReader' (0ms).
2025-12-16 20:30:25.709 +03:00 [DBG] Initialized DbCommand for 'ExecuteReader' (1ms).
2025-12-16 20:30:25.710 +03:00 [DBG] Executing DbCommand [Parameters=[@p0='?' (DbType = DateTime), @p1='?' (DbType = Int32), @p2='?' (DbType = Int32)], CommandType='"Text"', CommandTimeout='30']
INSERT INTO "UserOperationClaims" ("CreatedDate", "OperationClaimId", "UserId")
VALUES (@p0, @p1, @p2)
RETURNING "Id";
2025-12-16 20:30:25.714 +03:00 [INF] Executed DbCommand (4ms) [Parameters=[@p0='?' (DbType = DateTime), @p1='?' (DbType = Int32), @p2='?' (DbType = Int32)], CommandType='"Text"', CommandTimeout='30']
INSERT INTO "UserOperationClaims" ("CreatedDate", "OperationClaimId", "UserId")
VALUES (@p0, @p1, @p2)
RETURNING "Id";
2025-12-16 20:30:25.716 +03:00 [DBG] The foreign key property 'UserOperationClaim.Id' was detected as changed. Consider using 'DbContextOptionsBuilder.EnableSensitiveDataLogging' to see property values.
2025-12-16 20:30:25.717 +03:00 [DBG] Closing data reader to 'AuthServiceDb_Dev' on server 'tcp://localhost:5432'.
2025-12-16 20:30:25.718 +03:00 [DBG] A data reader for 'AuthServiceDb_Dev' on server 'tcp://localhost:5432' is being disposed after spending 1ms reading results.
2025-12-16 20:30:25.719 +03:00 [DBG] Closing connection to database 'AuthServiceDb_Dev' on server 'tcp://localhost:5432'.
2025-12-16 20:30:25.720 +03:00 [DBG] Closed connection to database 'AuthServiceDb_Dev' on server 'tcp://localhost:5432' (1ms).
2025-12-16 20:30:25.722 +03:00 [DBG] An entity of type 'UserOperationClaim' tracked by 'AuthDbContext' changed state from '"Added"' to '"Unchanged"'. Consider using 'DbContextOptionsBuilder.EnableSensitiveDataLogging' to see key values.
2025-12-16 20:30:25.723 +03:00 [DBG] SaveChanges completed for 'AuthDbContext' with 1 entities written to the database.
2025-12-16 20:30:25.725 +03:00 [DBG] Opening connection to database 'AuthServiceDb_Dev' on server 'tcp://localhost:5432'.
2025-12-16 20:30:25.726 +03:00 [DBG] Opened connection to database 'AuthServiceDb_Dev' on server 'tcp://localhost:5432'.
2025-12-16 20:30:25.727 +03:00 [DBG] Creating DbCommand for 'ExecuteReader'.
2025-12-16 20:30:25.728 +03:00 [DBG] Created DbCommand for 'ExecuteReader' (0ms).
2025-12-16 20:30:25.729 +03:00 [DBG] Initialized DbCommand for 'ExecuteReader' (1ms).
2025-12-16 20:30:25.730 +03:00 [DBG] Executing DbCommand [Parameters=[@__user_Id_0='?' (DbType = Int32)], CommandType='"Text"', CommandTimeout='30']
SELECT o."Id", o."Name", o."Description"
FROM "OperationClaims" AS o
INNER JOIN "UserOperationClaims" AS u ON o."Id" = u."OperationClaimId"
WHERE u."UserId" = @__user_Id_0
2025-12-16 20:30:25.731 +03:00 [INF] Executed DbCommand (2ms) [Parameters=[@__user_Id_0='?' (DbType = Int32)], CommandType='"Text"', CommandTimeout='30']
SELECT o."Id", o."Name", o."Description"
FROM "OperationClaims" AS o
INNER JOIN "UserOperationClaims" AS u ON o."Id" = u."OperationClaimId"
WHERE u."UserId" = @__user_Id_0
2025-12-16 20:30:25.733 +03:00 [DBG] Closing data reader to 'AuthServiceDb_Dev' on server 'tcp://localhost:5432'.
2025-12-16 20:30:25.734 +03:00 [DBG] A data reader for 'AuthServiceDb_Dev' on server 'tcp://localhost:5432' is being disposed after spending 0ms reading results.
2025-12-16 20:30:25.735 +03:00 [DBG] Closing connection to database 'AuthServiceDb_Dev' on server 'tcp://localhost:5432'.
2025-12-16 20:30:25.736 +03:00 [DBG] Closed connection to database 'AuthServiceDb_Dev' on server 'tcp://localhost:5432' (0ms).
2025-12-16 20:30:25.738 +03:00 [DBG] The unchanged property 'User.RefreshToken' was detected as changed and will be marked as modified. Consider using 'DbContextOptionsBuilder.EnableSensitiveDataLogging' to see property values.
2025-12-16 20:30:25.739 +03:00 [DBG] An entity of type 'User' tracked by 'AuthDbContext' changed state from '"Unchanged"' to '"Modified"'. Consider using 'DbContextOptionsBuilder.EnableSensitiveDataLogging' to see key values.
2025-12-16 20:30:25.740 +03:00 [DBG] The unchanged property 'User.RefreshTokenExpiration' was detected as changed and will be marked as modified. Consider using 'DbContextOptionsBuilder.EnableSensitiveDataLogging' to see property values.
2025-12-16 20:30:25.741 +03:00 [DBG] SaveChanges starting for 'AuthDbContext'.
2025-12-16 20:30:25.742 +03:00 [DBG] DetectChanges starting for 'AuthDbContext'.
2025-12-16 20:30:25.743 +03:00 [DBG] DetectChanges completed for 'AuthDbContext'.
2025-12-16 20:30:25.745 +03:00 [DBG] Opening connection to database 'AuthServiceDb_Dev' on server 'tcp://localhost:5432'.
2025-12-16 20:30:25.745 +03:00 [DBG] Opened connection to database 'AuthServiceDb_Dev' on server 'tcp://localhost:5432'.
2025-12-16 20:30:25.746 +03:00 [DBG] Creating DbCommand for 'ExecuteReader'.
2025-12-16 20:30:25.747 +03:00 [DBG] Created DbCommand for 'ExecuteReader' (0ms).
2025-12-16 20:30:25.748 +03:00 [DBG] Initialized DbCommand for 'ExecuteReader' (1ms).
2025-12-16 20:30:25.749 +03:00 [DBG] Executing DbCommand [Parameters=[@p15='?' (DbType = Int32), @p0='?' (DbType = DateTime), @p1='?', @p2='?' (DbType = Int32), @p3='?', @p4='?', @p5='?' (DbType = Boolean), @p6='?', @p7='?' (DbType = DateTime), @p8='?' (DbType = Binary), @p9='?' (DbType = Binary), @p10='?', @p11='?', @p12='?' (DbType = DateTime), @p13='?' (DbType = Boolean), @p14='?' (DbType = DateTime)], CommandType='"Text"', CommandTimeout='30']
UPDATE "Users" SET "CreatedDate" = @p0, "Email" = @p1, "FailedLoginAttempts" = @p2, "FirstName" = @p3, "IdentityNumber" = @p4, "IsEmailVerified" = @p5, "LastName" = @p6, "LockoutEndTime" = @p7, "PasswordHash" = @p8, "PasswordSalt" = @p9, "PhoneNumber" = @p10, "RefreshToken" = @p11, "RefreshTokenExpiration" = @p12, "Status" = @p13, "UpdatedDate" = @p14
WHERE "Id" = @p15;
2025-12-16 20:30:25.752 +03:00 [INF] Executed DbCommand (3ms) [Parameters=[@p15='?' (DbType = Int32), @p0='?' (DbType = DateTime), @p1='?', @p2='?' (DbType = Int32), @p3='?', @p4='?', @p5='?' (DbType = Boolean), @p6='?', @p7='?' (DbType = DateTime), @p8='?' (DbType = Binary), @p9='?' (DbType = Binary), @p10='?', @p11='?', @p12='?' (DbType = DateTime), @p13='?' (DbType = Boolean), @p14='?' (DbType = DateTime)], CommandType='"Text"', CommandTimeout='30']
UPDATE "Users" SET "CreatedDate" = @p0, "Email" = @p1, "FailedLoginAttempts" = @p2, "FirstName" = @p3, "IdentityNumber" = @p4, "IsEmailVerified" = @p5, "LastName" = @p6, "LockoutEndTime" = @p7, "PasswordHash" = @p8, "PasswordSalt" = @p9, "PhoneNumber" = @p10, "RefreshToken" = @p11, "RefreshTokenExpiration" = @p12, "Status" = @p13, "UpdatedDate" = @p14
WHERE "Id" = @p15;
2025-12-16 20:30:25.754 +03:00 [DBG] Closing data reader to 'AuthServiceDb_Dev' on server 'tcp://localhost:5432'.
2025-12-16 20:30:25.755 +03:00 [DBG] A data reader for 'AuthServiceDb_Dev' on server 'tcp://localhost:5432' is being disposed after spending 0ms reading results.
2025-12-16 20:30:25.756 +03:00 [DBG] Closing connection to database 'AuthServiceDb_Dev' on server 'tcp://localhost:5432'.
2025-12-16 20:30:25.757 +03:00 [DBG] Closed connection to database 'AuthServiceDb_Dev' on server 'tcp://localhost:5432' (0ms).
2025-12-16 20:30:25.758 +03:00 [DBG] An entity of type 'User' tracked by 'AuthDbContext' changed state from '"Modified"' to '"Unchanged"'. Consider using 'DbContextOptionsBuilder.EnableSensitiveDataLogging' to see key values.
2025-12-16 20:30:25.759 +03:00 [DBG] SaveChanges completed for 'AuthDbContext' with 1 entities written to the database.
2025-12-16 20:30:46.397 +03:00 [INF] Start processing HTTP request POST https://localhost:7296/api/Patients
2025-12-16 20:30:46.397 +03:00 [INF] Sending HTTP request POST https://localhost:7296/api/Patients
2025-12-16 20:30:46.414 +03:00 [DBG] List of registered output formatters, in the following order: ["Microsoft.AspNetCore.Mvc.Formatters.HttpNoContentOutputFormatter","Microsoft.AspNetCore.Mvc.Formatters.StringOutputFormatter","Microsoft.AspNetCore.Mvc.Formatters.StreamOutputFormatter","Microsoft.AspNetCore.Mvc.Formatters.SystemTextJsonOutputFormatter"]
2025-12-16 20:30:46.419 +03:00 [DBG] Attempting to select an output formatter based on Accept header '["application/json"]' and explicitly specified content types '["application/json"]'. The content types in the accept header must be a subset of the explicitly set content types.
2025-12-16 20:30:46.422 +03:00 [DBG] Selected output formatter 'Microsoft.AspNetCore.Mvc.Formatters.SystemTextJsonOutputFormatter' and content type 'application/json' to write the response.
2025-12-16 20:30:46.423 +03:00 [INF] Executing OkObjectResult, writing value of type 'Core.Extensions.ApiResponse`1[[AuthService.Entities.DTOs.TokenDto, AuthService.Entities, Version=1.0.0.0, Culture=neutral, PublicKeyToken=null]]'.
2025-12-16 20:30:46.424 +03:00 [INF] Executed action AuthService.API.Controllers.AuthController.Register (AuthService.API) in 31876.4133ms
2025-12-16 20:30:46.425 +03:00 [INF] Executed endpoint 'AuthService.API.Controllers.AuthController.Register (AuthService.API)'
2025-12-16 20:30:46.426 +03:00 [INF] [User: Anonymous] [IP: ::1] POST /api/Auth/register -> 200
2025-12-16 20:30:46.427 +03:00 [DBG] 'AuthDbContext' disposed.
2025-12-16 20:30:46.429 +03:00 [DBG] Disposing connection to database 'AuthServiceDb_Dev' on server 'tcp://localhost:5432'.
2025-12-16 20:30:46.430 +03:00 [DBG] Disposed connection to database 'AuthServiceDb_Dev' on server 'tcp://localhost:5432' (1ms).
2025-12-16 20:30:46.431 +03:00 [INF] Request finished HTTP/2 POST https://localhost:7001/api/Auth/register - 200 null application/json; charset=utf-8 31898.7647ms
2025-12-16 20:30:53.131 +03:00 [INF] Received HTTP response headers after 6732.4498ms - 500
2025-12-16 20:30:53.132 +03:00 [INF] End processing HTTP request after 6735.4739ms - 500
2025-12-16 20:31:00.155 +03:00 [DBG] HttpMessageHandler expired after 120000ms for client 'IPatientService'
2025-12-16 20:31:10.159 +03:00 [DBG] Starting HttpMessageHandler cleanup cycle with 1 items
2025-12-16 20:31:10.162 +03:00 [DBG] Ending HttpMessageHandler cleanup cycle after 0.0432ms - processed: 0 items - remaining: 1 items
2025-12-16 20:31:15.702 +03:00 [INF] Request starting HTTP/2 POST https://localhost:7001/api/Auth/login - application/json 59
2025-12-16 20:31:15.711 +03:00 [DBG] 1 candidate(s) found for the request path '/api/Auth/login'
2025-12-16 20:31:15.712 +03:00 [DBG] Endpoint 'AuthService.API.Controllers.AuthController.Login (AuthService.API)' with route pattern 'api/Auth/login' is valid for the request path '/api/Auth/login'
2025-12-16 20:31:15.714 +03:00 [DBG] Request matched endpoint 'AuthService.API.Controllers.AuthController.Login (AuthService.API)'
2025-12-16 20:31:15.715 +03:00 [DBG] Static files was skipped as the request already matched an endpoint.
2025-12-16 20:31:15.716 +03:00 [DBG] The request has an origin header: 'https://localhost:7001'.
2025-12-16 20:31:15.717 +03:00 [INF] CORS policy execution successful.
2025-12-16 20:31:15.718 +03:00 [DBG] AuthenticationScheme: Bearer was not authenticated.
2025-12-16 20:31:15.719 +03:00 [INF] Executing endpoint 'AuthService.API.Controllers.AuthController.Login (AuthService.API)'
2025-12-16 20:31:15.720 +03:00 [INF] Route matched with {action = "Login", controller = "Auth"}. Executing controller action with signature Microsoft.AspNetCore.Mvc.IActionResult Login(AuthService.Entities.DTOs.UserForLoginDto) on controller AuthService.API.Controllers.AuthController (AuthService.API).
2025-12-16 20:31:15.721 +03:00 [DBG] Execution plan of authorization filters (in the following order): ["None"]
2025-12-16 20:31:15.722 +03:00 [DBG] Execution plan of resource filters (in the following order): ["None"]
2025-12-16 20:31:15.723 +03:00 [DBG] Execution plan of action filters (in the following order): ["Microsoft.AspNetCore.Mvc.ModelBinding.UnsupportedContentTypeFilter (Order: -3000)","Microsoft.AspNetCore.Mvc.Infrastructure.ModelStateInvalidFilter (Order: -2000)"]
2025-12-16 20:31:15.724 +03:00 [DBG] Execution plan of exception filters (in the following order): ["None"]
2025-12-16 20:31:15.725 +03:00 [DBG] Execution plan of result filters (in the following order): ["Microsoft.AspNetCore.Mvc.Infrastructure.ClientErrorResultFilter (Order: -2000)","Microsoft.AspNetCore.Mvc.ProducesAttribute (Order: 0)"]
2025-12-16 20:31:15.727 +03:00 [DBG] Executing controller factory for controller AuthService.API.Controllers.AuthController (AuthService.API)
2025-12-16 20:31:15.729 +03:00 [DBG] Executed controller factory for controller AuthService.API.Controllers.AuthController (AuthService.API)
2025-12-16 20:31:15.730 +03:00 [DBG] Attempting to bind parameter 'userForLoginDto' of type 'AuthService.Entities.DTOs.UserForLoginDto' ...
2025-12-16 20:31:15.730 +03:00 [DBG] Attempting to bind parameter 'userForLoginDto' of type 'AuthService.Entities.DTOs.UserForLoginDto' using the name '' in request data ...
2025-12-16 20:31:15.731 +03:00 [DBG] Selected input formatter 'Microsoft.AspNetCore.Mvc.Formatters.SystemTextJsonInputFormatter' for content type 'application/json'.
2025-12-16 20:31:15.732 +03:00 [DBG] Connection id "0HNHSP1VKBGE8", Request id "0HNHSP1VKBGE8:00000007": started reading request body.
2025-12-16 20:31:15.733 +03:00 [DBG] Connection id "0HNHSP1VKBGE8", Request id "0HNHSP1VKBGE8:00000007": done reading request body.
2025-12-16 20:31:15.734 +03:00 [DBG] JSON input formatter succeeded, deserializing to type 'AuthService.Entities.DTOs.UserForLoginDto'
2025-12-16 20:31:15.735 +03:00 [DBG] Done attempting to bind parameter 'userForLoginDto' of type 'AuthService.Entities.DTOs.UserForLoginDto'.
2025-12-16 20:31:15.736 +03:00 [DBG] Done attempting to bind parameter 'userForLoginDto' of type 'AuthService.Entities.DTOs.UserForLoginDto'.
2025-12-16 20:31:15.737 +03:00 [DBG] Attempting to validate the bound parameter 'userForLoginDto' of type 'AuthService.Entities.DTOs.UserForLoginDto' ...
2025-12-16 20:31:15.738 +03:00 [DBG] Done attempting to validate the bound parameter 'userForLoginDto' of type 'AuthService.Entities.DTOs.UserForLoginDto'.
2025-12-16 20:31:15.739 +03:00 [DBG] Entity Framework Core 8.0.17 initialized 'AuthDbContext' using provider 'Npgsql.EntityFrameworkCore.PostgreSQL:8.0.10+18d07c54eacaffa5bf8128d47eecdb5255d86376' with options: None
2025-12-16 20:31:15.741 +03:00 [DBG] Creating DbConnection.
2025-12-16 20:31:15.742 +03:00 [DBG] Created DbConnection. (0ms).
2025-12-16 20:31:15.742 +03:00 [DBG] Opening connection to database 'AuthServiceDb_Dev' on server 'tcp://localhost:5432'.
2025-12-16 20:31:15.743 +03:00 [DBG] Opened connection to database 'AuthServiceDb_Dev' on server 'tcp://localhost:5432'.
2025-12-16 20:31:15.744 +03:00 [DBG] Creating DbCommand for 'ExecuteReader'.
2025-12-16 20:31:15.745 +03:00 [DBG] Created DbCommand for 'ExecuteReader' (0ms).
2025-12-16 20:31:15.746 +03:00 [DBG] Initialized DbCommand for 'ExecuteReader' (1ms).
2025-12-16 20:31:15.746 +03:00 [DBG] Executing DbCommand [Parameters=[@__email_0='?'], CommandType='"Text"', CommandTimeout='30']
SELECT u."Id", u."CreatedDate", u."Email", u."FailedLoginAttempts", u."FirstName", u."IdentityNumber", u."IsEmailVerified", u."LastName", u."LockoutEndTime", u."PasswordHash", u."PasswordSalt", u."PhoneNumber", u."RefreshToken", u."RefreshTokenExpiration", u."Status", u."UpdatedDate"
FROM "Users" AS u
WHERE u."Email" = @__email_0
LIMIT 1
2025-12-16 20:31:15.748 +03:00 [INF] Executed DbCommand (2ms) [Parameters=[@__email_0='?'], CommandType='"Text"', CommandTimeout='30']
SELECT u."Id", u."CreatedDate", u."Email", u."FailedLoginAttempts", u."FirstName", u."IdentityNumber", u."IsEmailVerified", u."LastName", u."LockoutEndTime", u."PasswordHash", u."PasswordSalt", u."PhoneNumber", u."RefreshToken", u."RefreshTokenExpiration", u."Status", u."UpdatedDate"
FROM "Users" AS u
WHERE u."Email" = @__email_0
LIMIT 1
2025-12-16 20:31:15.750 +03:00 [ERR] An exception occurred while iterating over the results of a query for context type 'AuthService.DataAccess.Concrete.EntityFramework.AuthDbContext'.
System.InvalidCastException: Column 'IdentityNumber' is null.
   at Npgsql.ThrowHelper.ThrowInvalidCastException_NoValue(FieldDescription field)
   at Npgsql.NpgsqlDataReader.DbNullValueOrThrow[T](Int32 ordinal)
   at Npgsql.NpgsqlDataReader.GetFieldValueCore[T](Int32 ordinal)
   at Npgsql.NpgsqlDataReader.GetString(Int32 ordinal)
   at lambda_method519(Closure, QueryContext, DbDataReader, ResultContext, SingleQueryResultCoordinator)
   at Microsoft.EntityFrameworkCore.Query.Internal.SingleQueryingEnumerable`1.Enumerator.MoveNext()
System.InvalidCastException: Column 'IdentityNumber' is null.
   at Npgsql.ThrowHelper.ThrowInvalidCastException_NoValue(FieldDescription field)
   at Npgsql.NpgsqlDataReader.DbNullValueOrThrow[T](Int32 ordinal)
   at Npgsql.NpgsqlDataReader.GetFieldValueCore[T](Int32 ordinal)
   at Npgsql.NpgsqlDataReader.GetString(Int32 ordinal)
   at lambda_method519(Closure, QueryContext, DbDataReader, ResultContext, SingleQueryResultCoordinator)
   at Microsoft.EntityFrameworkCore.Query.Internal.SingleQueryingEnumerable`1.Enumerator.MoveNext()
2025-12-16 20:31:20.017 +03:00 [DBG] Closing data reader to 'AuthServiceDb_Dev' on server 'tcp://localhost:5432'.
2025-12-16 20:31:20.019 +03:00 [DBG] A data reader for 'AuthServiceDb_Dev' on server 'tcp://localhost:5432' is being disposed after spending 4268ms reading results.
2025-12-16 20:31:20.020 +03:00 [DBG] Closing connection to database 'AuthServiceDb_Dev' on server 'tcp://localhost:5432'.
2025-12-16 20:31:20.021 +03:00 [DBG] Closed connection to database 'AuthServiceDb_Dev' on server 'tcp://localhost:5432' (0ms).
2025-12-16 20:31:20.022 +03:00 [INF] Executed action AuthService.API.Controllers.AuthController.Login (AuthService.API) in 4295.7291ms
2025-12-16 20:31:20.023 +03:00 [INF] Executed endpoint 'AuthService.API.Controllers.AuthController.Login (AuthService.API)'
2025-12-16 20:31:20.035 +03:00 [ERR] [User: Anonymous] [IP: ::1] POST /api/Auth/login - InvalidCastException: Column 'IdentityNumber' is null.
System.InvalidCastException: Column 'IdentityNumber' is null.
   at Npgsql.ThrowHelper.ThrowInvalidCastException_NoValue(FieldDescription field)
   at Npgsql.NpgsqlDataReader.DbNullValueOrThrow[T](Int32 ordinal)
   at Npgsql.NpgsqlDataReader.GetFieldValueCore[T](Int32 ordinal)
   at Npgsql.NpgsqlDataReader.GetString(Int32 ordinal)
   at lambda_method519(Closure, QueryContext, DbDataReader, ResultContext, SingleQueryResultCoordinator)
   at Microsoft.EntityFrameworkCore.Query.Internal.SingleQueryingEnumerable`1.Enumerator.MoveNext()
   at System.Linq.Enumerable.TryGetSingle[TSource](IEnumerable`1 source, Boolean& found)
   at lambda_method520(Closure, QueryContext)
   at Microsoft.EntityFrameworkCore.Query.Internal.QueryCompiler.Execute[TResult](Expression query)
   at Microsoft.EntityFrameworkCore.Query.Internal.EntityQueryProvider.Execute[TResult](Expression expression)
   at AuthService.DataAccess.Concrete.EntityFramework.EfUserDal.GetByEmail(String email) in C:\Users\atura\OneDrive\Masaüstü\Yarışma\appointment-reservation\backend\Services\AuthService\AuthService.DataAccess\Concrete\EntityFramework\EfUserDal.cs:line 30
   at AuthService.Business.Concrete.AuthManager.Login(UserForLoginDto userForLoginDto) in C:\Users\atura\OneDrive\Masaüstü\Yarışma\appointment-reservation\backend\Services\AuthService\AuthService.Business\Concrete\AuthManager.cs:line 105
   at AuthService.API.Controllers.AuthController.Login(UserForLoginDto userForLoginDto) in C:\Users\atura\OneDrive\Masaüstü\Yarışma\appointment-reservation\backend\Services\AuthService\AuthService.API\Controllers\AuthController.cs:line 54
   at lambda_method818(Closure, Object, Object[])
   at Microsoft.AspNetCore.Mvc.Infrastructure.ActionMethodExecutor.SyncActionResultExecutor.Execute(ActionContext actionContext, IActionResultTypeMapper mapper, ObjectMethodExecutor executor, Object controller, Object[] arguments)
   at Microsoft.AspNetCore.Mvc.Infrastructure.ControllerActionInvoker.InvokeActionMethodAsync()
   at Microsoft.AspNetCore.Mvc.Infrastructure.ControllerActionInvoker.Next(State& next, Scope& scope, Object& state, Boolean& isCompleted)
   at Microsoft.AspNetCore.Mvc.Infrastructure.ControllerActionInvoker.InvokeNextActionFilterAsync()
--- End of stack trace from previous location ---
   at Microsoft.AspNetCore.Mvc.Infrastructure.ControllerActionInvoker.Rethrow(ActionExecutedContextSealed context)
   at Microsoft.AspNetCore.Mvc.Infrastructure.ControllerActionInvoker.Next(State& next, Scope& scope, Object& state, Boolean& isCompleted)
   at Microsoft.AspNetCore.Mvc.Infrastructure.ControllerActionInvoker.InvokeInnerFilterAsync()
--- End of stack trace from previous location ---
   at Microsoft.AspNetCore.Mvc.Infrastructure.ResourceInvoker.<InvokeFilterPipelineAsync>g__Awaited|20_0(ResourceInvoker invoker, Task lastTask, State next, Scope scope, Object state, Boolean isCompleted)
   at Microsoft.AspNetCore.Mvc.Infrastructure.ResourceInvoker.<InvokeAsync>g__Logged|17_1(ResourceInvoker invoker)
   at Microsoft.AspNetCore.Mvc.Infrastructure.ResourceInvoker.<InvokeAsync>g__Logged|17_1(ResourceInvoker invoker)
   at Microsoft.AspNetCore.Routing.EndpointMiddleware.<Invoke>g__AwaitRequestTask|7_0(Endpoint endpoint, Task requestTask, ILogger logger)
   at Microsoft.AspNetCore.Authorization.AuthorizationMiddleware.Invoke(HttpContext context)
   at Microsoft.AspNetCore.Authentication.AuthenticationMiddleware.Invoke(HttpContext context)
   at Core.Extensions.ExceptionMiddleware.InvokeAsync(HttpContext context) in C:\Users\atura\OneDrive\Masaüstü\Yarışma\appointment-reservation\backend\Shared\Core\Extensions\ExceptionMiddleware.cs:line 29
2025-12-16 20:31:20.041 +03:00 [DBG] 'AuthDbContext' disposed.
2025-12-16 20:31:20.042 +03:00 [DBG] Disposing connection to database 'AuthServiceDb_Dev' on server 'tcp://localhost:5432'.
2025-12-16 20:31:20.043 +03:00 [DBG] Disposed connection to database 'AuthServiceDb_Dev' on server 'tcp://localhost:5432' (1ms).
2025-12-16 20:31:20.044 +03:00 [INF] Request finished HTTP/2 POST https://localhost:7001/api/Auth/login - 500 null application/json 4342.8876ms
2025-12-16 20:31:20.170 +03:00 [DBG] Starting HttpMessageHandler cleanup cycle with 1 items
2025-12-16 20:31:20.171 +03:00 [DBG] Ending HttpMessageHandler cleanup cycle after 0.0031ms - processed: 0 items - remaining: 1 items
2025-12-16 20:31:30.175 +03:00 [DBG] Starting HttpMessageHandler cleanup cycle with 1 items
2025-12-16 20:31:30.176 +03:00 [DBG] Ending HttpMessageHandler cleanup cycle after 0.0026ms - processed: 0 items - remaining: 1 items
2025-12-16 20:31:40.177 +03:00 [DBG] Starting HttpMessageHandler cleanup cycle with 1 items
2025-12-16 20:31:40.178 +03:00 [DBG] Ending HttpMessageHandler cleanup cycle after 0.0027ms - processed: 0 items - remaining: 1 items
2025-12-16 20:31:50.180 +03:00 [DBG] Starting HttpMessageHandler cleanup cycle with 1 items
2025-12-16 20:31:50.181 +03:00 [DBG] Ending HttpMessageHandler cleanup cycle after 0.134ms - processed: 0 items - remaining: 1 items
2025-12-16 20:32:00.188 +03:00 [DBG] Starting HttpMessageHandler cleanup cycle with 1 items
2025-12-16 20:32:00.190 +03:00 [DBG] Ending HttpMessageHandler cleanup cycle after 0.0024ms - processed: 0 items - remaining: 1 items
2025-12-16 20:32:10.192 +03:00 [DBG] Starting HttpMessageHandler cleanup cycle with 1 items
2025-12-16 20:32:10.193 +03:00 [DBG] Ending HttpMessageHandler cleanup cycle after 0.004ms - processed: 0 items - remaining: 1 items
2025-12-16 20:32:20.201 +03:00 [DBG] Starting HttpMessageHandler cleanup cycle with 1 items
2025-12-16 20:32:20.202 +03:00 [DBG] Ending HttpMessageHandler cleanup cycle after 0.0023ms - processed: 0 items - remaining: 1 items
2025-12-16 20:33:12.033 +03:00 [DBG] An 'IServiceProvider' was created for internal use by Entity Framework.
2025-12-16 20:33:12.313 +03:00 [DBG] The index {'UserId'} was not created on entity type 'UserOperationClaim' as the properties are already covered by the index {'UserId', 'OperationClaimId'}.
2025-12-16 20:33:12.479 +03:00 [DBG] Entity Framework Core 8.0.17 initialized 'AuthDbContext' using provider 'Npgsql.EntityFrameworkCore.PostgreSQL:8.0.10+18d07c54eacaffa5bf8128d47eecdb5255d86376' with options: None
2025-12-16 20:33:12.491 +03:00 [DBG] 'AuthDbContext' disposed.
2025-12-16 20:33:21.738 +03:00 [DBG] An 'IServiceProvider' was created for internal use by Entity Framework.
2025-12-16 20:33:22.009 +03:00 [DBG] The index {'UserId'} was not created on entity type 'UserOperationClaim' as the properties are already covered by the index {'UserId', 'OperationClaimId'}.
2025-12-16 20:33:22.168 +03:00 [DBG] Entity Framework Core 8.0.17 initialized 'AuthDbContext' using provider 'Npgsql.EntityFrameworkCore.PostgreSQL:8.0.10+18d07c54eacaffa5bf8128d47eecdb5255d86376' with options: None
2025-12-16 20:33:22.188 +03:00 [DBG] The index {'UserId'} was not created on entity type 'UserOperationClaim' as the properties are already covered by the index {'UserId', 'OperationClaimId'}.
2025-12-16 20:33:22.661 +03:00 [DBG] 'AuthDbContext' disposed.
2025-12-16 20:33:29.430 +03:00 [DBG] Registered model binder providers, in the following order: ["Microsoft.AspNetCore.Mvc.ModelBinding.Binders.BinderTypeModelBinderProvider","Microsoft.AspNetCore.Mvc.ModelBinding.Binders.ServicesModelBinderProvider","Microsoft.AspNetCore.Mvc.ModelBinding.Binders.BodyModelBinderProvider","Microsoft.AspNetCore.Mvc.ModelBinding.Binders.HeaderModelBinderProvider","Microsoft.AspNetCore.Mvc.ModelBinding.Binders.FloatingPointTypeModelBinderProvider","Microsoft.AspNetCore.Mvc.ModelBinding.Binders.EnumTypeModelBinderProvider","Microsoft.AspNetCore.Mvc.ModelBinding.Binders.DateTimeModelBinderProvider","Microsoft.AspNetCore.Mvc.ModelBinding.Binders.SimpleTypeModelBinderProvider","Microsoft.AspNetCore.Mvc.ModelBinding.Binders.TryParseModelBinderProvider","Microsoft.AspNetCore.Mvc.ModelBinding.Binders.CancellationTokenModelBinderProvider","Microsoft.AspNetCore.Mvc.ModelBinding.Binders.ByteArrayModelBinderProvider","Microsoft.AspNetCore.Mvc.ModelBinding.Binders.FormFileModelBinderProvider","Microsoft.AspNetCore.Mvc.ModelBinding.Binders.FormCollectionModelBinderProvider","Microsoft.AspNetCore.Mvc.ModelBinding.Binders.KeyValuePairModelBinderProvider","Microsoft.AspNetCore.Mvc.ModelBinding.Binders.DictionaryModelBinderProvider","Microsoft.AspNetCore.Mvc.ModelBinding.Binders.ArrayModelBinderProvider","Microsoft.AspNetCore.Mvc.ModelBinding.Binders.CollectionModelBinderProvider","Microsoft.AspNetCore.Mvc.ModelBinding.Binders.ComplexObjectModelBinderProvider"]
2025-12-16 20:33:29.633 +03:00 [DBG] An 'IServiceProvider' was created for internal use by Entity Framework.
2025-12-16 20:33:29.929 +03:00 [DBG] The index {'UserId'} was not created on entity type 'UserOperationClaim' as the properties are already covered by the index {'UserId', 'OperationClaimId'}.
2025-12-16 20:33:30.115 +03:00 [DBG] Entity Framework Core 8.0.17 initialized 'AuthDbContext' using provider 'Npgsql.EntityFrameworkCore.PostgreSQL:8.0.10+18d07c54eacaffa5bf8128d47eecdb5255d86376' with options: None
2025-12-16 20:33:30.126 +03:00 [DBG] Creating DbConnection.
2025-12-16 20:33:30.157 +03:00 [DBG] Created DbConnection. (30ms).
2025-12-16 20:33:30.164 +03:00 [DBG] Opening connection to database 'AuthServiceDb_Dev' on server 'tcp://localhost:5432'.
2025-12-16 20:33:30.264 +03:00 [DBG] Opened connection to database 'AuthServiceDb_Dev' on server 'tcp://localhost:5432'.
2025-12-16 20:33:30.267 +03:00 [DBG] Closing connection to database 'AuthServiceDb_Dev' on server 'tcp://localhost:5432'.
2025-12-16 20:33:30.274 +03:00 [DBG] Closed connection to database 'AuthServiceDb_Dev' on server 'tcp://localhost:5432' (4ms).
2025-12-16 20:33:30.279 +03:00 [DBG] Creating DbCommand for 'ExecuteScalar'.
2025-12-16 20:33:30.283 +03:00 [DBG] Created DbCommand for 'ExecuteScalar' (3ms).
2025-12-16 20:33:30.285 +03:00 [DBG] Initialized DbCommand for 'ExecuteScalar' (6ms).
2025-12-16 20:33:30.286 +03:00 [DBG] Opening connection to database 'AuthServiceDb_Dev' on server 'tcp://localhost:5432'.
2025-12-16 20:33:30.340 +03:00 [DBG] Opened connection to database 'AuthServiceDb_Dev' on server 'tcp://localhost:5432'.
2025-12-16 20:33:30.347 +03:00 [DBG] Executing DbCommand [Parameters=[], CommandType='"Text"', CommandTimeout='30']
SELECT EXISTS (
    SELECT 1 FROM pg_catalog.pg_class c
    JOIN pg_catalog.pg_namespace n ON n.oid=c.relnamespace
    WHERE n.nspname='public' AND
          c.relname='__EFMigrationsHistory'
)
2025-12-16 20:33:30.394 +03:00 [INF] Executed DbCommand (46ms) [Parameters=[], CommandType='"Text"', CommandTimeout='30']
SELECT EXISTS (
    SELECT 1 FROM pg_catalog.pg_class c
    JOIN pg_catalog.pg_namespace n ON n.oid=c.relnamespace
    WHERE n.nspname='public' AND
          c.relname='__EFMigrationsHistory'
)
2025-12-16 20:33:30.396 +03:00 [DBG] Closing connection to database 'AuthServiceDb_Dev' on server 'tcp://localhost:5432'.
2025-12-16 20:33:30.399 +03:00 [DBG] Closed connection to database 'AuthServiceDb_Dev' on server 'tcp://localhost:5432' (3ms).
2025-12-16 20:33:30.411 +03:00 [DBG] Opening connection to database 'AuthServiceDb_Dev' on server 'tcp://localhost:5432'.
2025-12-16 20:33:30.413 +03:00 [DBG] Opened connection to database 'AuthServiceDb_Dev' on server 'tcp://localhost:5432'.
2025-12-16 20:33:30.414 +03:00 [DBG] Creating DbCommand for 'ExecuteReader'.
2025-12-16 20:33:30.415 +03:00 [DBG] Created DbCommand for 'ExecuteReader' (1ms).
2025-12-16 20:33:30.416 +03:00 [DBG] Initialized DbCommand for 'ExecuteReader' (1ms).
2025-12-16 20:33:30.417 +03:00 [DBG] Executing DbCommand [Parameters=[], CommandType='"Text"', CommandTimeout='30']
SELECT "MigrationId", "ProductVersion"
FROM "__EFMigrationsHistory"
ORDER BY "MigrationId";
2025-12-16 20:33:30.421 +03:00 [INF] Executed DbCommand (4ms) [Parameters=[], CommandType='"Text"', CommandTimeout='30']
SELECT "MigrationId", "ProductVersion"
FROM "__EFMigrationsHistory"
ORDER BY "MigrationId";
2025-12-16 20:33:30.428 +03:00 [DBG] Closing data reader to 'AuthServiceDb_Dev' on server 'tcp://localhost:5432'.
2025-12-16 20:33:30.431 +03:00 [DBG] A data reader for 'AuthServiceDb_Dev' on server 'tcp://localhost:5432' is being disposed after spending 6ms reading results.
2025-12-16 20:33:30.432 +03:00 [DBG] Closing connection to database 'AuthServiceDb_Dev' on server 'tcp://localhost:5432'.
2025-12-16 20:33:30.433 +03:00 [DBG] Closed connection to database 'AuthServiceDb_Dev' on server 'tcp://localhost:5432' (0ms).
2025-12-16 20:33:30.435 +03:00 [DBG] Migrating using database 'AuthServiceDb_Dev' on server 'tcp://localhost:5432'.
2025-12-16 20:33:30.436 +03:00 [DBG] Opening connection to database 'AuthServiceDb_Dev' on server 'tcp://localhost:5432'.
2025-12-16 20:33:30.477 +03:00 [DBG] Opened connection to database 'AuthServiceDb_Dev' on server 'tcp://localhost:5432'.
2025-12-16 20:33:30.478 +03:00 [DBG] Closing connection to database 'AuthServiceDb_Dev' on server 'tcp://localhost:5432'.
2025-12-16 20:33:30.479 +03:00 [DBG] Closed connection to database 'AuthServiceDb_Dev' on server 'tcp://localhost:5432' (1ms).
2025-12-16 20:33:30.481 +03:00 [DBG] Creating DbCommand for 'ExecuteScalar'.
2025-12-16 20:33:30.481 +03:00 [DBG] Created DbCommand for 'ExecuteScalar' (0ms).
2025-12-16 20:33:30.483 +03:00 [DBG] Initialized DbCommand for 'ExecuteScalar' (1ms).
2025-12-16 20:33:30.484 +03:00 [DBG] Opening connection to database 'AuthServiceDb_Dev' on server 'tcp://localhost:5432'.
2025-12-16 20:33:30.485 +03:00 [DBG] Opened connection to database 'AuthServiceDb_Dev' on server 'tcp://localhost:5432'.
2025-12-16 20:33:30.485 +03:00 [DBG] Executing DbCommand [Parameters=[], CommandType='"Text"', CommandTimeout='30']
SELECT EXISTS (
    SELECT 1 FROM pg_catalog.pg_class c
    JOIN pg_catalog.pg_namespace n ON n.oid=c.relnamespace
    WHERE n.nspname='public' AND
          c.relname='__EFMigrationsHistory'
)
2025-12-16 20:33:30.487 +03:00 [INF] Executed DbCommand (2ms) [Parameters=[], CommandType='"Text"', CommandTimeout='30']
SELECT EXISTS (
    SELECT 1 FROM pg_catalog.pg_class c
    JOIN pg_catalog.pg_namespace n ON n.oid=c.relnamespace
    WHERE n.nspname='public' AND
          c.relname='__EFMigrationsHistory'
)
2025-12-16 20:33:30.489 +03:00 [DBG] Closing connection to database 'AuthServiceDb_Dev' on server 'tcp://localhost:5432'.
2025-12-16 20:33:30.489 +03:00 [DBG] Closed connection to database 'AuthServiceDb_Dev' on server 'tcp://localhost:5432' (0ms).
2025-12-16 20:33:30.491 +03:00 [DBG] Opening connection to database 'AuthServiceDb_Dev' on server 'tcp://localhost:5432'.
2025-12-16 20:33:30.529 +03:00 [DBG] Opened connection to database 'AuthServiceDb_Dev' on server 'tcp://localhost:5432'.
2025-12-16 20:33:30.530 +03:00 [DBG] Closing connection to database 'AuthServiceDb_Dev' on server 'tcp://localhost:5432'.
2025-12-16 20:33:30.531 +03:00 [DBG] Closed connection to database 'AuthServiceDb_Dev' on server 'tcp://localhost:5432' (0ms).
2025-12-16 20:33:30.533 +03:00 [DBG] Creating DbCommand for 'ExecuteScalar'.
2025-12-16 20:33:30.534 +03:00 [DBG] Created DbCommand for 'ExecuteScalar' (0ms).
2025-12-16 20:33:30.535 +03:00 [DBG] Initialized DbCommand for 'ExecuteScalar' (1ms).
2025-12-16 20:33:30.535 +03:00 [DBG] Opening connection to database 'AuthServiceDb_Dev' on server 'tcp://localhost:5432'.
2025-12-16 20:33:30.536 +03:00 [DBG] Opened connection to database 'AuthServiceDb_Dev' on server 'tcp://localhost:5432'.
2025-12-16 20:33:30.537 +03:00 [DBG] Executing DbCommand [Parameters=[], CommandType='"Text"', CommandTimeout='30']
SELECT EXISTS (
    SELECT 1 FROM pg_catalog.pg_class c
    JOIN pg_catalog.pg_namespace n ON n.oid=c.relnamespace
    WHERE n.nspname='public' AND
          c.relname='__EFMigrationsHistory'
)
2025-12-16 20:33:30.539 +03:00 [INF] Executed DbCommand (2ms) [Parameters=[], CommandType='"Text"', CommandTimeout='30']
SELECT EXISTS (
    SELECT 1 FROM pg_catalog.pg_class c
    JOIN pg_catalog.pg_namespace n ON n.oid=c.relnamespace
    WHERE n.nspname='public' AND
          c.relname='__EFMigrationsHistory'
)
2025-12-16 20:33:30.540 +03:00 [DBG] Closing connection to database 'AuthServiceDb_Dev' on server 'tcp://localhost:5432'.
2025-12-16 20:33:30.541 +03:00 [DBG] Closed connection to database 'AuthServiceDb_Dev' on server 'tcp://localhost:5432' (0ms).
2025-12-16 20:33:30.542 +03:00 [DBG] Opening connection to database 'AuthServiceDb_Dev' on server 'tcp://localhost:5432'.
2025-12-16 20:33:30.543 +03:00 [DBG] Opened connection to database 'AuthServiceDb_Dev' on server 'tcp://localhost:5432'.
2025-12-16 20:33:30.544 +03:00 [DBG] Creating DbCommand for 'ExecuteReader'.
2025-12-16 20:33:30.545 +03:00 [DBG] Created DbCommand for 'ExecuteReader' (0ms).
2025-12-16 20:33:30.546 +03:00 [DBG] Initialized DbCommand for 'ExecuteReader' (1ms).
2025-12-16 20:33:30.546 +03:00 [DBG] Executing DbCommand [Parameters=[], CommandType='"Text"', CommandTimeout='30']
SELECT "MigrationId", "ProductVersion"
FROM "__EFMigrationsHistory"
ORDER BY "MigrationId";
2025-12-16 20:33:30.548 +03:00 [INF] Executed DbCommand (1ms) [Parameters=[], CommandType='"Text"', CommandTimeout='30']
SELECT "MigrationId", "ProductVersion"
FROM "__EFMigrationsHistory"
ORDER BY "MigrationId";
2025-12-16 20:33:30.549 +03:00 [DBG] Closing data reader to 'AuthServiceDb_Dev' on server 'tcp://localhost:5432'.
2025-12-16 20:33:30.550 +03:00 [DBG] A data reader for 'AuthServiceDb_Dev' on server 'tcp://localhost:5432' is being disposed after spending 0ms reading results.
2025-12-16 20:33:30.551 +03:00 [DBG] Closing connection to database 'AuthServiceDb_Dev' on server 'tcp://localhost:5432'.
2025-12-16 20:33:30.552 +03:00 [DBG] Closed connection to database 'AuthServiceDb_Dev' on server 'tcp://localhost:5432' (0ms).
2025-12-16 20:33:30.560 +03:00 [INF] Applying migration '20251216173322_identityNumber-added'.
2025-12-16 20:33:30.591 +03:00 [DBG] Opening connection to database 'AuthServiceDb_Dev' on server 'tcp://localhost:5432'.
2025-12-16 20:33:30.592 +03:00 [DBG] Opened connection to database 'AuthServiceDb_Dev' on server 'tcp://localhost:5432'.
2025-12-16 20:33:30.594 +03:00 [DBG] Beginning transaction with isolation level 'Unspecified'.
2025-12-16 20:33:30.598 +03:00 [DBG] Began transaction with isolation level 'ReadCommitted'.
2025-12-16 20:33:30.599 +03:00 [DBG] Creating DbCommand for 'ExecuteNonQuery'.
2025-12-16 20:33:30.600 +03:00 [DBG] Created DbCommand for 'ExecuteNonQuery' (0ms).
2025-12-16 20:33:30.601 +03:00 [DBG] Initialized DbCommand for 'ExecuteNonQuery' (2ms).
2025-12-16 20:33:30.602 +03:00 [DBG] Executing DbCommand [Parameters=[], CommandType='"Text"', CommandTimeout='30']
ALTER TABLE "Users" ADD "IdentityNumber" character varying(11) NOT NULL DEFAULT '';
2025-12-16 20:33:30.614 +03:00 [INF] Executed DbCommand (11ms) [Parameters=[], CommandType='"Text"', CommandTimeout='30']
ALTER TABLE "Users" ADD "IdentityNumber" character varying(11) NOT NULL DEFAULT '';
2025-12-16 20:33:30.617 +03:00 [DBG] Creating DbCommand for 'ExecuteNonQuery'.
2025-12-16 20:33:30.618 +03:00 [DBG] Created DbCommand for 'ExecuteNonQuery' (1ms).
2025-12-16 20:33:30.619 +03:00 [DBG] Initialized DbCommand for 'ExecuteNonQuery' (2ms).
2025-12-16 20:33:30.621 +03:00 [DBG] Executing DbCommand [Parameters=[], CommandType='"Text"', CommandTimeout='30']
UPDATE "OperationClaims" SET "CreatedDate" = TIMESTAMPTZ '2025-12-16T17:33:22.18795Z'
WHERE "Id" = 1;
2025-12-16 20:33:30.626 +03:00 [INF] Executed DbCommand (5ms) [Parameters=[], CommandType='"Text"', CommandTimeout='30']
UPDATE "OperationClaims" SET "CreatedDate" = TIMESTAMPTZ '2025-12-16T17:33:22.18795Z'
WHERE "Id" = 1;
2025-12-16 20:33:30.628 +03:00 [DBG] Creating DbCommand for 'ExecuteNonQuery'.
2025-12-16 20:33:30.629 +03:00 [DBG] Created DbCommand for 'ExecuteNonQuery' (1ms).
2025-12-16 20:33:30.630 +03:00 [DBG] Initialized DbCommand for 'ExecuteNonQuery' (2ms).
2025-12-16 20:33:30.631 +03:00 [DBG] Executing DbCommand [Parameters=[], CommandType='"Text"', CommandTimeout='30']
UPDATE "OperationClaims" SET "CreatedDate" = TIMESTAMPTZ '2025-12-16T17:33:22.18795Z'
WHERE "Id" = 2;
2025-12-16 20:33:30.633 +03:00 [INF] Executed DbCommand (2ms) [Parameters=[], CommandType='"Text"', CommandTimeout='30']
UPDATE "OperationClaims" SET "CreatedDate" = TIMESTAMPTZ '2025-12-16T17:33:22.18795Z'
WHERE "Id" = 2;
2025-12-16 20:33:30.634 +03:00 [DBG] Creating DbCommand for 'ExecuteNonQuery'.
2025-12-16 20:33:30.635 +03:00 [DBG] Created DbCommand for 'ExecuteNonQuery' (0ms).
2025-12-16 20:33:30.636 +03:00 [DBG] Initialized DbCommand for 'ExecuteNonQuery' (1ms).
2025-12-16 20:33:30.637 +03:00 [DBG] Executing DbCommand [Parameters=[], CommandType='"Text"', CommandTimeout='30']
UPDATE "OperationClaims" SET "CreatedDate" = TIMESTAMPTZ '2025-12-16T17:33:22.18795Z'
WHERE "Id" = 3;
2025-12-16 20:33:30.639 +03:00 [INF] Executed DbCommand (2ms) [Parameters=[], CommandType='"Text"', CommandTimeout='30']
UPDATE "OperationClaims" SET "CreatedDate" = TIMESTAMPTZ '2025-12-16T17:33:22.18795Z'
WHERE "Id" = 3;
2025-12-16 20:33:30.641 +03:00 [DBG] Creating DbCommand for 'ExecuteNonQuery'.
2025-12-16 20:33:30.642 +03:00 [DBG] Created DbCommand for 'ExecuteNonQuery' (0ms).
2025-12-16 20:33:30.643 +03:00 [DBG] Initialized DbCommand for 'ExecuteNonQuery' (1ms).
2025-12-16 20:33:30.644 +03:00 [DBG] Executing DbCommand [Parameters=[], CommandType='"Text"', CommandTimeout='30']
INSERT INTO "__EFMigrationsHistory" ("MigrationId", "ProductVersion")
VALUES ('20251216173322_identityNumber-added', '8.0.17');
2025-12-16 20:33:30.647 +03:00 [INF] Executed DbCommand (2ms) [Parameters=[], CommandType='"Text"', CommandTimeout='30']
INSERT INTO "__EFMigrationsHistory" ("MigrationId", "ProductVersion")
VALUES ('20251216173322_identityNumber-added', '8.0.17');
2025-12-16 20:33:30.649 +03:00 [DBG] Committing transaction.
2025-12-16 20:33:30.652 +03:00 [DBG] Committed transaction.
2025-12-16 20:33:30.654 +03:00 [DBG] Disposing transaction.
2025-12-16 20:33:30.655 +03:00 [DBG] Closing connection to database 'AuthServiceDb_Dev' on server 'tcp://localhost:5432'.
2025-12-16 20:33:30.656 +03:00 [DBG] Closed connection to database 'AuthServiceDb_Dev' on server 'tcp://localhost:5432' (0ms).
2025-12-16 20:33:30.659 +03:00 [INF] Database migrations applied successfully.
2025-12-16 20:33:30.660 +03:00 [DBG] 'AuthDbContext' disposed.
2025-12-16 20:33:30.662 +03:00 [DBG] Disposing connection to database 'AuthServiceDb_Dev' on server 'tcp://localhost:5432'.
2025-12-16 20:33:30.663 +03:00 [DBG] Disposed connection to database 'AuthServiceDb_Dev' on server 'tcp://localhost:5432' (1ms).
2025-12-16 20:33:30.666 +03:00 [DBG] Hosting starting
2025-12-16 20:33:30.688 +03:00 [INF] User profile is available. Using 'C:\Users\atura\AppData\Local\ASP.NET\DataProtection-Keys' as key repository and Windows DPAPI to encrypt keys at rest.
2025-12-16 20:33:30.705 +03:00 [DBG] Reading data from file 'C:\Users\atura\AppData\Local\ASP.NET\DataProtection-Keys\key-2b41731a-ff2b-4c58-8083-9dd2e8e06c02.xml'.
2025-12-16 20:33:30.713 +03:00 [DBG] Reading data from file 'C:\Users\atura\AppData\Local\ASP.NET\DataProtection-Keys\key-b1bfbf17-5e54-4bcd-856c-81e8ff116985.xml'.
2025-12-16 20:33:30.715 +03:00 [DBG] Reading data from file 'C:\Users\atura\AppData\Local\ASP.NET\DataProtection-Keys\key-d4db8ae3-c3b6-4a1e-a8e6-5ce936ab3dc1.xml'.
2025-12-16 20:33:30.716 +03:00 [DBG] Reading data from file 'C:\Users\atura\AppData\Local\ASP.NET\DataProtection-Keys\key-d528c6a9-5739-4b20-b71f-eef16136c0e0.xml'.
2025-12-16 20:33:30.717 +03:00 [DBG] Reading data from file 'C:\Users\atura\AppData\Local\ASP.NET\DataProtection-Keys\key-f197c843-1f03-4bc8-9e1b-7ef1bcdd878d.xml'.
2025-12-16 20:33:30.722 +03:00 [DBG] Found key {2b41731a-ff2b-4c58-8083-9dd2e8e06c02}.
2025-12-16 20:33:30.726 +03:00 [DBG] Found key {b1bfbf17-5e54-4bcd-856c-81e8ff116985}.
2025-12-16 20:33:30.727 +03:00 [DBG] Found key {d4db8ae3-c3b6-4a1e-a8e6-5ce936ab3dc1}.
2025-12-16 20:33:30.728 +03:00 [DBG] Found key {d528c6a9-5739-4b20-b71f-eef16136c0e0}.
2025-12-16 20:33:30.729 +03:00 [DBG] Found key {f197c843-1f03-4bc8-9e1b-7ef1bcdd878d}.
2025-12-16 20:33:30.734 +03:00 [DBG] Considering key {d528c6a9-5739-4b20-b71f-eef16136c0e0} with expiration date 2026-01-16 09:53:55Z as default key.
2025-12-16 20:33:30.737 +03:00 [DBG] Forwarded activator type request from Microsoft.AspNetCore.DataProtection.XmlEncryption.DpapiXmlDecryptor, Microsoft.AspNetCore.DataProtection, Version=8.0.0.0, Culture=neutral, PublicKeyToken=adb9793829ddae60 to Microsoft.AspNetCore.DataProtection.XmlEncryption.DpapiXmlDecryptor, Microsoft.AspNetCore.DataProtection, Culture=neutral, PublicKeyToken=adb9793829ddae60
2025-12-16 20:33:30.738 +03:00 [DBG] Decrypting secret element using Windows DPAPI.
2025-12-16 20:33:30.740 +03:00 [DBG] Forwarded activator type request from Microsoft.AspNetCore.DataProtection.AuthenticatedEncryption.ConfigurationModel.AuthenticatedEncryptorDescriptorDeserializer, Microsoft.AspNetCore.DataProtection, Version=8.0.0.0, Culture=neutral, PublicKeyToken=adb9793829ddae60 to Microsoft.AspNetCore.DataProtection.AuthenticatedEncryption.ConfigurationModel.AuthenticatedEncryptorDescriptorDeserializer, Microsoft.AspNetCore.DataProtection, Culture=neutral, PublicKeyToken=adb9793829ddae60
2025-12-16 20:33:30.743 +03:00 [DBG] Opening CNG algorithm 'AES' from provider 'null' with chaining mode CBC.
2025-12-16 20:33:30.745 +03:00 [DBG] Opening CNG algorithm 'SHA256' from provider 'null' with HMAC.
2025-12-16 20:33:30.747 +03:00 [DBG] Using key {d528c6a9-5739-4b20-b71f-eef16136c0e0} as the default key.
2025-12-16 20:33:30.749 +03:00 [DBG] Key ring with default key {d528c6a9-5739-4b20-b71f-eef16136c0e0} was loaded during application startup.
2025-12-16 20:33:30.888 +03:00 [INF] Now listening on: https://localhost:7001
2025-12-16 20:33:30.888 +03:00 [INF] Now listening on: http://localhost:5001
2025-12-16 20:33:30.889 +03:00 [DBG] Loaded hosting startup assembly AuthService.API
2025-12-16 20:33:30.890 +03:00 [DBG] Loaded hosting startup assembly Microsoft.WebTools.ApiEndpointDiscovery
2025-12-16 20:33:30.890 +03:00 [DBG] Loaded hosting startup assembly Microsoft.AspNetCore.Watch.BrowserRefresh
2025-12-16 20:33:30.891 +03:00 [DBG] Loaded hosting startup assembly Microsoft.WebTools.BrowserLink.Net
2025-12-16 20:33:30.971 +03:00 [INF] Application started. Press Ctrl+C to shut down.
2025-12-16 20:33:30.972 +03:00 [INF] Hosting environment: Development
2025-12-16 20:33:30.973 +03:00 [DBG] Connection id "0HNHSP4TGHUP0" accepted.
2025-12-16 20:33:30.973 +03:00 [INF] Content root path: C:\Users\atura\OneDrive\Masaüstü\Yarışma\appointment-reservation\backend\Services\AuthService\AuthService.API
2025-12-16 20:33:30.974 +03:00 [DBG] Connection id "0HNHSP4TGHUP0" started.
2025-12-16 20:33:30.974 +03:00 [DBG] Hosting started
2025-12-16 20:33:30.989 +03:00 [DBG] Connection id "0HNHSP4TGHUP0" received FIN.
2025-12-16 20:33:30.998 +03:00 [DBG] Failed to authenticate HTTPS connection.
System.IO.IOException: Received an unexpected EOF or 0 bytes from the transport stream.
   at System.Net.Security.SslStream.ReceiveHandshakeFrameAsync[TIOAdapter](CancellationToken cancellationToken)
   at System.Net.Security.SslStream.ForceAuthenticationAsync[TIOAdapter](Boolean receiveFirst, Byte[] reAuthenticationData, CancellationToken cancellationToken)
   at System.Net.Security.SslStream.ProcessAuthenticationWithTelemetryAsync(Boolean isAsync, CancellationToken cancellationToken)
   at Microsoft.AspNetCore.Server.Kestrel.Https.Internal.HttpsConnectionMiddleware.OnConnectionAsync(ConnectionContext context)
2025-12-16 20:33:31.021 +03:00 [DBG] Connection id "0HNHSP4TGHUP0" stopped.
2025-12-16 20:33:31.023 +03:00 [DBG] Connection id "0HNHSP4TGHUP0" sending FIN because: "The Socket transport's send loop completed gracefully."
2025-12-16 20:33:32.228 +03:00 [DBG] Connection id "0HNHSP4TGHUP1" accepted.
2025-12-16 20:33:32.229 +03:00 [DBG] Connection id "0HNHSP4TGHUP1" started.
2025-12-16 20:33:32.261 +03:00 [DBG] Connection 0HNHSP4TGHUP1 established using the following protocol: "Tls13"
2025-12-16 20:33:32.308 +03:00 [INF] Request starting HTTP/2 GET https://localhost:7001/swagger/index.html - null null
2025-12-16 20:33:32.390 +03:00 [DBG] Wildcard detected, all requests with hosts will be allowed.
2025-12-16 20:33:32.407 +03:00 [DBG] No candidates found for the request path '/swagger/index.html'
2025-12-16 20:33:32.409 +03:00 [DBG] Request did not match any endpoints
2025-12-16 20:33:32.460 +03:00 [DBG] Response markup is scheduled to include Browser Link script injection.
2025-12-16 20:33:32.462 +03:00 [DBG] Response markup is scheduled to include browser refresh script injection.
2025-12-16 20:33:32.467 +03:00 [DBG] Response markup was updated to include Browser Link script injection.
2025-12-16 20:33:32.468 +03:00 [DBG] Response markup was updated to include browser refresh script injection.
2025-12-16 20:33:32.474 +03:00 [INF] Request finished HTTP/2 GET https://localhost:7001/swagger/index.html - 200 null text/html;charset=utf-8 172.3738ms
2025-12-16 20:33:32.484 +03:00 [INF] Request starting HTTP/2 GET https://localhost:7001/swagger/index.js - null null
2025-12-16 20:33:32.484 +03:00 [INF] Request starting HTTP/2 GET https://localhost:7001/_framework/aspnetcore-browser-refresh.js - null null
2025-12-16 20:33:32.487 +03:00 [DBG] No candidates found for the request path '/swagger/index.js'
2025-12-16 20:33:32.491 +03:00 [DBG] Request did not match any endpoints
2025-12-16 20:33:32.494 +03:00 [INF] Request finished HTTP/2 GET https://localhost:7001/swagger/index.js - 200 null application/javascript;charset=utf-8 10.1209ms
2025-12-16 20:33:32.497 +03:00 [INF] Request starting HTTP/2 GET https://localhost:7001/_vs/browserLink - null null
2025-12-16 20:33:32.508 +03:00 [INF] Request finished HTTP/2 GET https://localhost:7001/_framework/aspnetcore-browser-refresh.js - 200 13782 application/javascript; charset=utf-8 24.7557ms
2025-12-16 20:33:32.542 +03:00 [INF] Request finished HTTP/2 GET https://localhost:7001/_vs/browserLink - 200 null text/javascript; charset=UTF-8 44.4081ms
2025-12-16 20:33:32.629 +03:00 [INF] Request starting HTTP/2 GET https://localhost:7001/swagger/v1/swagger.json - null null
2025-12-16 20:33:32.631 +03:00 [DBG] No candidates found for the request path '/swagger/v1/swagger.json'
2025-12-16 20:33:32.632 +03:00 [DBG] Request did not match any endpoints
2025-12-16 20:33:32.656 +03:00 [INF] Request finished HTTP/2 GET https://localhost:7001/swagger/v1/swagger.json - 200 null application/json;charset=utf-8 27.6963ms
2025-12-16 20:33:38.950 +03:00 [INF] Request starting HTTP/2 POST https://localhost:7001/api/Auth/register - application/json 221
2025-12-16 20:33:38.957 +03:00 [DBG] 1 candidate(s) found for the request path '/api/Auth/register'
2025-12-16 20:33:38.959 +03:00 [DBG] Endpoint 'AuthService.API.Controllers.AuthController.Register (AuthService.API)' with route pattern 'api/Auth/register' is valid for the request path '/api/Auth/register'
2025-12-16 20:33:38.961 +03:00 [DBG] Request matched endpoint 'AuthService.API.Controllers.AuthController.Register (AuthService.API)'
2025-12-16 20:33:38.964 +03:00 [DBG] Static files was skipped as the request already matched an endpoint.
2025-12-16 20:33:38.966 +03:00 [DBG] The request has an origin header: 'https://localhost:7001'.
2025-12-16 20:33:38.967 +03:00 [INF] CORS policy execution successful.
2025-12-16 20:33:39.029 +03:00 [DBG] AuthenticationScheme: Bearer was not authenticated.
2025-12-16 20:33:39.032 +03:00 [INF] Executing endpoint 'AuthService.API.Controllers.AuthController.Register (AuthService.API)'
2025-12-16 20:33:39.052 +03:00 [INF] Route matched with {action = "Register", controller = "Auth"}. Executing controller action with signature Microsoft.AspNetCore.Mvc.IActionResult Register(AuthService.Entities.DTOs.UserForRegisterDto) on controller AuthService.API.Controllers.AuthController (AuthService.API).
2025-12-16 20:33:39.055 +03:00 [DBG] Execution plan of authorization filters (in the following order): ["None"]
2025-12-16 20:33:39.056 +03:00 [DBG] Execution plan of resource filters (in the following order): ["None"]
2025-12-16 20:33:39.058 +03:00 [DBG] Execution plan of action filters (in the following order): ["Microsoft.AspNetCore.Mvc.ModelBinding.UnsupportedContentTypeFilter (Order: -3000)","Microsoft.AspNetCore.Mvc.Infrastructure.ModelStateInvalidFilter (Order: -2000)"]
2025-12-16 20:33:39.059 +03:00 [DBG] Execution plan of exception filters (in the following order): ["None"]
2025-12-16 20:33:39.060 +03:00 [DBG] Execution plan of result filters (in the following order): ["Microsoft.AspNetCore.Mvc.Infrastructure.ClientErrorResultFilter (Order: -2000)","Microsoft.AspNetCore.Mvc.ProducesAttribute (Order: 0)"]
2025-12-16 20:33:39.063 +03:00 [DBG] Executing controller factory for controller AuthService.API.Controllers.AuthController (AuthService.API)
2025-12-16 20:33:39.129 +03:00 [DBG] Executed controller factory for controller AuthService.API.Controllers.AuthController (AuthService.API)
2025-12-16 20:33:39.141 +03:00 [DBG] Attempting to bind parameter 'userForRegisterDto' of type 'AuthService.Entities.DTOs.UserForRegisterDto' ...
2025-12-16 20:33:39.145 +03:00 [DBG] Attempting to bind parameter 'userForRegisterDto' of type 'AuthService.Entities.DTOs.UserForRegisterDto' using the name '' in request data ...
2025-12-16 20:33:39.147 +03:00 [DBG] Selected input formatter 'Microsoft.AspNetCore.Mvc.Formatters.SystemTextJsonInputFormatter' for content type 'application/json'.
2025-12-16 20:33:39.156 +03:00 [DBG] Connection id "0HNHSP4TGHUP1", Request id "0HNHSP4TGHUP1:0000000B": started reading request body.
2025-12-16 20:33:39.157 +03:00 [DBG] Connection id "0HNHSP4TGHUP1", Request id "0HNHSP4TGHUP1:0000000B": done reading request body.
2025-12-16 20:33:39.170 +03:00 [DBG] JSON input formatter succeeded, deserializing to type 'AuthService.Entities.DTOs.UserForRegisterDto'
2025-12-16 20:33:39.171 +03:00 [DBG] Done attempting to bind parameter 'userForRegisterDto' of type 'AuthService.Entities.DTOs.UserForRegisterDto'.
2025-12-16 20:33:39.172 +03:00 [DBG] Done attempting to bind parameter 'userForRegisterDto' of type 'AuthService.Entities.DTOs.UserForRegisterDto'.
2025-12-16 20:33:39.173 +03:00 [DBG] Attempting to validate the bound parameter 'userForRegisterDto' of type 'AuthService.Entities.DTOs.UserForRegisterDto' ...
2025-12-16 20:33:39.217 +03:00 [DBG] Done attempting to validate the bound parameter 'userForRegisterDto' of type 'AuthService.Entities.DTOs.UserForRegisterDto'.
2025-12-16 20:33:40.618 +03:00 [DBG] Entity Framework Core 8.0.17 initialized 'AuthDbContext' using provider 'Npgsql.EntityFrameworkCore.PostgreSQL:8.0.10+18d07c54eacaffa5bf8128d47eecdb5255d86376' with options: None
2025-12-16 20:33:40.640 +03:00 [DBG] Compiling query expression: 
'DbSet<User>()
    .FirstOrDefault(u => u.Email == __email_0)'
2025-12-16 20:33:40.774 +03:00 [DBG] Generated query execution expression: 
'queryContext => new SingleQueryingEnumerable<User>(
    (RelationalQueryContext)queryContext, 
    RelationalCommandCache.QueryExpression(
        Projection Mapping:
            EmptyProjectionMember -> Dictionary<IProperty, int> { [Property: User.Id (int) Required PK AfterSave:Throw ValueGenerated.OnAdd, 0], [Property: User.CreatedDate (DateTime) Required, 1], [Property: User.Email (string) Required Index MaxLength(100), 2], [Property: User.FailedLoginAttempts (int) Required, 3], [Property: User.FirstName (string) Required MaxLength(50), 4], [Property: User.IdentityNumber (string) Required MaxLength(11), 5], [Property: User.IsEmailVerified (bool) Required, 6], [Property: User.LastName (string) MaxLength(50), 7], [Property: User.LockoutEndTime (DateTime?), 8], [Property: User.PasswordHash (byte[]) Required, 9], [Property: User.PasswordSalt (byte[]) Required, 10], [Property: User.PhoneNumber (string) MaxLength(20), 11], [Property: User.RefreshToken (string), 12], [Property: User.RefreshTokenExpiration (DateTime?), 13], [Property: User.Status (bool) Required, 14], [Property: User.UpdatedDate (DateTime?), 15] }
        SELECT TOP(1) u.Id, u.CreatedDate, u.Email, u.FailedLoginAttempts, u.FirstName, u.IdentityNumber, u.IsEmailVerified, u.LastName, u.LockoutEndTime, u.PasswordHash, u.PasswordSalt, u.PhoneNumber, u.RefreshToken, u.RefreshTokenExpiration, u.Status, u.UpdatedDate
        FROM Users AS u
        WHERE u.Email == @__email_0), 
    null, 
    Func<QueryContext, DbDataReader, ResultContext, SingleQueryResultCoordinator, User>, 
    AuthService.DataAccess.Concrete.EntityFramework.AuthDbContext, 
    False, 
    False, 
    True
)
    .SingleOrDefault()'
2025-12-16 20:33:40.795 +03:00 [DBG] Creating DbConnection.
2025-12-16 20:33:40.795 +03:00 [DBG] Created DbConnection. (0ms).
2025-12-16 20:33:40.796 +03:00 [DBG] Opening connection to database 'AuthServiceDb_Dev' on server 'tcp://localhost:5432'.
2025-12-16 20:33:40.797 +03:00 [DBG] Opened connection to database 'AuthServiceDb_Dev' on server 'tcp://localhost:5432'.
2025-12-16 20:33:40.798 +03:00 [DBG] Creating DbCommand for 'ExecuteReader'.
2025-12-16 20:33:40.799 +03:00 [DBG] Created DbCommand for 'ExecuteReader' (0ms).
2025-12-16 20:33:40.803 +03:00 [DBG] Initialized DbCommand for 'ExecuteReader' (4ms).
2025-12-16 20:33:40.806 +03:00 [DBG] Executing DbCommand [Parameters=[@__email_0='?'], CommandType='"Text"', CommandTimeout='30']
SELECT u."Id", u."CreatedDate", u."Email", u."FailedLoginAttempts", u."FirstName", u."IdentityNumber", u."IsEmailVerified", u."LastName", u."LockoutEndTime", u."PasswordHash", u."PasswordSalt", u."PhoneNumber", u."RefreshToken", u."RefreshTokenExpiration", u."Status", u."UpdatedDate"
FROM "Users" AS u
WHERE u."Email" = @__email_0
LIMIT 1
2025-12-16 20:33:40.816 +03:00 [INF] Executed DbCommand (11ms) [Parameters=[@__email_0='?'], CommandType='"Text"', CommandTimeout='30']
SELECT u."Id", u."CreatedDate", u."Email", u."FailedLoginAttempts", u."FirstName", u."IdentityNumber", u."IsEmailVerified", u."LastName", u."LockoutEndTime", u."PasswordHash", u."PasswordSalt", u."PhoneNumber", u."RefreshToken", u."RefreshTokenExpiration", u."Status", u."UpdatedDate"
FROM "Users" AS u
WHERE u."Email" = @__email_0
LIMIT 1
2025-12-16 20:33:40.819 +03:00 [DBG] Closing data reader to 'AuthServiceDb_Dev' on server 'tcp://localhost:5432'.
2025-12-16 20:33:40.821 +03:00 [DBG] A data reader for 'AuthServiceDb_Dev' on server 'tcp://localhost:5432' is being disposed after spending 2ms reading results.
2025-12-16 20:33:40.822 +03:00 [DBG] Closing connection to database 'AuthServiceDb_Dev' on server 'tcp://localhost:5432'.
2025-12-16 20:33:40.823 +03:00 [DBG] Closed connection to database 'AuthServiceDb_Dev' on server 'tcp://localhost:5432' (1ms).
2025-12-16 20:33:40.841 +03:00 [DBG] 'AuthDbContext' generated a temporary value for the property 'User.Id'. Consider using 'DbContextOptionsBuilder.EnableSensitiveDataLogging' to see key values.
2025-12-16 20:33:40.884 +03:00 [DBG] Context 'AuthDbContext' started tracking 'User' entity. Consider using 'DbContextOptionsBuilder.EnableSensitiveDataLogging' to see key values.
2025-12-16 20:33:40.886 +03:00 [DBG] SaveChanges starting for 'AuthDbContext'.
2025-12-16 20:33:40.888 +03:00 [DBG] DetectChanges starting for 'AuthDbContext'.
2025-12-16 20:33:40.902 +03:00 [DBG] DetectChanges completed for 'AuthDbContext'.
2025-12-16 20:33:40.936 +03:00 [DBG] Opening connection to database 'AuthServiceDb_Dev' on server 'tcp://localhost:5432'.
2025-12-16 20:33:40.937 +03:00 [DBG] Opened connection to database 'AuthServiceDb_Dev' on server 'tcp://localhost:5432'.
2025-12-16 20:33:40.939 +03:00 [DBG] Creating DbCommand for 'ExecuteReader'.
2025-12-16 20:33:40.939 +03:00 [DBG] Created DbCommand for 'ExecuteReader' (0ms).
2025-12-16 20:33:40.941 +03:00 [DBG] Initialized DbCommand for 'ExecuteReader' (1ms).
2025-12-16 20:33:40.942 +03:00 [DBG] Executing DbCommand [Parameters=[@p0='?' (DbType = DateTime), @p1='?', @p2='?' (DbType = Int32), @p3='?', @p4='?', @p5='?' (DbType = Boolean), @p6='?', @p7='?' (DbType = DateTime), @p8='?' (DbType = Binary), @p9='?' (DbType = Binary), @p10='?', @p11='?', @p12='?' (DbType = DateTime), @p13='?' (DbType = Boolean), @p14='?' (DbType = DateTime)], CommandType='"Text"', CommandTimeout='30']
INSERT INTO "Users" ("CreatedDate", "Email", "FailedLoginAttempts", "FirstName", "IdentityNumber", "IsEmailVerified", "LastName", "LockoutEndTime", "PasswordHash", "PasswordSalt", "PhoneNumber", "RefreshToken", "RefreshTokenExpiration", "Status", "UpdatedDate")
VALUES (@p0, @p1, @p2, @p3, @p4, @p5, @p6, @p7, @p8, @p9, @p10, @p11, @p12, @p13, @p14)
RETURNING "Id";
2025-12-16 20:33:40.958 +03:00 [ERR] Failed executing DbCommand (16ms) [Parameters=[@p0='?' (DbType = DateTime), @p1='?', @p2='?' (DbType = Int32), @p3='?', @p4='?', @p5='?' (DbType = Boolean), @p6='?', @p7='?' (DbType = DateTime), @p8='?' (DbType = Binary), @p9='?' (DbType = Binary), @p10='?', @p11='?', @p12='?' (DbType = DateTime), @p13='?' (DbType = Boolean), @p14='?' (DbType = DateTime)], CommandType='"Text"', CommandTimeout='30']
INSERT INTO "Users" ("CreatedDate", "Email", "FailedLoginAttempts", "FirstName", "IdentityNumber", "IsEmailVerified", "LastName", "LockoutEndTime", "PasswordHash", "PasswordSalt", "PhoneNumber", "RefreshToken", "RefreshTokenExpiration", "Status", "UpdatedDate")
VALUES (@p0, @p1, @p2, @p3, @p4, @p5, @p6, @p7, @p8, @p9, @p10, @p11, @p12, @p13, @p14)
RETURNING "Id";
2025-12-16 20:33:40.963 +03:00 [DBG] Closing connection to database 'AuthServiceDb_Dev' on server 'tcp://localhost:5432'.
2025-12-16 20:33:40.964 +03:00 [DBG] Closed connection to database 'AuthServiceDb_Dev' on server 'tcp://localhost:5432' (1ms).
2025-12-16 20:33:40.971 +03:00 [ERR] An exception occurred in the database while saving changes for context type 'AuthService.DataAccess.Concrete.EntityFramework.AuthDbContext'.
Microsoft.EntityFrameworkCore.DbUpdateException: An error occurred while saving the entity changes. See the inner exception for details.
 ---> Npgsql.PostgresException (0x80004005): 23502: null value in column "IdentityNumber" of relation "Users" violates not-null constraint

DETAIL: Detail redacted as it may contain sensitive data. Specify 'Include Error Detail' in the connection string to include this information.
   at Npgsql.Internal.NpgsqlConnector.ReadMessageLong(Boolean async, DataRowLoadingMode dataRowLoadingMode, Boolean readingNotifications, Boolean isReadingPrependedMessage)
   at System.Runtime.CompilerServices.PoolingAsyncValueTaskMethodBuilder`1.StateMachineBox`1.System.Threading.Tasks.Sources.IValueTaskSource<TResult>.GetResult(Int16 token)
   at Npgsql.NpgsqlDataReader.NextResult(Boolean async, Boolean isConsuming, CancellationToken cancellationToken)
   at Npgsql.NpgsqlDataReader.NextResult(Boolean async, Boolean isConsuming, CancellationToken cancellationToken)
   at Npgsql.NpgsqlDataReader.NextResult()
   at Npgsql.NpgsqlCommand.ExecuteReader(Boolean async, CommandBehavior behavior, CancellationToken cancellationToken)
   at Npgsql.NpgsqlCommand.ExecuteReader(Boolean async, CommandBehavior behavior, CancellationToken cancellationToken)
   at Npgsql.NpgsqlCommand.ExecuteReader(CommandBehavior behavior)
   at Npgsql.NpgsqlCommand.ExecuteDbDataReader(CommandBehavior behavior)
   at Microsoft.EntityFrameworkCore.Storage.RelationalCommand.ExecuteReader(RelationalCommandParameterObject parameterObject)
   at Microsoft.EntityFrameworkCore.Update.ReaderModificationCommandBatch.Execute(IRelationalConnection connection)
  Exception data:
    Severity: HATA
    SqlState: 23502
    MessageText: null value in column "IdentityNumber" of relation "Users" violates not-null constraint
    Detail: Detail redacted as it may contain sensitive data. Specify 'Include Error Detail' in the connection string to include this information.
    SchemaName: public
    TableName: Users
    ColumnName: IdentityNumber
    File: execMain.c
    Line: 1988
    Routine: ExecConstraints
   --- End of inner exception stack trace ---
   at Microsoft.EntityFrameworkCore.Update.ReaderModificationCommandBatch.Execute(IRelationalConnection connection)
   at Microsoft.EntityFrameworkCore.Update.Internal.BatchExecutor.Execute(IEnumerable`1 commandBatches, IRelationalConnection connection)
   at Microsoft.EntityFrameworkCore.Storage.RelationalDatabase.SaveChanges(IList`1 entries)
   at Microsoft.EntityFrameworkCore.ChangeTracking.Internal.StateManager.SaveChanges(IList`1 entriesToSave)
   at Microsoft.EntityFrameworkCore.ChangeTracking.Internal.StateManager.SaveChanges(StateManager stateManager, Boolean acceptAllChangesOnSuccess)
   at Microsoft.EntityFrameworkCore.ChangeTracking.Internal.StateManager.<>c.<SaveChanges>b__112_0(DbContext _, ValueTuple`2 t)
   at Npgsql.EntityFrameworkCore.PostgreSQL.Storage.Internal.NpgsqlExecutionStrategy.Execute[TState,TResult](TState state, Func`3 operation, Func`3 verifySucceeded)
   at Microsoft.EntityFrameworkCore.ChangeTracking.Internal.StateManager.SaveChanges(Boolean acceptAllChangesOnSuccess)
   at Microsoft.EntityFrameworkCore.DbContext.SaveChanges(Boolean acceptAllChangesOnSuccess)
Microsoft.EntityFrameworkCore.DbUpdateException: An error occurred while saving the entity changes. See the inner exception for details.
 ---> Npgsql.PostgresException (0x80004005): 23502: null value in column "IdentityNumber" of relation "Users" violates not-null constraint

DETAIL: Detail redacted as it may contain sensitive data. Specify 'Include Error Detail' in the connection string to include this information.
   at Npgsql.Internal.NpgsqlConnector.ReadMessageLong(Boolean async, DataRowLoadingMode dataRowLoadingMode, Boolean readingNotifications, Boolean isReadingPrependedMessage)
   at System.Runtime.CompilerServices.PoolingAsyncValueTaskMethodBuilder`1.StateMachineBox`1.System.Threading.Tasks.Sources.IValueTaskSource<TResult>.GetResult(Int16 token)
   at Npgsql.NpgsqlDataReader.NextResult(Boolean async, Boolean isConsuming, CancellationToken cancellationToken)
   at Npgsql.NpgsqlDataReader.NextResult(Boolean async, Boolean isConsuming, CancellationToken cancellationToken)
   at Npgsql.NpgsqlDataReader.NextResult()
   at Npgsql.NpgsqlCommand.ExecuteReader(Boolean async, CommandBehavior behavior, CancellationToken cancellationToken)
   at Npgsql.NpgsqlCommand.ExecuteReader(Boolean async, CommandBehavior behavior, CancellationToken cancellationToken)
   at Npgsql.NpgsqlCommand.ExecuteReader(CommandBehavior behavior)
   at Npgsql.NpgsqlCommand.ExecuteDbDataReader(CommandBehavior behavior)
   at Microsoft.EntityFrameworkCore.Storage.RelationalCommand.ExecuteReader(RelationalCommandParameterObject parameterObject)
   at Microsoft.EntityFrameworkCore.Update.ReaderModificationCommandBatch.Execute(IRelationalConnection connection)
  Exception data:
    Severity: HATA
    SqlState: 23502
    MessageText: null value in column "IdentityNumber" of relation "Users" violates not-null constraint
    Detail: Detail redacted as it may contain sensitive data. Specify 'Include Error Detail' in the connection string to include this information.
    SchemaName: public
    TableName: Users
    ColumnName: IdentityNumber
    File: execMain.c
    Line: 1988
    Routine: ExecConstraints
   --- End of inner exception stack trace ---
   at Microsoft.EntityFrameworkCore.Update.ReaderModificationCommandBatch.Execute(IRelationalConnection connection)
   at Microsoft.EntityFrameworkCore.Update.Internal.BatchExecutor.Execute(IEnumerable`1 commandBatches, IRelationalConnection connection)
   at Microsoft.EntityFrameworkCore.Storage.RelationalDatabase.SaveChanges(IList`1 entries)
   at Microsoft.EntityFrameworkCore.ChangeTracking.Internal.StateManager.SaveChanges(IList`1 entriesToSave)
   at Microsoft.EntityFrameworkCore.ChangeTracking.Internal.StateManager.SaveChanges(StateManager stateManager, Boolean acceptAllChangesOnSuccess)
   at Microsoft.EntityFrameworkCore.ChangeTracking.Internal.StateManager.<>c.<SaveChanges>b__112_0(DbContext _, ValueTuple`2 t)
   at Npgsql.EntityFrameworkCore.PostgreSQL.Storage.Internal.NpgsqlExecutionStrategy.Execute[TState,TResult](TState state, Func`3 operation, Func`3 verifySucceeded)
   at Microsoft.EntityFrameworkCore.ChangeTracking.Internal.StateManager.SaveChanges(Boolean acceptAllChangesOnSuccess)
   at Microsoft.EntityFrameworkCore.DbContext.SaveChanges(Boolean acceptAllChangesOnSuccess)
2025-12-16 20:33:55.842 +03:00 [INF] Executed action AuthService.API.Controllers.AuthController.Register (AuthService.API) in 16777.3134ms
2025-12-16 20:33:55.845 +03:00 [INF] Executed endpoint 'AuthService.API.Controllers.AuthController.Register (AuthService.API)'
2025-12-16 20:33:55.863 +03:00 [ERR] [User: Anonymous] [IP: ::1] POST /api/Auth/register - DbUpdateException: An error occurred while saving the entity changes. See the inner exception for details.
Microsoft.EntityFrameworkCore.DbUpdateException: An error occurred while saving the entity changes. See the inner exception for details.
 ---> Npgsql.PostgresException (0x80004005): 23502: null value in column "IdentityNumber" of relation "Users" violates not-null constraint

DETAIL: Detail redacted as it may contain sensitive data. Specify 'Include Error Detail' in the connection string to include this information.
   at Npgsql.Internal.NpgsqlConnector.ReadMessageLong(Boolean async, DataRowLoadingMode dataRowLoadingMode, Boolean readingNotifications, Boolean isReadingPrependedMessage)
   at System.Runtime.CompilerServices.PoolingAsyncValueTaskMethodBuilder`1.StateMachineBox`1.System.Threading.Tasks.Sources.IValueTaskSource<TResult>.GetResult(Int16 token)
   at Npgsql.NpgsqlDataReader.NextResult(Boolean async, Boolean isConsuming, CancellationToken cancellationToken)
   at Npgsql.NpgsqlDataReader.NextResult(Boolean async, Boolean isConsuming, CancellationToken cancellationToken)
   at Npgsql.NpgsqlDataReader.NextResult()
   at Npgsql.NpgsqlCommand.ExecuteReader(Boolean async, CommandBehavior behavior, CancellationToken cancellationToken)
   at Npgsql.NpgsqlCommand.ExecuteReader(Boolean async, CommandBehavior behavior, CancellationToken cancellationToken)
   at Npgsql.NpgsqlCommand.ExecuteReader(CommandBehavior behavior)
   at Npgsql.NpgsqlCommand.ExecuteDbDataReader(CommandBehavior behavior)
   at Microsoft.EntityFrameworkCore.Storage.RelationalCommand.ExecuteReader(RelationalCommandParameterObject parameterObject)
   at Microsoft.EntityFrameworkCore.Update.ReaderModificationCommandBatch.Execute(IRelationalConnection connection)
  Exception data:
    Severity: HATA
    SqlState: 23502
    MessageText: null value in column "IdentityNumber" of relation "Users" violates not-null constraint
    Detail: Detail redacted as it may contain sensitive data. Specify 'Include Error Detail' in the connection string to include this information.
    SchemaName: public
    TableName: Users
    ColumnName: IdentityNumber
    File: execMain.c
    Line: 1988
    Routine: ExecConstraints
   --- End of inner exception stack trace ---
   at Microsoft.EntityFrameworkCore.Update.ReaderModificationCommandBatch.Execute(IRelationalConnection connection)
   at Microsoft.EntityFrameworkCore.Update.Internal.BatchExecutor.Execute(IEnumerable`1 commandBatches, IRelationalConnection connection)
   at Microsoft.EntityFrameworkCore.Storage.RelationalDatabase.SaveChanges(IList`1 entries)
   at Microsoft.EntityFrameworkCore.ChangeTracking.Internal.StateManager.SaveChanges(IList`1 entriesToSave)
   at Microsoft.EntityFrameworkCore.ChangeTracking.Internal.StateManager.SaveChanges(StateManager stateManager, Boolean acceptAllChangesOnSuccess)
   at Microsoft.EntityFrameworkCore.ChangeTracking.Internal.StateManager.<>c.<SaveChanges>b__112_0(DbContext _, ValueTuple`2 t)
   at Npgsql.EntityFrameworkCore.PostgreSQL.Storage.Internal.NpgsqlExecutionStrategy.Execute[TState,TResult](TState state, Func`3 operation, Func`3 verifySucceeded)
   at Microsoft.EntityFrameworkCore.ChangeTracking.Internal.StateManager.SaveChanges(Boolean acceptAllChangesOnSuccess)
   at Microsoft.EntityFrameworkCore.DbContext.SaveChanges(Boolean acceptAllChangesOnSuccess)
   at Microsoft.EntityFrameworkCore.DbContext.SaveChanges()
   at AuthService.DataAccess.Concrete.EntityFramework.EfEntityRepositoryBase`2.Add(TEntity entity) in C:\Users\atura\OneDrive\Masaüstü\Yarışma\appointment-reservation\backend\Services\AuthService\AuthService.DataAccess\Concrete\EntityFramework\EfEntityRepositoryBase.cs:line 26
   at AuthService.Business.Concrete.AuthManager.Register(UserForRegisterDto userForRegisterDto) in C:\Users\atura\OneDrive\Masaüstü\Yarışma\appointment-reservation\backend\Services\AuthService\AuthService.Business\Concrete\AuthManager.cs:line 74
   at AuthService.API.Controllers.AuthController.Register(UserForRegisterDto userForRegisterDto) in C:\Users\atura\OneDrive\Masaüstü\Yarışma\appointment-reservation\backend\Services\AuthService\AuthService.API\Controllers\AuthController.cs:line 35
   at lambda_method488(Closure, Object, Object[])
   at Microsoft.AspNetCore.Mvc.Infrastructure.ActionMethodExecutor.SyncActionResultExecutor.Execute(ActionContext actionContext, IActionResultTypeMapper mapper, ObjectMethodExecutor executor, Object controller, Object[] arguments)
   at Microsoft.AspNetCore.Mvc.Infrastructure.ControllerActionInvoker.InvokeActionMethodAsync()
   at Microsoft.AspNetCore.Mvc.Infrastructure.ControllerActionInvoker.Next(State& next, Scope& scope, Object& state, Boolean& isCompleted)
   at Microsoft.AspNetCore.Mvc.Infrastructure.ControllerActionInvoker.InvokeNextActionFilterAsync()
--- End of stack trace from previous location ---
   at Microsoft.AspNetCore.Mvc.Infrastructure.ControllerActionInvoker.Rethrow(ActionExecutedContextSealed context)
   at Microsoft.AspNetCore.Mvc.Infrastructure.ControllerActionInvoker.Next(State& next, Scope& scope, Object& state, Boolean& isCompleted)
   at Microsoft.AspNetCore.Mvc.Infrastructure.ControllerActionInvoker.InvokeInnerFilterAsync()
--- End of stack trace from previous location ---
   at Microsoft.AspNetCore.Mvc.Infrastructure.ResourceInvoker.<InvokeFilterPipelineAsync>g__Awaited|20_0(ResourceInvoker invoker, Task lastTask, State next, Scope scope, Object state, Boolean isCompleted)
   at Microsoft.AspNetCore.Mvc.Infrastructure.ResourceInvoker.<InvokeAsync>g__Logged|17_1(ResourceInvoker invoker)
   at Microsoft.AspNetCore.Mvc.Infrastructure.ResourceInvoker.<InvokeAsync>g__Logged|17_1(ResourceInvoker invoker)
   at Microsoft.AspNetCore.Routing.EndpointMiddleware.<Invoke>g__AwaitRequestTask|7_0(Endpoint endpoint, Task requestTask, ILogger logger)
   at Microsoft.AspNetCore.Authorization.AuthorizationMiddleware.Invoke(HttpContext context)
   at Microsoft.AspNetCore.Authentication.AuthenticationMiddleware.Invoke(HttpContext context)
   at Core.Extensions.ExceptionMiddleware.InvokeAsync(HttpContext context) in C:\Users\atura\OneDrive\Masaüstü\Yarışma\appointment-reservation\backend\Shared\Core\Extensions\ExceptionMiddleware.cs:line 29
2025-12-16 20:33:55.954 +03:00 [DBG] 'AuthDbContext' disposed.
2025-12-16 20:33:55.957 +03:00 [DBG] Disposing connection to database 'AuthServiceDb_Dev' on server 'tcp://localhost:5432'.
2025-12-16 20:33:55.959 +03:00 [DBG] Disposed connection to database 'AuthServiceDb_Dev' on server 'tcp://localhost:5432' (2ms).
2025-12-16 20:33:55.960 +03:00 [INF] Request finished HTTP/2 POST https://localhost:7001/api/Auth/register - 500 null application/json 17010.1224ms
2025-12-16 20:33:58.049 +03:00 [INF] Request starting HTTP/2 POST https://localhost:7001/api/Auth/register - application/json 221
2025-12-16 20:33:58.054 +03:00 [DBG] 1 candidate(s) found for the request path '/api/Auth/register'
2025-12-16 20:33:58.056 +03:00 [DBG] Endpoint 'AuthService.API.Controllers.AuthController.Register (AuthService.API)' with route pattern 'api/Auth/register' is valid for the request path '/api/Auth/register'
2025-12-16 20:33:58.058 +03:00 [DBG] Request matched endpoint 'AuthService.API.Controllers.AuthController.Register (AuthService.API)'
2025-12-16 20:33:58.059 +03:00 [DBG] Static files was skipped as the request already matched an endpoint.
2025-12-16 20:33:58.060 +03:00 [DBG] The request has an origin header: 'https://localhost:7001'.
2025-12-16 20:33:58.062 +03:00 [INF] CORS policy execution successful.
2025-12-16 20:33:58.063 +03:00 [DBG] AuthenticationScheme: Bearer was not authenticated.
2025-12-16 20:33:58.064 +03:00 [INF] Executing endpoint 'AuthService.API.Controllers.AuthController.Register (AuthService.API)'
2025-12-16 20:33:58.065 +03:00 [INF] Route matched with {action = "Register", controller = "Auth"}. Executing controller action with signature Microsoft.AspNetCore.Mvc.IActionResult Register(AuthService.Entities.DTOs.UserForRegisterDto) on controller AuthService.API.Controllers.AuthController (AuthService.API).
2025-12-16 20:33:58.066 +03:00 [DBG] Execution plan of authorization filters (in the following order): ["None"]
2025-12-16 20:33:58.068 +03:00 [DBG] Execution plan of resource filters (in the following order): ["None"]
2025-12-16 20:33:58.069 +03:00 [DBG] Execution plan of action filters (in the following order): ["Microsoft.AspNetCore.Mvc.ModelBinding.UnsupportedContentTypeFilter (Order: -3000)","Microsoft.AspNetCore.Mvc.Infrastructure.ModelStateInvalidFilter (Order: -2000)"]
2025-12-16 20:33:58.070 +03:00 [DBG] Execution plan of exception filters (in the following order): ["None"]
2025-12-16 20:33:58.071 +03:00 [DBG] Execution plan of result filters (in the following order): ["Microsoft.AspNetCore.Mvc.Infrastructure.ClientErrorResultFilter (Order: -2000)","Microsoft.AspNetCore.Mvc.ProducesAttribute (Order: 0)"]
2025-12-16 20:33:58.072 +03:00 [DBG] Executing controller factory for controller AuthService.API.Controllers.AuthController (AuthService.API)
2025-12-16 20:33:58.074 +03:00 [DBG] Executed controller factory for controller AuthService.API.Controllers.AuthController (AuthService.API)
2025-12-16 20:33:58.076 +03:00 [DBG] Attempting to bind parameter 'userForRegisterDto' of type 'AuthService.Entities.DTOs.UserForRegisterDto' ...
2025-12-16 20:33:58.077 +03:00 [DBG] Attempting to bind parameter 'userForRegisterDto' of type 'AuthService.Entities.DTOs.UserForRegisterDto' using the name '' in request data ...
2025-12-16 20:33:58.078 +03:00 [DBG] Selected input formatter 'Microsoft.AspNetCore.Mvc.Formatters.SystemTextJsonInputFormatter' for content type 'application/json'.
2025-12-16 20:33:58.079 +03:00 [DBG] Connection id "0HNHSP4TGHUP1", Request id "0HNHSP4TGHUP1:0000000D": started reading request body.
2025-12-16 20:33:58.080 +03:00 [DBG] Connection id "0HNHSP4TGHUP1", Request id "0HNHSP4TGHUP1:0000000D": done reading request body.
2025-12-16 20:33:58.081 +03:00 [DBG] JSON input formatter succeeded, deserializing to type 'AuthService.Entities.DTOs.UserForRegisterDto'
2025-12-16 20:33:58.082 +03:00 [DBG] Done attempting to bind parameter 'userForRegisterDto' of type 'AuthService.Entities.DTOs.UserForRegisterDto'.
2025-12-16 20:33:58.083 +03:00 [DBG] Done attempting to bind parameter 'userForRegisterDto' of type 'AuthService.Entities.DTOs.UserForRegisterDto'.
2025-12-16 20:33:58.084 +03:00 [DBG] Attempting to validate the bound parameter 'userForRegisterDto' of type 'AuthService.Entities.DTOs.UserForRegisterDto' ...
2025-12-16 20:33:58.086 +03:00 [DBG] Done attempting to validate the bound parameter 'userForRegisterDto' of type 'AuthService.Entities.DTOs.UserForRegisterDto'.
2025-12-16 20:34:36.587 +03:00 [DBG] Registered model binder providers, in the following order: ["Microsoft.AspNetCore.Mvc.ModelBinding.Binders.BinderTypeModelBinderProvider","Microsoft.AspNetCore.Mvc.ModelBinding.Binders.ServicesModelBinderProvider","Microsoft.AspNetCore.Mvc.ModelBinding.Binders.BodyModelBinderProvider","Microsoft.AspNetCore.Mvc.ModelBinding.Binders.HeaderModelBinderProvider","Microsoft.AspNetCore.Mvc.ModelBinding.Binders.FloatingPointTypeModelBinderProvider","Microsoft.AspNetCore.Mvc.ModelBinding.Binders.EnumTypeModelBinderProvider","Microsoft.AspNetCore.Mvc.ModelBinding.Binders.DateTimeModelBinderProvider","Microsoft.AspNetCore.Mvc.ModelBinding.Binders.SimpleTypeModelBinderProvider","Microsoft.AspNetCore.Mvc.ModelBinding.Binders.TryParseModelBinderProvider","Microsoft.AspNetCore.Mvc.ModelBinding.Binders.CancellationTokenModelBinderProvider","Microsoft.AspNetCore.Mvc.ModelBinding.Binders.ByteArrayModelBinderProvider","Microsoft.AspNetCore.Mvc.ModelBinding.Binders.FormFileModelBinderProvider","Microsoft.AspNetCore.Mvc.ModelBinding.Binders.FormCollectionModelBinderProvider","Microsoft.AspNetCore.Mvc.ModelBinding.Binders.KeyValuePairModelBinderProvider","Microsoft.AspNetCore.Mvc.ModelBinding.Binders.DictionaryModelBinderProvider","Microsoft.AspNetCore.Mvc.ModelBinding.Binders.ArrayModelBinderProvider","Microsoft.AspNetCore.Mvc.ModelBinding.Binders.CollectionModelBinderProvider","Microsoft.AspNetCore.Mvc.ModelBinding.Binders.ComplexObjectModelBinderProvider"]
2025-12-16 20:34:36.768 +03:00 [DBG] An 'IServiceProvider' was created for internal use by Entity Framework.
2025-12-16 20:34:37.082 +03:00 [DBG] The index {'UserId'} was not created on entity type 'UserOperationClaim' as the properties are already covered by the index {'UserId', 'OperationClaimId'}.
2025-12-16 20:34:37.272 +03:00 [DBG] Entity Framework Core 8.0.17 initialized 'AuthDbContext' using provider 'Npgsql.EntityFrameworkCore.PostgreSQL:8.0.10+18d07c54eacaffa5bf8128d47eecdb5255d86376' with options: None
2025-12-16 20:34:37.282 +03:00 [DBG] Creating DbConnection.
2025-12-16 20:34:37.313 +03:00 [DBG] Created DbConnection. (30ms).
2025-12-16 20:34:37.320 +03:00 [DBG] Opening connection to database 'AuthServiceDb_Dev' on server 'tcp://localhost:5432'.
2025-12-16 20:34:37.419 +03:00 [DBG] Opened connection to database 'AuthServiceDb_Dev' on server 'tcp://localhost:5432'.
2025-12-16 20:34:37.421 +03:00 [DBG] Closing connection to database 'AuthServiceDb_Dev' on server 'tcp://localhost:5432'.
2025-12-16 20:34:37.428 +03:00 [DBG] Closed connection to database 'AuthServiceDb_Dev' on server 'tcp://localhost:5432' (4ms).
2025-12-16 20:34:37.433 +03:00 [DBG] Creating DbCommand for 'ExecuteScalar'.
2025-12-16 20:34:37.437 +03:00 [DBG] Created DbCommand for 'ExecuteScalar' (3ms).
2025-12-16 20:34:37.439 +03:00 [DBG] Initialized DbCommand for 'ExecuteScalar' (6ms).
2025-12-16 20:34:37.440 +03:00 [DBG] Opening connection to database 'AuthServiceDb_Dev' on server 'tcp://localhost:5432'.
2025-12-16 20:34:37.493 +03:00 [DBG] Opened connection to database 'AuthServiceDb_Dev' on server 'tcp://localhost:5432'.
2025-12-16 20:34:37.501 +03:00 [DBG] Executing DbCommand [Parameters=[], CommandType='"Text"', CommandTimeout='30']
SELECT EXISTS (
    SELECT 1 FROM pg_catalog.pg_class c
    JOIN pg_catalog.pg_namespace n ON n.oid=c.relnamespace
    WHERE n.nspname='public' AND
          c.relname='__EFMigrationsHistory'
)
2025-12-16 20:34:37.548 +03:00 [INF] Executed DbCommand (46ms) [Parameters=[], CommandType='"Text"', CommandTimeout='30']
SELECT EXISTS (
    SELECT 1 FROM pg_catalog.pg_class c
    JOIN pg_catalog.pg_namespace n ON n.oid=c.relnamespace
    WHERE n.nspname='public' AND
          c.relname='__EFMigrationsHistory'
)
2025-12-16 20:34:37.550 +03:00 [DBG] Closing connection to database 'AuthServiceDb_Dev' on server 'tcp://localhost:5432'.
2025-12-16 20:34:37.552 +03:00 [DBG] Closed connection to database 'AuthServiceDb_Dev' on server 'tcp://localhost:5432' (2ms).
2025-12-16 20:34:37.561 +03:00 [DBG] Opening connection to database 'AuthServiceDb_Dev' on server 'tcp://localhost:5432'.
2025-12-16 20:34:37.562 +03:00 [DBG] Opened connection to database 'AuthServiceDb_Dev' on server 'tcp://localhost:5432'.
2025-12-16 20:34:37.563 +03:00 [DBG] Creating DbCommand for 'ExecuteReader'.
2025-12-16 20:34:37.564 +03:00 [DBG] Created DbCommand for 'ExecuteReader' (0ms).
2025-12-16 20:34:37.565 +03:00 [DBG] Initialized DbCommand for 'ExecuteReader' (1ms).
2025-12-16 20:34:37.566 +03:00 [DBG] Executing DbCommand [Parameters=[], CommandType='"Text"', CommandTimeout='30']
SELECT "MigrationId", "ProductVersion"
FROM "__EFMigrationsHistory"
ORDER BY "MigrationId";
2025-12-16 20:34:37.569 +03:00 [INF] Executed DbCommand (3ms) [Parameters=[], CommandType='"Text"', CommandTimeout='30']
SELECT "MigrationId", "ProductVersion"
FROM "__EFMigrationsHistory"
ORDER BY "MigrationId";
2025-12-16 20:34:37.575 +03:00 [DBG] Closing data reader to 'AuthServiceDb_Dev' on server 'tcp://localhost:5432'.
2025-12-16 20:34:37.577 +03:00 [DBG] A data reader for 'AuthServiceDb_Dev' on server 'tcp://localhost:5432' is being disposed after spending 5ms reading results.
2025-12-16 20:34:37.578 +03:00 [DBG] Closing connection to database 'AuthServiceDb_Dev' on server 'tcp://localhost:5432'.
2025-12-16 20:34:37.579 +03:00 [DBG] Closed connection to database 'AuthServiceDb_Dev' on server 'tcp://localhost:5432' (0ms).
2025-12-16 20:34:37.581 +03:00 [DBG] Migrating using database 'AuthServiceDb_Dev' on server 'tcp://localhost:5432'.
2025-12-16 20:34:37.582 +03:00 [DBG] Opening connection to database 'AuthServiceDb_Dev' on server 'tcp://localhost:5432'.
2025-12-16 20:34:37.622 +03:00 [DBG] Opened connection to database 'AuthServiceDb_Dev' on server 'tcp://localhost:5432'.
2025-12-16 20:34:37.623 +03:00 [DBG] Closing connection to database 'AuthServiceDb_Dev' on server 'tcp://localhost:5432'.
2025-12-16 20:34:37.624 +03:00 [DBG] Closed connection to database 'AuthServiceDb_Dev' on server 'tcp://localhost:5432' (1ms).
2025-12-16 20:34:37.625 +03:00 [DBG] Creating DbCommand for 'ExecuteScalar'.
2025-12-16 20:34:37.626 +03:00 [DBG] Created DbCommand for 'ExecuteScalar' (0ms).
2025-12-16 20:34:37.627 +03:00 [DBG] Initialized DbCommand for 'ExecuteScalar' (1ms).
2025-12-16 20:34:37.628 +03:00 [DBG] Opening connection to database 'AuthServiceDb_Dev' on server 'tcp://localhost:5432'.
2025-12-16 20:34:37.629 +03:00 [DBG] Opened connection to database 'AuthServiceDb_Dev' on server 'tcp://localhost:5432'.
2025-12-16 20:34:37.630 +03:00 [DBG] Executing DbCommand [Parameters=[], CommandType='"Text"', CommandTimeout='30']
SELECT EXISTS (
    SELECT 1 FROM pg_catalog.pg_class c
    JOIN pg_catalog.pg_namespace n ON n.oid=c.relnamespace
    WHERE n.nspname='public' AND
          c.relname='__EFMigrationsHistory'
)
2025-12-16 20:34:37.631 +03:00 [INF] Executed DbCommand (2ms) [Parameters=[], CommandType='"Text"', CommandTimeout='30']
SELECT EXISTS (
    SELECT 1 FROM pg_catalog.pg_class c
    JOIN pg_catalog.pg_namespace n ON n.oid=c.relnamespace
    WHERE n.nspname='public' AND
          c.relname='__EFMigrationsHistory'
)
2025-12-16 20:34:37.633 +03:00 [DBG] Closing connection to database 'AuthServiceDb_Dev' on server 'tcp://localhost:5432'.
2025-12-16 20:34:37.634 +03:00 [DBG] Closed connection to database 'AuthServiceDb_Dev' on server 'tcp://localhost:5432' (0ms).
2025-12-16 20:34:37.635 +03:00 [DBG] Opening connection to database 'AuthServiceDb_Dev' on server 'tcp://localhost:5432'.
2025-12-16 20:34:37.673 +03:00 [DBG] Opened connection to database 'AuthServiceDb_Dev' on server 'tcp://localhost:5432'.
2025-12-16 20:34:37.674 +03:00 [DBG] Closing connection to database 'AuthServiceDb_Dev' on server 'tcp://localhost:5432'.
2025-12-16 20:34:37.675 +03:00 [DBG] Closed connection to database 'AuthServiceDb_Dev' on server 'tcp://localhost:5432' (0ms).
2025-12-16 20:34:37.677 +03:00 [DBG] Creating DbCommand for 'ExecuteScalar'.
2025-12-16 20:34:37.677 +03:00 [DBG] Created DbCommand for 'ExecuteScalar' (0ms).
2025-12-16 20:34:37.678 +03:00 [DBG] Initialized DbCommand for 'ExecuteScalar' (1ms).
2025-12-16 20:34:37.679 +03:00 [DBG] Opening connection to database 'AuthServiceDb_Dev' on server 'tcp://localhost:5432'.
2025-12-16 20:34:37.680 +03:00 [DBG] Opened connection to database 'AuthServiceDb_Dev' on server 'tcp://localhost:5432'.
2025-12-16 20:34:37.681 +03:00 [DBG] Executing DbCommand [Parameters=[], CommandType='"Text"', CommandTimeout='30']
SELECT EXISTS (
    SELECT 1 FROM pg_catalog.pg_class c
    JOIN pg_catalog.pg_namespace n ON n.oid=c.relnamespace
    WHERE n.nspname='public' AND
          c.relname='__EFMigrationsHistory'
)
2025-12-16 20:34:37.683 +03:00 [INF] Executed DbCommand (2ms) [Parameters=[], CommandType='"Text"', CommandTimeout='30']
SELECT EXISTS (
    SELECT 1 FROM pg_catalog.pg_class c
    JOIN pg_catalog.pg_namespace n ON n.oid=c.relnamespace
    WHERE n.nspname='public' AND
          c.relname='__EFMigrationsHistory'
)
2025-12-16 20:34:37.684 +03:00 [DBG] Closing connection to database 'AuthServiceDb_Dev' on server 'tcp://localhost:5432'.
2025-12-16 20:34:37.685 +03:00 [DBG] Closed connection to database 'AuthServiceDb_Dev' on server 'tcp://localhost:5432' (0ms).
2025-12-16 20:34:37.686 +03:00 [DBG] Opening connection to database 'AuthServiceDb_Dev' on server 'tcp://localhost:5432'.
2025-12-16 20:34:37.687 +03:00 [DBG] Opened connection to database 'AuthServiceDb_Dev' on server 'tcp://localhost:5432'.
2025-12-16 20:34:37.688 +03:00 [DBG] Creating DbCommand for 'ExecuteReader'.
2025-12-16 20:34:37.688 +03:00 [DBG] Created DbCommand for 'ExecuteReader' (0ms).
2025-12-16 20:34:37.689 +03:00 [DBG] Initialized DbCommand for 'ExecuteReader' (1ms).
2025-12-16 20:34:37.690 +03:00 [DBG] Executing DbCommand [Parameters=[], CommandType='"Text"', CommandTimeout='30']
SELECT "MigrationId", "ProductVersion"
FROM "__EFMigrationsHistory"
ORDER BY "MigrationId";
2025-12-16 20:34:37.691 +03:00 [INF] Executed DbCommand (1ms) [Parameters=[], CommandType='"Text"', CommandTimeout='30']
SELECT "MigrationId", "ProductVersion"
FROM "__EFMigrationsHistory"
ORDER BY "MigrationId";
2025-12-16 20:34:37.693 +03:00 [DBG] Closing data reader to 'AuthServiceDb_Dev' on server 'tcp://localhost:5432'.
2025-12-16 20:34:37.694 +03:00 [DBG] A data reader for 'AuthServiceDb_Dev' on server 'tcp://localhost:5432' is being disposed after spending 0ms reading results.
2025-12-16 20:34:37.695 +03:00 [DBG] Closing connection to database 'AuthServiceDb_Dev' on server 'tcp://localhost:5432'.
2025-12-16 20:34:37.696 +03:00 [DBG] Closed connection to database 'AuthServiceDb_Dev' on server 'tcp://localhost:5432' (0ms).
2025-12-16 20:34:37.704 +03:00 [INF] No migrations were applied. The database is already up to date.
2025-12-16 20:34:37.707 +03:00 [INF] Database migrations applied successfully.
2025-12-16 20:34:37.709 +03:00 [DBG] 'AuthDbContext' disposed.
2025-12-16 20:34:37.711 +03:00 [DBG] Disposing connection to database 'AuthServiceDb_Dev' on server 'tcp://localhost:5432'.
2025-12-16 20:34:37.714 +03:00 [DBG] Disposed connection to database 'AuthServiceDb_Dev' on server 'tcp://localhost:5432' (2ms).
2025-12-16 20:34:37.717 +03:00 [DBG] Hosting starting
2025-12-16 20:34:37.746 +03:00 [INF] User profile is available. Using 'C:\Users\atura\AppData\Local\ASP.NET\DataProtection-Keys' as key repository and Windows DPAPI to encrypt keys at rest.
2025-12-16 20:34:37.764 +03:00 [DBG] Reading data from file 'C:\Users\atura\AppData\Local\ASP.NET\DataProtection-Keys\key-2b41731a-ff2b-4c58-8083-9dd2e8e06c02.xml'.
2025-12-16 20:34:37.770 +03:00 [DBG] Reading data from file 'C:\Users\atura\AppData\Local\ASP.NET\DataProtection-Keys\key-b1bfbf17-5e54-4bcd-856c-81e8ff116985.xml'.
2025-12-16 20:34:37.771 +03:00 [DBG] Reading data from file 'C:\Users\atura\AppData\Local\ASP.NET\DataProtection-Keys\key-d4db8ae3-c3b6-4a1e-a8e6-5ce936ab3dc1.xml'.
2025-12-16 20:34:37.772 +03:00 [DBG] Reading data from file 'C:\Users\atura\AppData\Local\ASP.NET\DataProtection-Keys\key-d528c6a9-5739-4b20-b71f-eef16136c0e0.xml'.
2025-12-16 20:34:37.773 +03:00 [DBG] Reading data from file 'C:\Users\atura\AppData\Local\ASP.NET\DataProtection-Keys\key-f197c843-1f03-4bc8-9e1b-7ef1bcdd878d.xml'.
2025-12-16 20:34:37.777 +03:00 [DBG] Found key {2b41731a-ff2b-4c58-8083-9dd2e8e06c02}.
2025-12-16 20:34:37.780 +03:00 [DBG] Found key {b1bfbf17-5e54-4bcd-856c-81e8ff116985}.
2025-12-16 20:34:37.781 +03:00 [DBG] Found key {d4db8ae3-c3b6-4a1e-a8e6-5ce936ab3dc1}.
2025-12-16 20:34:37.782 +03:00 [DBG] Found key {d528c6a9-5739-4b20-b71f-eef16136c0e0}.
2025-12-16 20:34:37.783 +03:00 [DBG] Found key {f197c843-1f03-4bc8-9e1b-7ef1bcdd878d}.
2025-12-16 20:34:37.788 +03:00 [DBG] Considering key {d528c6a9-5739-4b20-b71f-eef16136c0e0} with expiration date 2026-01-16 09:53:55Z as default key.
2025-12-16 20:34:37.791 +03:00 [DBG] Forwarded activator type request from Microsoft.AspNetCore.DataProtection.XmlEncryption.DpapiXmlDecryptor, Microsoft.AspNetCore.DataProtection, Version=8.0.0.0, Culture=neutral, PublicKeyToken=adb9793829ddae60 to Microsoft.AspNetCore.DataProtection.XmlEncryption.DpapiXmlDecryptor, Microsoft.AspNetCore.DataProtection, Culture=neutral, PublicKeyToken=adb9793829ddae60
2025-12-16 20:34:37.792 +03:00 [DBG] Decrypting secret element using Windows DPAPI.
2025-12-16 20:34:37.794 +03:00 [DBG] Forwarded activator type request from Microsoft.AspNetCore.DataProtection.AuthenticatedEncryption.ConfigurationModel.AuthenticatedEncryptorDescriptorDeserializer, Microsoft.AspNetCore.DataProtection, Version=8.0.0.0, Culture=neutral, PublicKeyToken=adb9793829ddae60 to Microsoft.AspNetCore.DataProtection.AuthenticatedEncryption.ConfigurationModel.AuthenticatedEncryptorDescriptorDeserializer, Microsoft.AspNetCore.DataProtection, Culture=neutral, PublicKeyToken=adb9793829ddae60
2025-12-16 20:34:37.797 +03:00 [DBG] Opening CNG algorithm 'AES' from provider 'null' with chaining mode CBC.
2025-12-16 20:34:37.798 +03:00 [DBG] Opening CNG algorithm 'SHA256' from provider 'null' with HMAC.
2025-12-16 20:34:37.803 +03:00 [DBG] Using key {d528c6a9-5739-4b20-b71f-eef16136c0e0} as the default key.
2025-12-16 20:34:37.804 +03:00 [DBG] Key ring with default key {d528c6a9-5739-4b20-b71f-eef16136c0e0} was loaded during application startup.
2025-12-16 20:34:37.940 +03:00 [INF] Now listening on: https://localhost:7001
2025-12-16 20:34:37.941 +03:00 [INF] Now listening on: http://localhost:5001
2025-12-16 20:34:37.941 +03:00 [DBG] Loaded hosting startup assembly AuthService.API
2025-12-16 20:34:37.942 +03:00 [DBG] Loaded hosting startup assembly Microsoft.WebTools.ApiEndpointDiscovery
2025-12-16 20:34:37.943 +03:00 [DBG] Loaded hosting startup assembly Microsoft.AspNetCore.Watch.BrowserRefresh
2025-12-16 20:34:37.943 +03:00 [DBG] Loaded hosting startup assembly Microsoft.WebTools.BrowserLink.Net
2025-12-16 20:34:38.021 +03:00 [INF] Application started. Press Ctrl+C to shut down.
2025-12-16 20:34:38.022 +03:00 [INF] Hosting environment: Development
2025-12-16 20:34:38.023 +03:00 [INF] Content root path: C:\Users\atura\OneDrive\Masaüstü\Yarışma\appointment-reservation\backend\Services\AuthService\AuthService.API
2025-12-16 20:34:38.023 +03:00 [DBG] Hosting started
2025-12-16 20:34:38.389 +03:00 [DBG] Connection id "0HNHSP5HJFTP1" accepted.
2025-12-16 20:34:38.389 +03:00 [DBG] Connection id "0HNHSP5HJFTP2" accepted.
2025-12-16 20:34:38.391 +03:00 [DBG] Connection id "0HNHSP5HJFTP1" started.
2025-12-16 20:34:38.391 +03:00 [DBG] Connection id "0HNHSP5HJFTP2" started.
2025-12-16 20:34:38.403 +03:00 [DBG] Connection id "0HNHSP5HJFTP1" received FIN.
2025-12-16 20:34:38.403 +03:00 [DBG] Connection id "0HNHSP5HJFTP2" received FIN.
2025-12-16 20:34:38.411 +03:00 [DBG] Failed to authenticate HTTPS connection.
System.IO.IOException: Received an unexpected EOF or 0 bytes from the transport stream.
   at System.Net.Security.SslStream.ReceiveHandshakeFrameAsync[TIOAdapter](CancellationToken cancellationToken)
   at System.Net.Security.SslStream.ForceAuthenticationAsync[TIOAdapter](Boolean receiveFirst, Byte[] reAuthenticationData, CancellationToken cancellationToken)
   at System.Net.Security.SslStream.ProcessAuthenticationWithTelemetryAsync(Boolean isAsync, CancellationToken cancellationToken)
   at Microsoft.AspNetCore.Server.Kestrel.Https.Internal.HttpsConnectionMiddleware.OnConnectionAsync(ConnectionContext context)
2025-12-16 20:34:38.411 +03:00 [DBG] Failed to authenticate HTTPS connection.
System.IO.IOException: Received an unexpected EOF or 0 bytes from the transport stream.
   at System.Net.Security.SslStream.ReceiveHandshakeFrameAsync[TIOAdapter](CancellationToken cancellationToken)
   at System.Net.Security.SslStream.ForceAuthenticationAsync[TIOAdapter](Boolean receiveFirst, Byte[] reAuthenticationData, CancellationToken cancellationToken)
   at System.Net.Security.SslStream.ProcessAuthenticationWithTelemetryAsync(Boolean isAsync, CancellationToken cancellationToken)
   at Microsoft.AspNetCore.Server.Kestrel.Https.Internal.HttpsConnectionMiddleware.OnConnectionAsync(ConnectionContext context)
2025-12-16 20:34:38.432 +03:00 [DBG] Connection id "0HNHSP5HJFTP1" stopped.
2025-12-16 20:34:38.432 +03:00 [DBG] Connection id "0HNHSP5HJFTP2" stopped.
2025-12-16 20:34:38.436 +03:00 [DBG] Connection id "0HNHSP5HJFTP2" sending FIN because: "The Socket transport's send loop completed gracefully."
2025-12-16 20:34:38.436 +03:00 [DBG] Connection id "0HNHSP5HJFTP1" sending FIN because: "The Socket transport's send loop completed gracefully."
2025-12-16 20:34:39.411 +03:00 [DBG] Connection id "0HNHSP5HJFTP3" accepted.
2025-12-16 20:34:39.412 +03:00 [DBG] Connection id "0HNHSP5HJFTP3" started.
2025-12-16 20:34:39.449 +03:00 [DBG] Connection 0HNHSP5HJFTP3 established using the following protocol: "Tls13"
2025-12-16 20:34:39.519 +03:00 [INF] Request starting HTTP/2 GET https://localhost:7001/swagger/index.html - null null
2025-12-16 20:34:39.597 +03:00 [DBG] Wildcard detected, all requests with hosts will be allowed.
2025-12-16 20:34:39.615 +03:00 [DBG] No candidates found for the request path '/swagger/index.html'
2025-12-16 20:34:39.616 +03:00 [DBG] Request did not match any endpoints
2025-12-16 20:34:39.665 +03:00 [DBG] Response markup is scheduled to include Browser Link script injection.
2025-12-16 20:34:39.667 +03:00 [DBG] Response markup is scheduled to include browser refresh script injection.
2025-12-16 20:34:39.672 +03:00 [DBG] Response markup was updated to include Browser Link script injection.
2025-12-16 20:34:39.674 +03:00 [DBG] Response markup was updated to include browser refresh script injection.
2025-12-16 20:34:39.680 +03:00 [INF] Request finished HTTP/2 GET https://localhost:7001/swagger/index.html - 200 null text/html;charset=utf-8 167.5173ms
2025-12-16 20:34:39.689 +03:00 [INF] Request starting HTTP/2 GET https://localhost:7001/_framework/aspnetcore-browser-refresh.js - null null
2025-12-16 20:34:39.689 +03:00 [INF] Request starting HTTP/2 GET https://localhost:7001/swagger/index.js - null null
2025-12-16 20:34:39.694 +03:00 [DBG] No candidates found for the request path '/swagger/index.js'
2025-12-16 20:34:39.695 +03:00 [DBG] Request did not match any endpoints
2025-12-16 20:34:39.698 +03:00 [INF] Request finished HTTP/2 GET https://localhost:7001/swagger/index.js - 200 null application/javascript;charset=utf-8 8.5799ms
2025-12-16 20:34:39.702 +03:00 [INF] Request starting HTTP/2 GET https://localhost:7001/_vs/browserLink - null null
2025-12-16 20:34:39.708 +03:00 [INF] Request finished HTTP/2 GET https://localhost:7001/_framework/aspnetcore-browser-refresh.js - 200 13782 application/javascript; charset=utf-8 18.6645ms
2025-12-16 20:34:39.741 +03:00 [INF] Request finished HTTP/2 GET https://localhost:7001/_vs/browserLink - 200 null text/javascript; charset=UTF-8 39.1002ms
2025-12-16 20:34:39.826 +03:00 [INF] Request starting HTTP/2 GET https://localhost:7001/swagger/v1/swagger.json - null null
2025-12-16 20:34:39.828 +03:00 [DBG] No candidates found for the request path '/swagger/v1/swagger.json'
2025-12-16 20:34:39.828 +03:00 [DBG] Request did not match any endpoints
2025-12-16 20:34:39.853 +03:00 [INF] Request finished HTTP/2 GET https://localhost:7001/swagger/v1/swagger.json - 200 null application/json;charset=utf-8 27.172ms
2025-12-16 20:34:57.338 +03:00 [INF] Request starting HTTP/2 POST https://localhost:7001/api/Auth/register - application/json 221
2025-12-16 20:34:57.345 +03:00 [DBG] 1 candidate(s) found for the request path '/api/Auth/register'
2025-12-16 20:34:57.347 +03:00 [DBG] Endpoint 'AuthService.API.Controllers.AuthController.Register (AuthService.API)' with route pattern 'api/Auth/register' is valid for the request path '/api/Auth/register'
2025-12-16 20:34:57.349 +03:00 [DBG] Request matched endpoint 'AuthService.API.Controllers.AuthController.Register (AuthService.API)'
2025-12-16 20:34:57.351 +03:00 [DBG] Static files was skipped as the request already matched an endpoint.
2025-12-16 20:34:57.354 +03:00 [DBG] The request has an origin header: 'https://localhost:7001'.
2025-12-16 20:34:57.355 +03:00 [INF] CORS policy execution successful.
2025-12-16 20:34:57.419 +03:00 [DBG] AuthenticationScheme: Bearer was not authenticated.
2025-12-16 20:34:57.423 +03:00 [INF] Executing endpoint 'AuthService.API.Controllers.AuthController.Register (AuthService.API)'
2025-12-16 20:34:57.444 +03:00 [INF] Route matched with {action = "Register", controller = "Auth"}. Executing controller action with signature Microsoft.AspNetCore.Mvc.IActionResult Register(AuthService.Entities.DTOs.UserForRegisterDto) on controller AuthService.API.Controllers.AuthController (AuthService.API).
2025-12-16 20:34:57.447 +03:00 [DBG] Execution plan of authorization filters (in the following order): ["None"]
2025-12-16 20:34:57.448 +03:00 [DBG] Execution plan of resource filters (in the following order): ["None"]
2025-12-16 20:34:57.449 +03:00 [DBG] Execution plan of action filters (in the following order): ["Microsoft.AspNetCore.Mvc.ModelBinding.UnsupportedContentTypeFilter (Order: -3000)","Microsoft.AspNetCore.Mvc.Infrastructure.ModelStateInvalidFilter (Order: -2000)"]
2025-12-16 20:34:57.451 +03:00 [DBG] Execution plan of exception filters (in the following order): ["None"]
2025-12-16 20:34:57.452 +03:00 [DBG] Execution plan of result filters (in the following order): ["Microsoft.AspNetCore.Mvc.Infrastructure.ClientErrorResultFilter (Order: -2000)","Microsoft.AspNetCore.Mvc.ProducesAttribute (Order: 0)"]
2025-12-16 20:34:57.454 +03:00 [DBG] Executing controller factory for controller AuthService.API.Controllers.AuthController (AuthService.API)
2025-12-16 20:34:57.523 +03:00 [DBG] Executed controller factory for controller AuthService.API.Controllers.AuthController (AuthService.API)
2025-12-16 20:34:57.536 +03:00 [DBG] Attempting to bind parameter 'userForRegisterDto' of type 'AuthService.Entities.DTOs.UserForRegisterDto' ...
2025-12-16 20:34:57.539 +03:00 [DBG] Attempting to bind parameter 'userForRegisterDto' of type 'AuthService.Entities.DTOs.UserForRegisterDto' using the name '' in request data ...
2025-12-16 20:34:57.541 +03:00 [DBG] Selected input formatter 'Microsoft.AspNetCore.Mvc.Formatters.SystemTextJsonInputFormatter' for content type 'application/json'.
2025-12-16 20:34:57.550 +03:00 [DBG] Connection id "0HNHSP5HJFTP3", Request id "0HNHSP5HJFTP3:0000000B": started reading request body.
2025-12-16 20:34:57.551 +03:00 [DBG] Connection id "0HNHSP5HJFTP3", Request id "0HNHSP5HJFTP3:0000000B": done reading request body.
2025-12-16 20:34:57.564 +03:00 [DBG] JSON input formatter succeeded, deserializing to type 'AuthService.Entities.DTOs.UserForRegisterDto'
2025-12-16 20:34:57.565 +03:00 [DBG] Done attempting to bind parameter 'userForRegisterDto' of type 'AuthService.Entities.DTOs.UserForRegisterDto'.
2025-12-16 20:34:57.566 +03:00 [DBG] Done attempting to bind parameter 'userForRegisterDto' of type 'AuthService.Entities.DTOs.UserForRegisterDto'.
2025-12-16 20:34:57.568 +03:00 [DBG] Attempting to validate the bound parameter 'userForRegisterDto' of type 'AuthService.Entities.DTOs.UserForRegisterDto' ...
2025-12-16 20:34:57.607 +03:00 [DBG] Done attempting to validate the bound parameter 'userForRegisterDto' of type 'AuthService.Entities.DTOs.UserForRegisterDto'.
2025-12-16 20:34:59.840 +03:00 [DBG] Entity Framework Core 8.0.17 initialized 'AuthDbContext' using provider 'Npgsql.EntityFrameworkCore.PostgreSQL:8.0.10+18d07c54eacaffa5bf8128d47eecdb5255d86376' with options: None
2025-12-16 20:34:59.865 +03:00 [DBG] Compiling query expression: 
'DbSet<User>()
    .FirstOrDefault(u => u.Email == __email_0)'
2025-12-16 20:34:59.993 +03:00 [DBG] Generated query execution expression: 
'queryContext => new SingleQueryingEnumerable<User>(
    (RelationalQueryContext)queryContext, 
    RelationalCommandCache.QueryExpression(
        Projection Mapping:
            EmptyProjectionMember -> Dictionary<IProperty, int> { [Property: User.Id (int) Required PK AfterSave:Throw ValueGenerated.OnAdd, 0], [Property: User.CreatedDate (DateTime) Required, 1], [Property: User.Email (string) Required Index MaxLength(100), 2], [Property: User.FailedLoginAttempts (int) Required, 3], [Property: User.FirstName (string) Required MaxLength(50), 4], [Property: User.IdentityNumber (string) Required MaxLength(11), 5], [Property: User.IsEmailVerified (bool) Required, 6], [Property: User.LastName (string) MaxLength(50), 7], [Property: User.LockoutEndTime (DateTime?), 8], [Property: User.PasswordHash (byte[]) Required, 9], [Property: User.PasswordSalt (byte[]) Required, 10], [Property: User.PhoneNumber (string) MaxLength(20), 11], [Property: User.RefreshToken (string), 12], [Property: User.RefreshTokenExpiration (DateTime?), 13], [Property: User.Status (bool) Required, 14], [Property: User.UpdatedDate (DateTime?), 15] }
        SELECT TOP(1) u.Id, u.CreatedDate, u.Email, u.FailedLoginAttempts, u.FirstName, u.IdentityNumber, u.IsEmailVerified, u.LastName, u.LockoutEndTime, u.PasswordHash, u.PasswordSalt, u.PhoneNumber, u.RefreshToken, u.RefreshTokenExpiration, u.Status, u.UpdatedDate
        FROM Users AS u
        WHERE u.Email == @__email_0), 
    null, 
    Func<QueryContext, DbDataReader, ResultContext, SingleQueryResultCoordinator, User>, 
    AuthService.DataAccess.Concrete.EntityFramework.AuthDbContext, 
    False, 
    False, 
    True
)
    .SingleOrDefault()'
2025-12-16 20:35:00.014 +03:00 [DBG] Creating DbConnection.
2025-12-16 20:35:00.015 +03:00 [DBG] Created DbConnection. (0ms).
2025-12-16 20:35:00.016 +03:00 [DBG] Opening connection to database 'AuthServiceDb_Dev' on server 'tcp://localhost:5432'.
2025-12-16 20:35:00.017 +03:00 [DBG] Opened connection to database 'AuthServiceDb_Dev' on server 'tcp://localhost:5432'.
2025-12-16 20:35:00.017 +03:00 [DBG] Creating DbCommand for 'ExecuteReader'.
2025-12-16 20:35:00.018 +03:00 [DBG] Created DbCommand for 'ExecuteReader' (0ms).
2025-12-16 20:35:00.022 +03:00 [DBG] Initialized DbCommand for 'ExecuteReader' (4ms).
2025-12-16 20:35:00.025 +03:00 [DBG] Executing DbCommand [Parameters=[@__email_0='?'], CommandType='"Text"', CommandTimeout='30']
SELECT u."Id", u."CreatedDate", u."Email", u."FailedLoginAttempts", u."FirstName", u."IdentityNumber", u."IsEmailVerified", u."LastName", u."LockoutEndTime", u."PasswordHash", u."PasswordSalt", u."PhoneNumber", u."RefreshToken", u."RefreshTokenExpiration", u."Status", u."UpdatedDate"
FROM "Users" AS u
WHERE u."Email" = @__email_0
LIMIT 1
2025-12-16 20:35:00.034 +03:00 [INF] Executed DbCommand (11ms) [Parameters=[@__email_0='?'], CommandType='"Text"', CommandTimeout='30']
SELECT u."Id", u."CreatedDate", u."Email", u."FailedLoginAttempts", u."FirstName", u."IdentityNumber", u."IsEmailVerified", u."LastName", u."LockoutEndTime", u."PasswordHash", u."PasswordSalt", u."PhoneNumber", u."RefreshToken", u."RefreshTokenExpiration", u."Status", u."UpdatedDate"
FROM "Users" AS u
WHERE u."Email" = @__email_0
LIMIT 1
2025-12-16 20:35:00.036 +03:00 [DBG] Closing data reader to 'AuthServiceDb_Dev' on server 'tcp://localhost:5432'.
2025-12-16 20:35:00.037 +03:00 [DBG] A data reader for 'AuthServiceDb_Dev' on server 'tcp://localhost:5432' is being disposed after spending 1ms reading results.
2025-12-16 20:35:00.038 +03:00 [DBG] Closing connection to database 'AuthServiceDb_Dev' on server 'tcp://localhost:5432'.
2025-12-16 20:35:00.040 +03:00 [DBG] Closed connection to database 'AuthServiceDb_Dev' on server 'tcp://localhost:5432' (1ms).
2025-12-16 20:35:00.059 +03:00 [DBG] 'AuthDbContext' generated a temporary value for the property 'User.Id'. Consider using 'DbContextOptionsBuilder.EnableSensitiveDataLogging' to see key values.
2025-12-16 20:35:00.104 +03:00 [DBG] Context 'AuthDbContext' started tracking 'User' entity. Consider using 'DbContextOptionsBuilder.EnableSensitiveDataLogging' to see key values.
2025-12-16 20:35:00.106 +03:00 [DBG] SaveChanges starting for 'AuthDbContext'.
2025-12-16 20:35:00.108 +03:00 [DBG] DetectChanges starting for 'AuthDbContext'.
2025-12-16 20:35:00.122 +03:00 [DBG] DetectChanges completed for 'AuthDbContext'.
2025-12-16 20:35:00.159 +03:00 [DBG] Opening connection to database 'AuthServiceDb_Dev' on server 'tcp://localhost:5432'.
2025-12-16 20:35:00.160 +03:00 [DBG] Opened connection to database 'AuthServiceDb_Dev' on server 'tcp://localhost:5432'.
2025-12-16 20:35:00.162 +03:00 [DBG] Creating DbCommand for 'ExecuteReader'.
2025-12-16 20:35:00.163 +03:00 [DBG] Created DbCommand for 'ExecuteReader' (0ms).
2025-12-16 20:35:00.164 +03:00 [DBG] Initialized DbCommand for 'ExecuteReader' (1ms).
2025-12-16 20:35:00.165 +03:00 [DBG] Executing DbCommand [Parameters=[@p0='?' (DbType = DateTime), @p1='?', @p2='?' (DbType = Int32), @p3='?', @p4='?', @p5='?' (DbType = Boolean), @p6='?', @p7='?' (DbType = DateTime), @p8='?' (DbType = Binary), @p9='?' (DbType = Binary), @p10='?', @p11='?', @p12='?' (DbType = DateTime), @p13='?' (DbType = Boolean), @p14='?' (DbType = DateTime)], CommandType='"Text"', CommandTimeout='30']
INSERT INTO "Users" ("CreatedDate", "Email", "FailedLoginAttempts", "FirstName", "IdentityNumber", "IsEmailVerified", "LastName", "LockoutEndTime", "PasswordHash", "PasswordSalt", "PhoneNumber", "RefreshToken", "RefreshTokenExpiration", "Status", "UpdatedDate")
VALUES (@p0, @p1, @p2, @p3, @p4, @p5, @p6, @p7, @p8, @p9, @p10, @p11, @p12, @p13, @p14)
RETURNING "Id";
2025-12-16 20:35:00.173 +03:00 [INF] Executed DbCommand (8ms) [Parameters=[@p0='?' (DbType = DateTime), @p1='?', @p2='?' (DbType = Int32), @p3='?', @p4='?', @p5='?' (DbType = Boolean), @p6='?', @p7='?' (DbType = DateTime), @p8='?' (DbType = Binary), @p9='?' (DbType = Binary), @p10='?', @p11='?', @p12='?' (DbType = DateTime), @p13='?' (DbType = Boolean), @p14='?' (DbType = DateTime)], CommandType='"Text"', CommandTimeout='30']
INSERT INTO "Users" ("CreatedDate", "Email", "FailedLoginAttempts", "FirstName", "IdentityNumber", "IsEmailVerified", "LastName", "LockoutEndTime", "PasswordHash", "PasswordSalt", "PhoneNumber", "RefreshToken", "RefreshTokenExpiration", "Status", "UpdatedDate")
VALUES (@p0, @p1, @p2, @p3, @p4, @p5, @p6, @p7, @p8, @p9, @p10, @p11, @p12, @p13, @p14)
RETURNING "Id";
2025-12-16 20:35:00.182 +03:00 [DBG] The foreign key property 'User.Id' was detected as changed. Consider using 'DbContextOptionsBuilder.EnableSensitiveDataLogging' to see property values.
2025-12-16 20:35:00.185 +03:00 [DBG] Closing data reader to 'AuthServiceDb_Dev' on server 'tcp://localhost:5432'.
2025-12-16 20:35:00.186 +03:00 [DBG] A data reader for 'AuthServiceDb_Dev' on server 'tcp://localhost:5432' is being disposed after spending 11ms reading results.
2025-12-16 20:35:00.188 +03:00 [DBG] Closing connection to database 'AuthServiceDb_Dev' on server 'tcp://localhost:5432'.
2025-12-16 20:35:00.188 +03:00 [DBG] Closed connection to database 'AuthServiceDb_Dev' on server 'tcp://localhost:5432' (0ms).
2025-12-16 20:35:00.196 +03:00 [DBG] An entity of type 'User' tracked by 'AuthDbContext' changed state from '"Added"' to '"Unchanged"'. Consider using 'DbContextOptionsBuilder.EnableSensitiveDataLogging' to see key values.
2025-12-16 20:35:00.198 +03:00 [DBG] SaveChanges completed for 'AuthDbContext' with 1 entities written to the database.
2025-12-16 20:35:00.200 +03:00 [DBG] Compiling query expression: 
'DbSet<OperationClaim>()
    .FirstOrDefault(oc => oc.Name == __name_0)'
2025-12-16 20:35:00.204 +03:00 [DBG] Generated query execution expression: 
'queryContext => new SingleQueryingEnumerable<OperationClaim>(
    (RelationalQueryContext)queryContext, 
    RelationalCommandCache.QueryExpression(
        Projection Mapping:
            EmptyProjectionMember -> Dictionary<IProperty, int> { [Property: OperationClaim.Id (int) Required PK AfterSave:Throw ValueGenerated.OnAdd, 0], [Property: OperationClaim.CreatedDate (DateTime) Required, 1], [Property: OperationClaim.Description (string) MaxLength(200), 2], [Property: OperationClaim.Name (string) Required Index MaxLength(50), 3] }
        SELECT TOP(1) o.Id, o.CreatedDate, o.Description, o.Name
        FROM OperationClaims AS o
        WHERE o.Name == @__name_0), 
    null, 
    Func<QueryContext, DbDataReader, ResultContext, SingleQueryResultCoordinator, OperationClaim>, 
    AuthService.DataAccess.Concrete.EntityFramework.AuthDbContext, 
    False, 
    False, 
    True
)
    .SingleOrDefault()'
2025-12-16 20:35:00.205 +03:00 [DBG] Opening connection to database 'AuthServiceDb_Dev' on server 'tcp://localhost:5432'.
2025-12-16 20:35:00.206 +03:00 [DBG] Opened connection to database 'AuthServiceDb_Dev' on server 'tcp://localhost:5432'.
2025-12-16 20:35:00.207 +03:00 [DBG] Creating DbCommand for 'ExecuteReader'.
2025-12-16 20:35:00.208 +03:00 [DBG] Created DbCommand for 'ExecuteReader' (0ms).
2025-12-16 20:35:00.209 +03:00 [DBG] Initialized DbCommand for 'ExecuteReader' (1ms).
2025-12-16 20:35:00.210 +03:00 [DBG] Executing DbCommand [Parameters=[@__name_0='?'], CommandType='"Text"', CommandTimeout='30']
SELECT o."Id", o."CreatedDate", o."Description", o."Name"
FROM "OperationClaims" AS o
WHERE o."Name" = @__name_0
LIMIT 1
2025-12-16 20:35:00.212 +03:00 [INF] Executed DbCommand (3ms) [Parameters=[@__name_0='?'], CommandType='"Text"', CommandTimeout='30']
SELECT o."Id", o."CreatedDate", o."Description", o."Name"
FROM "OperationClaims" AS o
WHERE o."Name" = @__name_0
LIMIT 1
2025-12-16 20:35:00.220 +03:00 [DBG] Context 'AuthDbContext' started tracking 'OperationClaim' entity. Consider using 'DbContextOptionsBuilder.EnableSensitiveDataLogging' to see key values.
2025-12-16 20:35:00.225 +03:00 [DBG] Closing data reader to 'AuthServiceDb_Dev' on server 'tcp://localhost:5432'.
2025-12-16 20:35:00.226 +03:00 [DBG] A data reader for 'AuthServiceDb_Dev' on server 'tcp://localhost:5432' is being disposed after spending 12ms reading results.
2025-12-16 20:35:00.227 +03:00 [DBG] Closing connection to database 'AuthServiceDb_Dev' on server 'tcp://localhost:5432'.
2025-12-16 20:35:00.228 +03:00 [DBG] Closed connection to database 'AuthServiceDb_Dev' on server 'tcp://localhost:5432' (0ms).
2025-12-16 20:35:00.231 +03:00 [DBG] 'AuthDbContext' generated a temporary value for the property 'UserOperationClaim.Id'. Consider using 'DbContextOptionsBuilder.EnableSensitiveDataLogging' to see key values.
2025-12-16 20:35:00.238 +03:00 [DBG] The navigation 'UserOperationClaim.OperationClaim' was detected as changed. Consider using 'DbContextOptionsBuilder.EnableSensitiveDataLogging' to see key values.
2025-12-16 20:35:00.246 +03:00 [DBG] The navigation 'UserOperationClaim.User' was detected as changed. Consider using 'DbContextOptionsBuilder.EnableSensitiveDataLogging' to see key values.
2025-12-16 20:35:00.249 +03:00 [DBG] Context 'AuthDbContext' started tracking 'UserOperationClaim' entity. Consider using 'DbContextOptionsBuilder.EnableSensitiveDataLogging' to see key values.
2025-12-16 20:35:00.250 +03:00 [DBG] SaveChanges starting for 'AuthDbContext'.
2025-12-16 20:35:00.251 +03:00 [DBG] DetectChanges starting for 'AuthDbContext'.
2025-12-16 20:35:00.256 +03:00 [DBG] DetectChanges completed for 'AuthDbContext'.
2025-12-16 20:35:00.258 +03:00 [DBG] Opening connection to database 'AuthServiceDb_Dev' on server 'tcp://localhost:5432'.
2025-12-16 20:35:00.259 +03:00 [DBG] Opened connection to database 'AuthServiceDb_Dev' on server 'tcp://localhost:5432'.
2025-12-16 20:35:00.260 +03:00 [DBG] Creating DbCommand for 'ExecuteReader'.
2025-12-16 20:35:00.261 +03:00 [DBG] Created DbCommand for 'ExecuteReader' (0ms).
2025-12-16 20:35:00.262 +03:00 [DBG] Initialized DbCommand for 'ExecuteReader' (1ms).
2025-12-16 20:35:00.263 +03:00 [DBG] Executing DbCommand [Parameters=[@p0='?' (DbType = DateTime), @p1='?' (DbType = Int32), @p2='?' (DbType = Int32)], CommandType='"Text"', CommandTimeout='30']
INSERT INTO "UserOperationClaims" ("CreatedDate", "OperationClaimId", "UserId")
VALUES (@p0, @p1, @p2)
RETURNING "Id";
2025-12-16 20:35:00.266 +03:00 [INF] Executed DbCommand (3ms) [Parameters=[@p0='?' (DbType = DateTime), @p1='?' (DbType = Int32), @p2='?' (DbType = Int32)], CommandType='"Text"', CommandTimeout='30']
INSERT INTO "UserOperationClaims" ("CreatedDate", "OperationClaimId", "UserId")
VALUES (@p0, @p1, @p2)
RETURNING "Id";
2025-12-16 20:35:00.268 +03:00 [DBG] The foreign key property 'UserOperationClaim.Id' was detected as changed. Consider using 'DbContextOptionsBuilder.EnableSensitiveDataLogging' to see property values.
2025-12-16 20:35:00.270 +03:00 [DBG] Closing data reader to 'AuthServiceDb_Dev' on server 'tcp://localhost:5432'.
2025-12-16 20:35:00.271 +03:00 [DBG] A data reader for 'AuthServiceDb_Dev' on server 'tcp://localhost:5432' is being disposed after spending 3ms reading results.
2025-12-16 20:35:00.272 +03:00 [DBG] Closing connection to database 'AuthServiceDb_Dev' on server 'tcp://localhost:5432'.
2025-12-16 20:35:00.273 +03:00 [DBG] Closed connection to database 'AuthServiceDb_Dev' on server 'tcp://localhost:5432' (0ms).
2025-12-16 20:35:00.274 +03:00 [DBG] An entity of type 'UserOperationClaim' tracked by 'AuthDbContext' changed state from '"Added"' to '"Unchanged"'. Consider using 'DbContextOptionsBuilder.EnableSensitiveDataLogging' to see key values.
2025-12-16 20:35:00.276 +03:00 [DBG] SaveChanges completed for 'AuthDbContext' with 1 entities written to the database.
2025-12-16 20:35:00.281 +03:00 [DBG] Compiling query expression: 
'DbSet<OperationClaim>()
    .Join(
        inner: DbSet<UserOperationClaim>(), 
        outerKeySelector: operationClaim => operationClaim.Id, 
        innerKeySelector: userOperationClaim => userOperationClaim.OperationClaimId, 
        resultSelector: (operationClaim, userOperationClaim) => new { 
            operationClaim = operationClaim, 
            userOperationClaim = userOperationClaim
         })
    .Where(<>h__TransparentIdentifier0 => <>h__TransparentIdentifier0.userOperationClaim.UserId == __user_Id_0)
    .Select(<>h__TransparentIdentifier0 => new OperationClaim{ 
        Id = <>h__TransparentIdentifier0.operationClaim.Id, 
        Name = <>h__TransparentIdentifier0.operationClaim.Name, 
        Description = <>h__TransparentIdentifier0.operationClaim.Description 
    }
    )'
2025-12-16 20:35:00.315 +03:00 [DBG] Generated query execution expression: 
'queryContext => new SingleQueryingEnumerable<OperationClaim>(
    (RelationalQueryContext)queryContext, 
    RelationalCommandCache.QueryExpression(
        Projection Mapping:
            Id -> 0
            Name -> 1
            Description -> 2
        SELECT o.Id, o.Name, o.Description
        FROM OperationClaims AS o
        INNER JOIN UserOperationClaims AS u ON o.Id == u.OperationClaimId
        WHERE u.UserId == @__user_Id_0), 
    null, 
    Func<QueryContext, DbDataReader, ResultContext, SingleQueryResultCoordinator, OperationClaim>, 
    AuthService.DataAccess.Concrete.EntityFramework.AuthDbContext, 
    False, 
    False, 
    True
)'
2025-12-16 20:35:00.317 +03:00 [DBG] Opening connection to database 'AuthServiceDb_Dev' on server 'tcp://localhost:5432'.
2025-12-16 20:35:00.318 +03:00 [DBG] Opened connection to database 'AuthServiceDb_Dev' on server 'tcp://localhost:5432'.
2025-12-16 20:35:00.319 +03:00 [DBG] Creating DbCommand for 'ExecuteReader'.
2025-12-16 20:35:00.320 +03:00 [DBG] Created DbCommand for 'ExecuteReader' (0ms).
2025-12-16 20:35:00.321 +03:00 [DBG] Initialized DbCommand for 'ExecuteReader' (1ms).
2025-12-16 20:35:00.322 +03:00 [DBG] Executing DbCommand [Parameters=[@__user_Id_0='?' (DbType = Int32)], CommandType='"Text"', CommandTimeout='30']
SELECT o."Id", o."Name", o."Description"
FROM "OperationClaims" AS o
INNER JOIN "UserOperationClaims" AS u ON o."Id" = u."OperationClaimId"
WHERE u."UserId" = @__user_Id_0
2025-12-16 20:35:00.325 +03:00 [INF] Executed DbCommand (3ms) [Parameters=[@__user_Id_0='?' (DbType = Int32)], CommandType='"Text"', CommandTimeout='30']
SELECT o."Id", o."Name", o."Description"
FROM "OperationClaims" AS o
INNER JOIN "UserOperationClaims" AS u ON o."Id" = u."OperationClaimId"
WHERE u."UserId" = @__user_Id_0
2025-12-16 20:35:00.326 +03:00 [DBG] Closing data reader to 'AuthServiceDb_Dev' on server 'tcp://localhost:5432'.
2025-12-16 20:35:00.327 +03:00 [DBG] A data reader for 'AuthServiceDb_Dev' on server 'tcp://localhost:5432' is being disposed after spending 0ms reading results.
2025-12-16 20:35:00.328 +03:00 [DBG] Closing connection to database 'AuthServiceDb_Dev' on server 'tcp://localhost:5432'.
2025-12-16 20:35:00.328 +03:00 [DBG] Closed connection to database 'AuthServiceDb_Dev' on server 'tcp://localhost:5432' (0ms).
2025-12-16 20:35:00.355 +03:00 [DBG] The unchanged property 'User.RefreshToken' was detected as changed and will be marked as modified. Consider using 'DbContextOptionsBuilder.EnableSensitiveDataLogging' to see property values.
2025-12-16 20:35:00.357 +03:00 [DBG] An entity of type 'User' tracked by 'AuthDbContext' changed state from '"Unchanged"' to '"Modified"'. Consider using 'DbContextOptionsBuilder.EnableSensitiveDataLogging' to see key values.
2025-12-16 20:35:00.358 +03:00 [DBG] The unchanged property 'User.RefreshTokenExpiration' was detected as changed and will be marked as modified. Consider using 'DbContextOptionsBuilder.EnableSensitiveDataLogging' to see property values.
2025-12-16 20:35:00.359 +03:00 [DBG] SaveChanges starting for 'AuthDbContext'.
2025-12-16 20:35:00.360 +03:00 [DBG] DetectChanges starting for 'AuthDbContext'.
2025-12-16 20:35:00.361 +03:00 [DBG] DetectChanges completed for 'AuthDbContext'.
2025-12-16 20:35:00.371 +03:00 [DBG] Opening connection to database 'AuthServiceDb_Dev' on server 'tcp://localhost:5432'.
2025-12-16 20:35:00.373 +03:00 [DBG] Opened connection to database 'AuthServiceDb_Dev' on server 'tcp://localhost:5432'.
2025-12-16 20:35:00.374 +03:00 [DBG] Creating DbCommand for 'ExecuteReader'.
2025-12-16 20:35:00.375 +03:00 [DBG] Created DbCommand for 'ExecuteReader' (0ms).
2025-12-16 20:35:00.376 +03:00 [DBG] Initialized DbCommand for 'ExecuteReader' (1ms).
2025-12-16 20:35:00.377 +03:00 [DBG] Executing DbCommand [Parameters=[@p15='?' (DbType = Int32), @p0='?' (DbType = DateTime), @p1='?', @p2='?' (DbType = Int32), @p3='?', @p4='?', @p5='?' (DbType = Boolean), @p6='?', @p7='?' (DbType = DateTime), @p8='?' (DbType = Binary), @p9='?' (DbType = Binary), @p10='?', @p11='?', @p12='?' (DbType = DateTime), @p13='?' (DbType = Boolean), @p14='?' (DbType = DateTime)], CommandType='"Text"', CommandTimeout='30']
UPDATE "Users" SET "CreatedDate" = @p0, "Email" = @p1, "FailedLoginAttempts" = @p2, "FirstName" = @p3, "IdentityNumber" = @p4, "IsEmailVerified" = @p5, "LastName" = @p6, "LockoutEndTime" = @p7, "PasswordHash" = @p8, "PasswordSalt" = @p9, "PhoneNumber" = @p10, "RefreshToken" = @p11, "RefreshTokenExpiration" = @p12, "Status" = @p13, "UpdatedDate" = @p14
WHERE "Id" = @p15;
2025-12-16 20:35:00.380 +03:00 [INF] Executed DbCommand (3ms) [Parameters=[@p15='?' (DbType = Int32), @p0='?' (DbType = DateTime), @p1='?', @p2='?' (DbType = Int32), @p3='?', @p4='?', @p5='?' (DbType = Boolean), @p6='?', @p7='?' (DbType = DateTime), @p8='?' (DbType = Binary), @p9='?' (DbType = Binary), @p10='?', @p11='?', @p12='?' (DbType = DateTime), @p13='?' (DbType = Boolean), @p14='?' (DbType = DateTime)], CommandType='"Text"', CommandTimeout='30']
UPDATE "Users" SET "CreatedDate" = @p0, "Email" = @p1, "FailedLoginAttempts" = @p2, "FirstName" = @p3, "IdentityNumber" = @p4, "IsEmailVerified" = @p5, "LastName" = @p6, "LockoutEndTime" = @p7, "PasswordHash" = @p8, "PasswordSalt" = @p9, "PhoneNumber" = @p10, "RefreshToken" = @p11, "RefreshTokenExpiration" = @p12, "Status" = @p13, "UpdatedDate" = @p14
WHERE "Id" = @p15;
2025-12-16 20:35:00.382 +03:00 [DBG] Closing data reader to 'AuthServiceDb_Dev' on server 'tcp://localhost:5432'.
2025-12-16 20:35:00.383 +03:00 [DBG] A data reader for 'AuthServiceDb_Dev' on server 'tcp://localhost:5432' is being disposed after spending 1ms reading results.
2025-12-16 20:35:00.384 +03:00 [DBG] Closing connection to database 'AuthServiceDb_Dev' on server 'tcp://localhost:5432'.
2025-12-16 20:35:00.385 +03:00 [DBG] Closed connection to database 'AuthServiceDb_Dev' on server 'tcp://localhost:5432' (0ms).
2025-12-16 20:35:00.388 +03:00 [DBG] An entity of type 'User' tracked by 'AuthDbContext' changed state from '"Modified"' to '"Unchanged"'. Consider using 'DbContextOptionsBuilder.EnableSensitiveDataLogging' to see key values.
2025-12-16 20:35:00.389 +03:00 [DBG] SaveChanges completed for 'AuthDbContext' with 1 entities written to the database.
2025-12-16 20:35:00.409 +03:00 [INF] Start processing HTTP request POST https://localhost:7296/api/Patients
2025-12-16 20:35:00.412 +03:00 [INF] Sending HTTP request POST https://localhost:7296/api/Patients
2025-12-16 20:35:00.420 +03:00 [DBG] List of registered output formatters, in the following order: ["Microsoft.AspNetCore.Mvc.Formatters.HttpNoContentOutputFormatter","Microsoft.AspNetCore.Mvc.Formatters.StringOutputFormatter","Microsoft.AspNetCore.Mvc.Formatters.StreamOutputFormatter","Microsoft.AspNetCore.Mvc.Formatters.SystemTextJsonOutputFormatter"]
2025-12-16 20:35:00.423 +03:00 [DBG] Attempting to select an output formatter based on Accept header '["application/json"]' and explicitly specified content types '["application/json"]'. The content types in the accept header must be a subset of the explicitly set content types.
2025-12-16 20:35:00.425 +03:00 [DBG] Selected output formatter 'Microsoft.AspNetCore.Mvc.Formatters.SystemTextJsonOutputFormatter' and content type 'application/json' to write the response.
2025-12-16 20:35:00.427 +03:00 [INF] Executing OkObjectResult, writing value of type 'Core.Extensions.ApiResponse`1[[AuthService.Entities.DTOs.TokenDto, AuthService.Entities, Version=1.0.0.0, Culture=neutral, PublicKeyToken=null]]'.
2025-12-16 20:35:00.439 +03:00 [INF] Executed action AuthService.API.Controllers.AuthController.Register (AuthService.API) in 2983.4136ms
2025-12-16 20:35:00.440 +03:00 [INF] Executed endpoint 'AuthService.API.Controllers.AuthController.Register (AuthService.API)'
2025-12-16 20:35:00.444 +03:00 [INF] [User: Anonymous] [IP: ::1] POST /api/Auth/register -> 200
2025-12-16 20:35:00.446 +03:00 [DBG] 'AuthDbContext' disposed.
2025-12-16 20:35:00.449 +03:00 [DBG] Disposing connection to database 'AuthServiceDb_Dev' on server 'tcp://localhost:5432'.
2025-12-16 20:35:00.452 +03:00 [DBG] Disposed connection to database 'AuthServiceDb_Dev' on server 'tcp://localhost:5432' (2ms).
2025-12-16 20:35:00.453 +03:00 [INF] Request finished HTTP/2 POST https://localhost:7001/api/Auth/register - 200 null application/json; charset=utf-8 3115.0599ms
2025-12-16 20:35:10.775 +03:00 [INF] Request starting HTTP/2 POST https://localhost:7001/api/Auth/login - application/json 60
2025-12-16 20:35:10.779 +03:00 [DBG] 1 candidate(s) found for the request path '/api/Auth/login'
2025-12-16 20:35:10.780 +03:00 [DBG] Endpoint 'AuthService.API.Controllers.AuthController.Login (AuthService.API)' with route pattern 'api/Auth/login' is valid for the request path '/api/Auth/login'
2025-12-16 20:35:10.781 +03:00 [DBG] Request matched endpoint 'AuthService.API.Controllers.AuthController.Login (AuthService.API)'
2025-12-16 20:35:10.782 +03:00 [DBG] Static files was skipped as the request already matched an endpoint.
2025-12-16 20:35:10.783 +03:00 [DBG] The request has an origin header: 'https://localhost:7001'.
2025-12-16 20:35:10.783 +03:00 [INF] CORS policy execution successful.
2025-12-16 20:35:10.785 +03:00 [DBG] AuthenticationScheme: Bearer was not authenticated.
2025-12-16 20:35:10.785 +03:00 [INF] Executing endpoint 'AuthService.API.Controllers.AuthController.Login (AuthService.API)'
2025-12-16 20:35:10.788 +03:00 [INF] Route matched with {action = "Login", controller = "Auth"}. Executing controller action with signature Microsoft.AspNetCore.Mvc.IActionResult Login(AuthService.Entities.DTOs.UserForLoginDto) on controller AuthService.API.Controllers.AuthController (AuthService.API).
2025-12-16 20:35:10.790 +03:00 [DBG] Execution plan of authorization filters (in the following order): ["None"]
2025-12-16 20:35:10.791 +03:00 [DBG] Execution plan of resource filters (in the following order): ["None"]
2025-12-16 20:35:10.792 +03:00 [DBG] Execution plan of action filters (in the following order): ["Microsoft.AspNetCore.Mvc.ModelBinding.UnsupportedContentTypeFilter (Order: -3000)","Microsoft.AspNetCore.Mvc.Infrastructure.ModelStateInvalidFilter (Order: -2000)"]
2025-12-16 20:35:10.793 +03:00 [DBG] Execution plan of exception filters (in the following order): ["None"]
2025-12-16 20:35:10.794 +03:00 [DBG] Execution plan of result filters (in the following order): ["Microsoft.AspNetCore.Mvc.Infrastructure.ClientErrorResultFilter (Order: -2000)","Microsoft.AspNetCore.Mvc.ProducesAttribute (Order: 0)"]
2025-12-16 20:35:10.795 +03:00 [DBG] Executing controller factory for controller AuthService.API.Controllers.AuthController (AuthService.API)
2025-12-16 20:35:10.797 +03:00 [DBG] Executed controller factory for controller AuthService.API.Controllers.AuthController (AuthService.API)
2025-12-16 20:35:10.798 +03:00 [DBG] Attempting to bind parameter 'userForLoginDto' of type 'AuthService.Entities.DTOs.UserForLoginDto' ...
2025-12-16 20:35:10.799 +03:00 [DBG] Attempting to bind parameter 'userForLoginDto' of type 'AuthService.Entities.DTOs.UserForLoginDto' using the name '' in request data ...
2025-12-16 20:35:10.800 +03:00 [DBG] Selected input formatter 'Microsoft.AspNetCore.Mvc.Formatters.SystemTextJsonInputFormatter' for content type 'application/json'.
2025-12-16 20:35:10.802 +03:00 [DBG] Connection id "0HNHSP5HJFTP3", Request id "0HNHSP5HJFTP3:0000000D": started reading request body.
2025-12-16 20:35:10.802 +03:00 [DBG] Connection id "0HNHSP5HJFTP3", Request id "0HNHSP5HJFTP3:0000000D": done reading request body.
2025-12-16 20:35:10.804 +03:00 [DBG] JSON input formatter succeeded, deserializing to type 'AuthService.Entities.DTOs.UserForLoginDto'
2025-12-16 20:35:10.805 +03:00 [DBG] Done attempting to bind parameter 'userForLoginDto' of type 'AuthService.Entities.DTOs.UserForLoginDto'.
2025-12-16 20:35:10.806 +03:00 [DBG] Done attempting to bind parameter 'userForLoginDto' of type 'AuthService.Entities.DTOs.UserForLoginDto'.
2025-12-16 20:35:10.806 +03:00 [DBG] Attempting to validate the bound parameter 'userForLoginDto' of type 'AuthService.Entities.DTOs.UserForLoginDto' ...
2025-12-16 20:35:10.810 +03:00 [DBG] Done attempting to validate the bound parameter 'userForLoginDto' of type 'AuthService.Entities.DTOs.UserForLoginDto'.
2025-12-16 20:35:10.846 +03:00 [DBG] Entity Framework Core 8.0.17 initialized 'AuthDbContext' using provider 'Npgsql.EntityFrameworkCore.PostgreSQL:8.0.10+18d07c54eacaffa5bf8128d47eecdb5255d86376' with options: None
2025-12-16 20:35:10.850 +03:00 [DBG] Creating DbConnection.
2025-12-16 20:35:10.850 +03:00 [DBG] Created DbConnection. (0ms).
2025-12-16 20:35:10.851 +03:00 [DBG] Opening connection to database 'AuthServiceDb_Dev' on server 'tcp://localhost:5432'.
2025-12-16 20:35:10.852 +03:00 [DBG] Opened connection to database 'AuthServiceDb_Dev' on server 'tcp://localhost:5432'.
2025-12-16 20:35:10.853 +03:00 [DBG] Creating DbCommand for 'ExecuteReader'.
2025-12-16 20:35:10.854 +03:00 [DBG] Created DbCommand for 'ExecuteReader' (0ms).
2025-12-16 20:35:10.854 +03:00 [DBG] Initialized DbCommand for 'ExecuteReader' (1ms).
2025-12-16 20:35:10.855 +03:00 [DBG] Executing DbCommand [Parameters=[@__email_0='?'], CommandType='"Text"', CommandTimeout='30']
SELECT u."Id", u."CreatedDate", u."Email", u."FailedLoginAttempts", u."FirstName", u."IdentityNumber", u."IsEmailVerified", u."LastName", u."LockoutEndTime", u."PasswordHash", u."PasswordSalt", u."PhoneNumber", u."RefreshToken", u."RefreshTokenExpiration", u."Status", u."UpdatedDate"
FROM "Users" AS u
WHERE u."Email" = @__email_0
LIMIT 1
2025-12-16 20:35:10.857 +03:00 [INF] Executed DbCommand (2ms) [Parameters=[@__email_0='?'], CommandType='"Text"', CommandTimeout='30']
SELECT u."Id", u."CreatedDate", u."Email", u."FailedLoginAttempts", u."FirstName", u."IdentityNumber", u."IsEmailVerified", u."LastName", u."LockoutEndTime", u."PasswordHash", u."PasswordSalt", u."PhoneNumber", u."RefreshToken", u."RefreshTokenExpiration", u."Status", u."UpdatedDate"
FROM "Users" AS u
WHERE u."Email" = @__email_0
LIMIT 1
2025-12-16 20:35:10.860 +03:00 [DBG] Context 'AuthDbContext' started tracking 'User' entity. Consider using 'DbContextOptionsBuilder.EnableSensitiveDataLogging' to see key values.
2025-12-16 20:35:10.861 +03:00 [DBG] Closing data reader to 'AuthServiceDb_Dev' on server 'tcp://localhost:5432'.
2025-12-16 20:35:10.862 +03:00 [DBG] A data reader for 'AuthServiceDb_Dev' on server 'tcp://localhost:5432' is being disposed after spending 3ms reading results.
2025-12-16 20:35:10.863 +03:00 [DBG] Closing connection to database 'AuthServiceDb_Dev' on server 'tcp://localhost:5432'.
2025-12-16 20:35:10.864 +03:00 [DBG] Closed connection to database 'AuthServiceDb_Dev' on server 'tcp://localhost:5432' (0ms).
2025-12-16 20:35:10.868 +03:00 [DBG] Opening connection to database 'AuthServiceDb_Dev' on server 'tcp://localhost:5432'.
2025-12-16 20:35:10.869 +03:00 [DBG] Opened connection to database 'AuthServiceDb_Dev' on server 'tcp://localhost:5432'.
2025-12-16 20:35:10.870 +03:00 [DBG] Creating DbCommand for 'ExecuteReader'.
2025-12-16 20:35:10.871 +03:00 [DBG] Created DbCommand for 'ExecuteReader' (0ms).
2025-12-16 20:35:10.872 +03:00 [DBG] Initialized DbCommand for 'ExecuteReader' (1ms).
2025-12-16 20:35:10.873 +03:00 [DBG] Executing DbCommand [Parameters=[@__user_Id_0='?' (DbType = Int32)], CommandType='"Text"', CommandTimeout='30']
SELECT o."Id", o."Name", o."Description"
FROM "OperationClaims" AS o
INNER JOIN "UserOperationClaims" AS u ON o."Id" = u."OperationClaimId"
WHERE u."UserId" = @__user_Id_0
2025-12-16 20:35:10.875 +03:00 [INF] Executed DbCommand (2ms) [Parameters=[@__user_Id_0='?' (DbType = Int32)], CommandType='"Text"', CommandTimeout='30']
SELECT o."Id", o."Name", o."Description"
FROM "OperationClaims" AS o
INNER JOIN "UserOperationClaims" AS u ON o."Id" = u."OperationClaimId"
WHERE u."UserId" = @__user_Id_0
2025-12-16 20:35:10.876 +03:00 [DBG] Closing data reader to 'AuthServiceDb_Dev' on server 'tcp://localhost:5432'.
2025-12-16 20:35:10.877 +03:00 [DBG] A data reader for 'AuthServiceDb_Dev' on server 'tcp://localhost:5432' is being disposed after spending 0ms reading results.
2025-12-16 20:35:10.878 +03:00 [DBG] Closing connection to database 'AuthServiceDb_Dev' on server 'tcp://localhost:5432'.
2025-12-16 20:35:10.879 +03:00 [DBG] Closed connection to database 'AuthServiceDb_Dev' on server 'tcp://localhost:5432' (0ms).
2025-12-16 20:35:10.882 +03:00 [DBG] The unchanged property 'User.RefreshToken' was detected as changed and will be marked as modified. Consider using 'DbContextOptionsBuilder.EnableSensitiveDataLogging' to see property values.
2025-12-16 20:35:10.883 +03:00 [DBG] An entity of type 'User' tracked by 'AuthDbContext' changed state from '"Unchanged"' to '"Modified"'. Consider using 'DbContextOptionsBuilder.EnableSensitiveDataLogging' to see key values.
2025-12-16 20:35:10.886 +03:00 [DBG] The unchanged property 'User.RefreshTokenExpiration' was detected as changed and will be marked as modified. Consider using 'DbContextOptionsBuilder.EnableSensitiveDataLogging' to see property values.
2025-12-16 20:35:10.887 +03:00 [DBG] The unchanged property 'User.UpdatedDate' was detected as changed and will be marked as modified. Consider using 'DbContextOptionsBuilder.EnableSensitiveDataLogging' to see property values.
2025-12-16 20:35:10.889 +03:00 [DBG] SaveChanges starting for 'AuthDbContext'.
2025-12-16 20:35:10.890 +03:00 [DBG] DetectChanges starting for 'AuthDbContext'.
2025-12-16 20:35:10.891 +03:00 [DBG] DetectChanges completed for 'AuthDbContext'.
2025-12-16 20:35:10.892 +03:00 [DBG] Opening connection to database 'AuthServiceDb_Dev' on server 'tcp://localhost:5432'.
2025-12-16 20:35:10.893 +03:00 [DBG] Opened connection to database 'AuthServiceDb_Dev' on server 'tcp://localhost:5432'.
2025-12-16 20:35:10.894 +03:00 [DBG] Creating DbCommand for 'ExecuteReader'.
2025-12-16 20:35:10.895 +03:00 [DBG] Created DbCommand for 'ExecuteReader' (1ms).
2025-12-16 20:35:10.897 +03:00 [DBG] Initialized DbCommand for 'ExecuteReader' (2ms).
2025-12-16 20:35:10.898 +03:00 [DBG] Executing DbCommand [Parameters=[@p15='?' (DbType = Int32), @p0='?' (DbType = DateTime), @p1='?', @p2='?' (DbType = Int32), @p3='?', @p4='?', @p5='?' (DbType = Boolean), @p6='?', @p7='?' (DbType = DateTime), @p8='?' (DbType = Binary), @p9='?' (DbType = Binary), @p10='?', @p11='?', @p12='?' (DbType = DateTime), @p13='?' (DbType = Boolean), @p14='?' (DbType = DateTime)], CommandType='"Text"', CommandTimeout='30']
UPDATE "Users" SET "CreatedDate" = @p0, "Email" = @p1, "FailedLoginAttempts" = @p2, "FirstName" = @p3, "IdentityNumber" = @p4, "IsEmailVerified" = @p5, "LastName" = @p6, "LockoutEndTime" = @p7, "PasswordHash" = @p8, "PasswordSalt" = @p9, "PhoneNumber" = @p10, "RefreshToken" = @p11, "RefreshTokenExpiration" = @p12, "Status" = @p13, "UpdatedDate" = @p14
WHERE "Id" = @p15;
2025-12-16 20:35:10.901 +03:00 [INF] Executed DbCommand (3ms) [Parameters=[@p15='?' (DbType = Int32), @p0='?' (DbType = DateTime), @p1='?', @p2='?' (DbType = Int32), @p3='?', @p4='?', @p5='?' (DbType = Boolean), @p6='?', @p7='?' (DbType = DateTime), @p8='?' (DbType = Binary), @p9='?' (DbType = Binary), @p10='?', @p11='?', @p12='?' (DbType = DateTime), @p13='?' (DbType = Boolean), @p14='?' (DbType = DateTime)], CommandType='"Text"', CommandTimeout='30']
UPDATE "Users" SET "CreatedDate" = @p0, "Email" = @p1, "FailedLoginAttempts" = @p2, "FirstName" = @p3, "IdentityNumber" = @p4, "IsEmailVerified" = @p5, "LastName" = @p6, "LockoutEndTime" = @p7, "PasswordHash" = @p8, "PasswordSalt" = @p9, "PhoneNumber" = @p10, "RefreshToken" = @p11, "RefreshTokenExpiration" = @p12, "Status" = @p13, "UpdatedDate" = @p14
WHERE "Id" = @p15;
2025-12-16 20:35:10.903 +03:00 [DBG] Closing data reader to 'AuthServiceDb_Dev' on server 'tcp://localhost:5432'.
2025-12-16 20:35:10.904 +03:00 [DBG] A data reader for 'AuthServiceDb_Dev' on server 'tcp://localhost:5432' is being disposed after spending 1ms reading results.
2025-12-16 20:35:10.905 +03:00 [DBG] Closing connection to database 'AuthServiceDb_Dev' on server 'tcp://localhost:5432'.
2025-12-16 20:35:10.906 +03:00 [DBG] Closed connection to database 'AuthServiceDb_Dev' on server 'tcp://localhost:5432' (1ms).
2025-12-16 20:35:10.907 +03:00 [DBG] An entity of type 'User' tracked by 'AuthDbContext' changed state from '"Modified"' to '"Unchanged"'. Consider using 'DbContextOptionsBuilder.EnableSensitiveDataLogging' to see key values.
2025-12-16 20:35:10.909 +03:00 [DBG] SaveChanges completed for 'AuthDbContext' with 1 entities written to the database.
2025-12-16 20:35:10.911 +03:00 [DBG] List of registered output formatters, in the following order: ["Microsoft.AspNetCore.Mvc.Formatters.HttpNoContentOutputFormatter","Microsoft.AspNetCore.Mvc.Formatters.StringOutputFormatter","Microsoft.AspNetCore.Mvc.Formatters.StreamOutputFormatter","Microsoft.AspNetCore.Mvc.Formatters.SystemTextJsonOutputFormatter"]
2025-12-16 20:35:10.913 +03:00 [DBG] Attempting to select an output formatter based on Accept header '["application/json"]' and explicitly specified content types '["application/json"]'. The content types in the accept header must be a subset of the explicitly set content types.
2025-12-16 20:35:10.915 +03:00 [DBG] Selected output formatter 'Microsoft.AspNetCore.Mvc.Formatters.SystemTextJsonOutputFormatter' and content type 'application/json' to write the response.
2025-12-16 20:35:10.917 +03:00 [INF] Executing OkObjectResult, writing value of type 'Core.Extensions.ApiResponse`1[[AuthService.Entities.DTOs.TokenDto, AuthService.Entities, Version=1.0.0.0, Culture=neutral, PublicKeyToken=null]]'.
2025-12-16 20:35:10.918 +03:00 [INF] Executed action AuthService.API.Controllers.AuthController.Login (AuthService.API) in 123.3584ms
2025-12-16 20:35:10.919 +03:00 [INF] Executed endpoint 'AuthService.API.Controllers.AuthController.Login (AuthService.API)'
2025-12-16 20:35:10.920 +03:00 [INF] [User: Anonymous] [IP: ::1] POST /api/Auth/login -> 200
2025-12-16 20:35:10.921 +03:00 [DBG] 'AuthDbContext' disposed.
2025-12-16 20:35:10.922 +03:00 [DBG] Disposing connection to database 'AuthServiceDb_Dev' on server 'tcp://localhost:5432'.
2025-12-16 20:35:10.924 +03:00 [DBG] Disposed connection to database 'AuthServiceDb_Dev' on server 'tcp://localhost:5432' (1ms).
2025-12-16 20:35:10.925 +03:00 [INF] Request finished HTTP/2 POST https://localhost:7001/api/Auth/login - 200 null application/json; charset=utf-8 150.4108ms
